hi,1113
understand,5045
trying,1176
choose,1893
movie,3674
high,5402
school,5629
seniors,14558
good,853
see,6276
absolutely,1106
think,11352
vital,2308
select,230
film,11164
resonates,2127
offers,4031
valuable,2172
insights,2089
appreciate,9974
artistic,73
merit,834
firmly,2020
believe,12586
better,1164
choice,4477
compelling,1241
reasons,315
first,561
presents,1936
unique,2196
opportunity,3777
us,2111
engage,4753
students,24451
meaningful,3771
conversations,4418
identity,6067
self,7138
image,189
societal,3990
expectations,2054
faced,498
young,2747
people,616
today,1903
meant,56
children,35
tackles,371
real,1409
world,7425
issues,2395
light,1564
hearted,926
entertaining,802
moreover,1487
embraces,119
creativity,3742
individuality,2097
crucial,3427
prepare,3716
step,2160
beyond,1245
encourages,2898
critically,1852
lives,5031
roles,1957
play,177
society,1665
something,1933
they’ll,318
heavy,1824
themes,13331
explored,183
thoughts,3574
viewpoint,498
must,1085
advocate,1190
take,1670
delves,658
deeply,1972
influential,19
historical,6844
events,1058
shaped,286
someone,324
spent,131
years,568
military,178
profound,2716
respect,3479
history,3676
essential,3279
expose,70
narratives,1337
define,109
society's,25
fabric,39
story,636
father,68
atomic,671
bomb,615
moral,4311
ethical,4062
examination,99
power,758
responsibility,5206
consequences,2915
scientific,1423
discovery,2251
provides,2397
complex,2395
encouraging,1394
ramifications,331
choices,3804
applies,7
inch,2
closer,65
toward,893
adulthood,4691
additionally,553
film's,595
direction,374
performances,75
top,23
notch,5
making,2550
cinematic,282
experience,8181
will,7094
forget,215
allows,1295
discussions,10590
ambition,531
sacrifice,56
balance,2000
innovation,1207
ethics,2429
value,4675
introducing,192
thought,1964
provoking,1038
material,382
hear,1895
arguments,701
depth,2646
help,1658
feel,5884
brink,538
adult,362
life,3045
need,2460
films,4636
relatable,2376
empower,711
rather,1154
bear,49
weight,3143
quandaries,71
might,5576
distant,44
overwhelming,374
serve,1888
bridge,674
reflect,2247
explore,2886
way,8229
weighed,118
burden,184
consequence,227
every,307
generation,496
needs,405
metaphorical,3
reminder,279
carve,84
paths,897
embodies,416
sense,2050
potential,2485
versus,92
often,1173
grim,6
lessons,4549
furthermore,427
truly,3654
importance,4298
pivotal,1581
deep,1321
ones,81
always,390
serious,2102
it’s,4330
joy,3516
laughter,569
ensure,1602
authentically,32
environment,1511
perhaps,4000
weave,113
contexts,223
relevant,1825
perspectives,1770
effort,130
find,3350
common,1367
ground,1903
perspective,3830
certainly,2590
critical,6516
offer,1314
well,2773
rounded,588
still,7620
several,114
merits,1375
addressing,720
current,1090
social,590
lens,737
examine,101
past,980
impact,3357
present,2163
invites,720
dilemmas,2346
curiosities,2
understanding,4259
contemporary,550
conflict,62
may,4293
encounter,618
future,4104
leaders,574
faces,49
challenges,3210
recognizing,225
equip,495
insight,302
navigate,1547
complexities,4095
shy,214
away,710
difficult,511
subjects,391
embrace,1355
foster,2151
growth,2106
resilience,611
drawn,89
dramatic,32
storytelling,688
characters,336
presented,1237
ignite,374
interest,284
inspire,2728
i’m,2527
genuinely,2486
open,3881
idea,2211
finding,871
complement,195
learning,855
materials,101
gap,212
terms,511
relevance,671
listen,150
weaving,70
educational,2329
elements,1282
you’re,651
coming,981
emphasis,391
significance,1591
strongly,2133
vastly,11
different,1439
equally,1150
important,5539
remember,291
juncture,345
they’re,320
looking,1000
inspiration,874
guidance,25
chance,914
amidst,98
pressures,899
opens,364
avenues,135
expression,614
uniqueness,201
challenge,1088
conventional,41
norms,937
spark,1533
around,3005
context,2699
benefit,957
empowerment,6540
acceptance,1914
collaboration,504
heart,469
want,3126
relate,489
stories,207
holds,404
effectively,585
incorporate,880
year,312
dedicate,11
time,2392
discuss,1053
values,688
broader,928
approach,3962
raise,314
excellent,464
points,2529
clear,1412
passionate,558
providing,1316
positive,1711
messages,1735
convictions,97
remain,972
stronger,136
deal,31
significant,2898
arise,313
likely,251
projects,120
reality,332
adults,1809
decisions,2395
implications,2348
particularly,817
unpredictable,15
futures,2238
relatability,1192
cinema,82
realism,7
appreciation,90
shapes,161
landscape,222
deeper,2797
reflections,760
lesson,532
leader,15
committed,308
stance,410
hybrid,157
express,562
rooted,161
hard,185
strike,240
one,1527
fruitful,142
there’s,714
even,1482
host,108
discussion,6104
session,247
post,572
viewing,818
movies,507
balanced,360
dialogue,3074
willingness,2049
bring,887
strong,1144
table,417
regarding,1171
examining,86
responsibilities,1685
recognize,1526
said,2079
belief,1230
vehicle,91
stands,295
firm,765
entering,276
voices,230
look,1331
compromise,1894
honors,271
respects,131
differing,224
views,378
instance,131
mini,8
series,186
leading,276
screening,1189
key,413
questions,1351
create,3352
coexist,140
span,6
reflection,2360
navigating,789
acknowledging,212
resonate,3995
dual,449
work,731
path,398
forward,3527
position,327
pre,75
program,90
creating,1471
two,595
innovative,89
tackle,315
complexity,617
go,890
route,70
highlight,640
surrounding,789
discussing,1109
shape,1106
youth's,11
experiences,2432
grounding,71
come,1752
singular,55
stimulating,108
undoubtedly,947
face,2925
transition,1898
provide,3114
enjoyment,499
foundation,410
actions,1913
inclined,244
following,359
explorations,33
related,189
eager,362
willing,1553
build,137
insightful,202
conversation,2966
squarely,3
favor,222
message,1054
represented,79
teenagers,104
seek,135
stage,1333
tool,141
greatly,213
discussed,123
set,555
tone,547
remains,466
engaging,4999
selecting,205
allowing,1436
rich,769
addresses,642
make,3406
featured,57
incorporating,554
takeaways,77
best,2384
worlds,171
ensuring,1424
leave,1667
remarkable,93
put,354
considerable,25
decision,3779
enthusiasm,763
fostering,1983
commendable,739
given,757
today's,917
youth,1069
stand,1258
possesses,28
confront,755
outside,199
one's,687
historically,68
filled,771
challenging,792
nature,704
embodied,18
group,908
point,1514
draw,368
strength,84
sound,321
reach,806
consensus,633
feelings,237
respective,71
maybe,444
now,1962
another,289
arises,7
integration,13
agree,1718
openness,562
reached,574
stalemate,47
connect,1297
encourage,1695
offered,121
consider,4639
seems,514
that’s,465
perfectly,136
understandable,6
continue,702
lead,1724
avenue,128
exploring,884
support,702
thank,2771
enlightening,180
enriching,1013
share,740
opinions,414
don’t,234
eye,195
hope,1686
whatever,276
made,817
ultimately,2034
care,600
evening,319
yes,656
thinking,3169
lot,310
jump,10
let,413
dolls,25
vibrant,1201
exploration,1704
today’s,381
many,963
levels,165
seeking,112
place,643
seen,492
humor,986
unite,41
community,963
enhance,350
assembly,3046
imagination,390
qualities,349
academic,189
achievements,621
nurture,48
army,641
invaluable,731
extend,169
entertainment,1845
explores,265
journey,1026
j,416
robert,423
merely,209
move,1062
patriotism,4
technology,353
topics,1422
incredibly,923
enter,640
larger,307
appeal,589
heartedness,166
richness,72
educate,122
next,1277
chapter,579
i’d,713
love,899
mindset,206
sometimes,458
seriousness,286
refreshing,324
break,188
intensity,99
imparting,116
confidence,878
beauty,98
lies,360
approachability,18
fun,2410
freely,75
striking,110
education,610
desire,697
students’,442
emotional,1303
feels,767
right,1848
middle,516
show,639
hold,866
afterward,1061
personal,3429
we’d,32
argument,398
completely,499
content,544
particular,561
moment,1954
stir,16
genuine,123
among,1806
prompting,155
question,147
threshold,52
beneficial,369
helps,145
worldview,61
prepares,383
promote,289
engagement,2605
invitation,41
grapple,757
eventually,26
confronting,267
realities,1009
lasting,1282
deserves,191
defense,53
you’ve,277
initiate,82
space,572
combines,120
fosters,612
delivers,203
messaging,66
accessible,1025
immense,267
expectation,10
albeit,254
manner,906
without,1533
heaviness,331
carries,375
risk,238
uplifting,2387
dismissing,95
overlooking,28
much,896
positively,303
affect,137
morale,30
cusp,195
spirit,1299
let’s,2623
try,19
enjoy,385
robust,180
inspired,870
independently,5
great,1148
introduction,74
considering,949
commitment,1923
especially,2842
immediate,485
state,66
maintain,588
preparing,989
showing,1083
motivate,117
woven,42
ability,524
elevate,95
scheduling,55
follow,1376
comfortable,191
sharing,228
really,743
supportive,217
heavier,616
conviction,433
keep,719
thoughtful,2186
invested,102
maturity,108
calls,48
selection,359
balances,131
beautifully,255
lack,63
setting,432
lively,247
conducive,28
relax,24
enjoyable,565
easier,58
potentially,416
opening,118
door,221
later,521
emerge,126
energized,28
realizing,14
fuel,24
possibility,407
blending,283
visions,81
atmosphere,1569
sessions,93
pace,12
pathways,43
we’re,586
aiming,120
success,124
thoughtfulness,141
advocating,514
connection,1281
suggest,246
tempting,3
necessity,85
promotes,452
backdrop,100
view,432
graduate,143
engages,260
lighter,1193
note,38
facilitate,565
introspective,47
true,345
occurs,5
uphold,24
inspires,424
tough,266
directly,448
going,294
resolute,22
together,1861
unwavering,212
presenting,807
articulated,176
facing,515
intentions,47
speaks,602
underestimated,43
blend,508
worth,777
less,148
daunting,157
shared,477
peers,224
respite,16
greater,259
honor,254
notion,235
invite,259
affirming,18
safe,92
equipped,198
handle,59
clarity,92
mission,36
pursue,166
sway,132
acknowledge,633
hearing,700
additional,268
passionately,104
situation,44
fantastic,303
final,641
deny,28
building,121
aspects,1092
seize,10
upon,217
intellectual,457
stimulates,49
far,537
pushes,104
highly,63
comforts,2
moments,503
concern,465
introspection,433
soon,621
require,221
entertained,123
ideas,1118
positivity,761
serves,1006
mature,59
patience,16
throughout,294
dedicated,94
thoroughly,89
convinced,557
uplift,413
interests,638
fit,177
topic,217
grateful,146
passion,1636
aim,334
finalize,659
productive,433
development,752
although,80
behind,468
opened,6
consideration,243
address,472
kids,225
ways,1307
possible,246
conclude,166
mind,306
steps,266
quite,417
lean,638
towards,956
fresh,196
younger,150
conveys,103
plus,564
sparks,318
creative,618
imaginative,194
mentioned,193
service,61
leadership,596
imparts,66
morality,634
technological,209
advancement,396
human,913
pertinent,137
shaping,647
oppenheimer's,182
exposure,79
enrich,491
brings,984
compared,103
fully,515
argue,615
underestimate,134
gender,914
cultural,421
addressed,34
currently,54
breaking,259
aligns,808
kind,715
empowers,250
identities,1767
modern,444
empathy,71
entertains,233
enriches,78
stepping,516
case,470
study,31
advancements,453
issue,37
global,220
exposing,267
nuanced,218
able,222
environmental,10
stewardship,1
conflicts,25
prompts,273
accountability,554
guide,377
profoundly,316
long,658
term,243
powerful,990
freedom,74
circumstances,32
playful,183
yet,1030
pursuit,101
dreams,453
ulcimately,1
age,385
multifaceted,159
oftentimes,6
challenged,43
models,12
innovations,41
graduation,885
equipping,271
confidently,65
audiences,84
raised,222
valid,813
intricate,87
relationship,13
achievement,94
brimming,4
polarizing,1
central,50
can’t,171
choosing,856
entertain,335
provoke,605
agency,207
endeavors,182
telling,8
comes,804
molding,13
minds,448
tell,93
diverse,438
narrative,2134
stereotypes,349
platform,456
live,168
weigh,314
heavily,166
gives,191
tools,310
carefully,25
assess,38
daily,102
dialogues,408
expressions,17
femininity,24
align,304
pressing,116
grappling,728
empowering,887
new,337
advocacy,145
authentic,62
emphasize,644
instills,66
awareness,589
science,577
inform,104
accelerating,1
breakneck,1
considerations,554
decide,220
ask,217
educating,57
celebrating,827
brought,141
appreciating,35
teaching,151
undeniably,345
captured,12
rapidly,215
changing,219
aspire,65
reaching,245
effects,110
esteem,56
interpersonal,4
relationships,78
alongside,544
strikes,116
tomorrow,42
supplement,28
compromises,62
allow,866
supplementing,9
sounds,362
interesting,138
assert,34
core,167
rests,10
primary,589
weighty,634
portrait,5
doesn’t,208
limit,9
breadth,8
sets,96
foundational,111
framework,409
thoughtfully,208
legacies,34
influence,208
overlook,283
individuals,555
dedication,824
aspect,483
namely,3
wonder,165
hosting,135
panel,337
seminar,11
connects,202
including,232
tensions,5
ears,57
bridging,79
adds,44
layer,43
prioritize,390
main,276
gravity,521
piece,148
built,31
reverberate,10
richer,271
interested,209
giving,370
spotlight,80
touch,358
enhancing,77
taking,137
optimal,5
option,285
opinion,199
embark,612
inclination,91
stems,53
leads,138
sidelining,7
altogether,10
catalyst,356
flexibility,133
solution,267
strengths,396
spirited,140
highlighting,220
focus,1343
moving,493
entirely,86
supporting,176
working,340
efforts,110
collaborating,261
initiatives,54
keen,143
know,606
buzz,13
brilliant,93
tale,80
placed,49
women,75
inviting,314
everyone,619
hand,397
worry,1012
former,445
colonel,458
valued,45
learned,250
groundbreaking,34
comprehensive,222
raises,243
humanity,276
touches,192
stimulate,215
character,191
cinematography,48
captivating,67
teaches,121
impart,160
screen,211
plays,60
role,405
venture,130
illustrates,62
overcome,4
limitations,32
seem,213
everyday,79
back,386
morals,8
discover,23
win,93
round,10
matter,686
ahead,1114
situations,124
monumental,132
develop,171
teach,98
communities,52
discounting,7
highlighted,143
fear,582
overshadow,383
viewpoints,433
complements,54
necessary,459
skills,350
activities,879
night,56
drawing,147
parallels,220
apparent,17
springboard,188
connected,158
impacts,238
suggestion,349
steadfast,493
specific,398
event,1511
integrate,276
attempting,11
merge,107
dilute,148
replicate,5
major,26
uncomfortable,66
truths,181
ponder,131
progress,315
rife,23
wholeheartedly,247
takeaway,67
thinkers,117
stakes,99
sincerely,201
articulate,113
forms,57
entry,149
depicted,123
journeys,687
envision,363
limited,27
traditional,194
indispensable,27
facilitation,6
become,319
satisfy,76
continued,123
accessibility,201
indeed,1595
dichotomy,4
principles,39
encapsulates,292
notions,45
knowledge,512
sentiment,106
steadfastly,4
agreement,253
welcome,86
last,163
proceed,275
bit,296
impasse,290
we’ve,426
contrasting,30
wanting,217
full,149
powerfully,75
represents,174
takes,64
account,74
overlooked,201
ready,453
unable,41
inability,1
appreciated,36
nuances,110
extensively,6
based,201
derived,28
involved,215
frame,588
reference,12
proposal,676
reevaluation,1
reasoning,166
involvement,25
priorities,35
differ,59
i’ll,208
inspiring,499
carry,706
wrap,164
seeing,673
standstill,28
preferences,211
concerning,50
meeting,553
forefront,138
trust,104
chosen,242
brighter,25
glad,840
various,284
experienced,36
war,219
portrayed,93
uncertainty,85
features,17
exceptional,71
scientists,44
level,1298
goes,167
student,365
celebrates,340
voice,183
equality,92
visuals,192
end,468
day,475
laden,23
curious,146
integrating,307
definitely,363
repercussions,139
mean,62
excitement,396
becoming,80
informed,509
citizens,292
makers,45
constructive,499
unfolding,5
approaching,97
firstly,138
inclusivity,122
known,8
utilize,48
grasp,157
alienating,50
vibrancy,121
subject,290
disengagement,35
resulting,5
impactful,1488
exceed,2
enjoying,140
using,355
framing,310
pieces,8
supplemental,58
analysis,59
intriguing,216
structured,207
workshop,131
draws,50
focusing,485
subtly,22
format,265
initially,51
cater,158
body,85
give,426
gateway,74
followed,216
colorful,504
seamlessly,39
plan,976
cover,72
broad,37
spectrum,52
propose,567
rest,406
pta,600
thinks,48
collaborative,473
memorable,1076
cohesive,44
showcase,192
benefits,529
unified,32
vision,261
emphasizing,339
1,86
sure,375
captivate,116
attentive,1
2,86
3,83
combined,185
accommodates,8
within,670
whether,345
4,65
5,40
communicate,71
proposed,58
gain,141
initiative,44
add,117
anything,107
essence,415
adding,37
here’s,123
factor,109
occasion,623
interaction,21
opportunities,406
socialize,1
watching,275
means,293
art,110
writing,12
performance,8
presentation,201
shows,173
front,52
board,192
enhances,26
reflects,567
whole,77
outline,211
clearly,148
tied,104
strategically,5
dynamic,118
precedent,12
rally,35
optimistic,197
secure,9
gather,323
exciting,93
notes,14
solid,340
responds,10
agreed,14
bringing,247
confident,377
head,314
purpose,411
entrepreneur,111
prompted,60
reflecting,270
wartime,44
wield,13
forces,37
tomorrow's,3
showcases,212
deepen,51
form,131
urge,225
contains,17
constantly,57
bombarded,35
appearance,3
career,42
free,142
wider,146
audience,603
feminism,80
diversity,203
authenticity,148
inclusion,33
impression,345
concepts,270
others,374
weapon,4
mass,1
destruction,44
leaving,180
inherit,47
say,428
concerns,389
taps,76
transformative,290
speak,84
aspirations,1047
precisely,37
reminding,44
teens,72
makes,220
wouldn’t,92
dismiss,100
outright,6
organizing,122
activity,134
centered,111
experiencing,106
sciences,5
justice,22
illuminate,51
urging,44
defining,58
intricacies,94
evokes,25
staunchly,8
least,55
doubt,159
appropriate,74
developed,13
solely,252
prioritizing,270
connecting,247
viewer,7
innovators,63
link,25
individual,403
change,206
champions,50
formative,299
philosophical,72
difficulties,7
learn,334
admire,489
emotion,17
embody,33
launchpad,34
formation,19
ownership,42
members,298
despite,150
diverging,7
healthy,43
debate,128
delivering,125
cultivating,58
mode,1
uncertain,46
approached,40
dig,29
connections,410
wish,234
convey,130
commend,198
areas,46
found,509
perception,49
embracing,502
goal,483
holistically,14
nurturing,163
intelligence,60
result,30
engaged,255
heard,111
complementary,83
pair,59
mark,49
synergy,21
incorporates,116
taken,164
bound,13
suggested,48
whichever,104
hone,7
input,304
paramount,200
fulfilling,35
meets,68
lived,46
fostered,32
schedule,66
frames,12
possibly,162
earnest,6
contributions,109
perceive,39
arguably,8
transitions,93
coupled,34
worthwhile,63
prefer,100
dive,258
integral,60
upcoming,132
merging,100
exposed,41
admirable,217
creates,276
volumes,50
showcasing,341
promoting,357
diminishing,20
adopt,14
revolve,21
amongst,67
celebrate,970
sacrificing,103
synergize,2
heartfelt,66
shake,185
feeling,999
credits,104
roll,121
backward,1
emphasizes,261
across,92
disciplines,2
big,240
small,68
ripple,54
encouragement,159
prioritized,18
gathering,215
focuses,96
solidify,53
steadfastness,65
emotionally,226
meaningfully,146
appears,53
unlikely,8
force,19
respectful,235
exchange,144
collaborate,396
personally,299
i’ve,133
serving,100
transitioning,154
entrepreneurship,29
leaning,362
figure,122
warfare,110
firsthand,168
sacrifices,14
places,43
pursuing,85
looming,29
history's,50
energize,28
loud,80
appealing,160
things,117
imperative,88
tasked,5
aside,30
tie,162
types,30
approachable,399
complementing,25
struggles,233
evoke,138
skill,68
range,99
initial,63
energy,230
starting,231
captivates,35
hesitant,9
joyfully,22
knowing,63
suitable,106
options,268
concerned,279
miss,168
instead,392
increasingly,251
rapid,40
inevitably,184
debating,9
indefinitely,1
stick,123
cultivate,279
capture,178
forging,33
triumphs,55
matters,136
differences,51
considered,136
special,128
segment,75
floor,109
relating,33
delving,89
goals,204
hopeful,268
highlights,309
suggesting,67
mix,82
reverting,1
kinds,77
near,40
deadline,42
include,262
interactive,193
demonstrated,4
instill,360
line,103
combine,125
similarly,21
forums,27
access,14
overly,53
conclusion,183
along,139
alternative,83
suggestions,170
believing,74
missing,87
cases,25
realize,82
doll,81
caters,56
fundamental,99
cultivates,58
dimensions,97
dives,479
psyche,16
controversial,1
figures,141
blurry,1
lastly,29
craftsmanship,13
behold,1
intense,218
battle,6
hero's,1
actually,96
credit,6
enlighten,23
part,436
educators,106
parents,627
educates,66
socially,37
fall,14
flat,2
sheer,24
memories,259
sparking,305
single,93
purposes,33
pass,10
walk,253
risks,51
oversimplifying,9
anchored,13
mentors,9
faculty,74
shift,45
listening,33
poses,67
reconsider,228
enough,117
begin,100
instilling,181
characteristics,4
lighthearted,556
tries,48
pigeonhole,4
shown,107
rigorous,48
stemming,119
unity,81
indicate,5
cautionary,62
witness,28
pressure,247
intersection,31
await,44
phenomenal,5
paired,63
strive,76
embedded,105
primarily,75
limitless,13
possibilities,144
upbeat,41
surely,59
reflective,305
contextually,1
conclusions,8
room,272
angle,370
belonging,105
incredible,88
one’s,195
isn’t,272
transformed,1
course,134
stark,79
retaining,17
achieve,400
guiding,114
acknowledges,92
resonances,1
nevertheless,62
captures,331
humorous,36
supplementary,135
thereby,28
leaves,134
adjustments,13
workshops,158
candidly,5
exceptionally,29
hitting,21
collective,208
empowered,365
accompanied,18
plans,76
championed,4
determination,26
push,110
simply,166
accept,45
land,41
rights,8
synthesis,8
sought,2
amenable,24
though,197
positions,68
accordingly,9
regardless,349
outcome,223
pick,73
recommendation,35
easy,26
attest,37
biopic,42
covers,52
beginning,60
notable,9
careers,178
evolving,118
demands,124
objectives,59
oneself,227
passions,86
intellectually,255
lightness,102
used,13
stimulation,17
blended,78
encompass,50
culture,134
validates,3
vote,726
they’d,11
center,88
desires,49
encouraged,96
politics,43
opposed,29
voting,83
process,395
denying,68
timely,99
silencing,1
agreeable,33
advance,15
obligations,12
historic,24
extends,57
getting,61
organized,27
other's,24
initiated,28
framed,105
respond,126
hopefully,63
partnership,39
endeavor,35
foremost,81
storyline,25
appeals,44
fascinating,62
universal,31
served,138
toughest,2
perfect,151
scale,84
standout,6
watched,12
flexible,21
viewers,220
portrays,60
wisdom,95
substantial,253
broaden,27
little,64
mirroring,3
purely,19
competition,5
accompany,159
unparalleled,110
subsequent,90
careful,13
adamant,18
includes,101
underestimating,50
independence,27
hearts,77
unless,18
closing,32
standpoint,47
immensely,129
inspirational,63
delve,342
duty,42
world’s,22
civil,7
discourse,277
tonight,46
concede,187
sake,39
resolution,140
suited,73
run,104
clarify,39
available,29
navigates,14
highest,5
condition,109
crafted,100
gripping,52
attention,247
mention,64
fast,60
disconnected,21
overwhelmed,193
continuing,146
intended,19
component,57
placing,55
capacity,166
theme,136
constraints,81
facilities,10
commit,57
implementing,22
happen,137
sincerity,10
respectfully,93
excels,32
worthy,51
living,31
fullness,1
energizing,17
uplifted,277
senior,271
wonderfully,34
instigate,34
classes,38
smaller,17
groups,50
channeling,7
focused,242
done,30
meet,168
fiercely,2
effect,37
general,9
convince,90
equal,20
measure,8
assembly's,15
intent,71
insistence,22
determine,14
involve,85
thanks,98
toy,17
transitioned,10
observed,3
schoolers,70
digest,23
creation,241
nuclear,80
weapons,48
psychological,32
period,142
starter,158
window,19
combining,254
decisive,12
examines,20
touching,76
era,66
launching,42
higher,30
workforce,35
organically,24
worldviews,31
evident,200
blends,32
nostalgia,30
speaking,10
curiosity,130
pique,8
needed,212
gravitas,101
tackling,184
outcomes,68
questioning,52
beliefs,76
arrange,53
uses,17
rightly,15
sadness,2
despair,7
burdened,73
newfound,13
undervalue,4
approaches,110
established,19
tends,11
steeped,30
vividly,7
thus,75
requires,131
deserve,209
motivated,82
stages,40
toys,18
pointed,13
sides,113
outweigh,45
selected,81
revisit,117
nonetheless,76
striving,26
wonderful,159
dream,196
keeping,253
redefining,12
trailblazers,1
privilege,4
subtle,4
individualism,17
emotions,109
tend,7
diminish,57
whose,20
led,66
complicated,59
theater,21
responsible,312
citizenship,34
needing,18
paced,37
embedding,13
weighing,82
bravery,8
chapters,66
stem,108
mandatory,1
fondly,67
ignoring,6
odds,7
films’,52
testament,10
regard,56
strategy,54
compromising,95
maintains,15
juxtaposition,18
contemplation,104
holistic,137
lightheartedness,202
thrilled,61
multiple,133
pleasure,130
fruition,23
number,15
deliver,153
technologies,2
ii,22
judgment,17
charm,102
unforgettable,63
college,86
sparked,176
doors,88
prescribes,1
contrast,172
interdisciplinary,5
superficial,24
truth,32
aware,113
runs,26
existential,41
enlightened,20
either,232
left,26
overwhelm,65
life’s,62
redefine,34
successes,18
exactly,59
rigor,40
facilitates,29
joyous,282
equips,126
interact,15
academically,37
inundated,13
directions,8
antidote,3
celebration,1803
emphasized,16
bond,62
urgency,100
uplifts,129
happiness,57
uniquely,141
contend,143
confines,27
classroom,125
scenarios,59
inheriting,14
perseverance,17
response,126
pressured,18
conform,85
offering,451
abilities,6
camaraderie,246
reinforcement,10
source,49
yield,101
cheerful,20
seriously,84
responses,56
prepared,217
achieves,52
uncertainties,104
involves,62
capability,16
agents,11
forth,177
motivational,20
life's,89
transitional,376
phase,380
reinforcing,54
surface,152
analytical,28
courage,180
ongoing,69
academics,19
impending,57
leap,16
motivation,100
capabilities,13
upliftment,23
adversity,13
inevitable,16
legacy,180
reassess,6
boldly,31
overshadowing,135
bonds,29
classmates,8
lie,90
harsh,29
lifts,11
spirits,205
unfolds,169
hey,33
diving,102
phenomenon,51
closely,239
row,1
seat,5
times,132
ambiguity,45
background,103
stress,148
basis,14
intersects,9
heading,58
reflected,61
told,9
deals,104
growing,62
pains,1
fitting,194
molds,54
overall,268
you’d,86
popular,16
resonance,127
stifled,1
motivates,13
forge,151
undeniable,72
produce,13
adolescence,21
enduring,29
scrutinize,5
craft,134
echoing,15
stretch,15
picking,19
arrive,144
honoring,70
analyze,91
poignant,90
apply,96
helping,206
grounded,81
junction,13
ideal,68
exist,24
connectedness,3
pathway,80
resonating,42
asking,44
echo,33
straightforward,26
alignment,9
receive,106
imaginations,31
traits,51
effective,69
ignites,62
brainstorm,147
eloquent,2
untold,1
mirror,95
inquiries,44
pairing,215
actively,92
akin,14
preference,151
strategies,28
collaboratively,44
capturing,38
conduit,17
structuring,44
marrying,14
action,112
links,10
summary,10
refine,32
maximize,53
prove,32
developing,86
heads,19
explain,171
darker,96
week,179
days,56
got,99
tragedies,10
informs,52
escapade,6
box,101
drive,55
builds,12
accomplishments,239
celebratory,1074
supported,44
crowd,12
distinct,58
advantages,16
walls,20
interconnectedness,10
transcends,137
temporary,11
compels,48
marks,29
town,6
ties,64
harmony,7
return,15
digs,16
lifetime,19
balancing,293
detract,41
festive,43
spurred,28
persistence,24
joyful,647
intimidating,45
milestone,149
outlined,33
benefiting,10
maturing,2
inhabit,18
preparedness,14
intend,9
undermine,19
fulfills,11
changes,71
validation,6
addition,64
parts,24
gearing,12
supports,43
onto,37
adventure,52
aligning,51
pride,25
preparation,65
disregarding,2
deliberate,13
underpinning,2
simultaneously,121
meaning,39
fleeting,10
rite,14
passage,14
deciding,39
inherently,46
seniors’,73
belong,1
adequately,47
moderated,8
accomplish,47
laying,38
jubilation,1
unsure,3
graduates,143
uncover,13
communal,29
wide,32
demand,60
demonstrate,36
reinforces,24
okay,63
similar,253
fond,20
amplify,16
act,81
celebrations,29
learnings,8
ensures,63
enthusiastically,4
welcoming,44
infuse,20
commentary,95
celebrated,81
operate,7
brief,123
ambitions,126
reinforce,47
validating,7
intertwined,42
risking,5
components,65
structure,198
respecting,41
fare,16
match,29
encompasses,90
driven,31
noble,20
centers,23
surrounded,5
festivities,4
maintaining,135
collectively,59
film’s,207
laugh,91
establish,37
launch,16
alive,30
reaffirm,12
epitomizes,2
burdens,67
levity,97
guided,93
accomplishment,20
understated,76
delicate,25
mine,9
generating,12
keeps,42
optimistically,2
melding,13
honored,10
responsibly,38
unknown,11
cherish,68
excited,392
prompt,189
definitive,21
interpretation,5
contributed,3
relation,62
figuring,81
neither,9
combination,141
leveraging,22
afterwards,106
compelled,54
reiterate,115
provokes,60
genius,14
duality,69
man's,8
expand,21
horizons,13
contemplate,114
shoulder,11
lacks,35
class,109
radiates,2
remaining,41
stressful,69
thing,41
already,114
demanding,23
drama,98
struggling,11
undertones,32
discomfort,20
viable,43
shine,50
humanity’s,13
imminent,12
wrestle,55
introduces,48
provided,93
breakthroughs,25
side,95
contribute,168
competing,8
intersect,43
mindedness,93
demonstrates,47
professional,71
exclusively,13
standing,91
preferred,18
defying,7
certain,91
ideals,28
designed,38
intertwine,59
enriched,35
exhausted,11
persuasion,4
tells,111
variety,50
enables,32
successful,55
specifically,53
portrayal,110
manhattan,32
project,107
forgo,2
inherent,51
pivot,44
relates,59
daring,2
openly,75
moderating,2
paralleling,15
somehow,14
forum,86
thematic,135
aims,47
inclusive,199
feature,343
champion,86
mixing,25
committing,38
intertwines,16
precedence,49
richly,7
losing,138
organize,89
arts,12
call,103
afraid,21
spot,20
visual,58
treat,2
dealing,65
leans,116
darkness,4
capable,58
weightiness,112
youthful,35
exuberance,15
shouldn’t,62
layers,86
significantly,169
depths,26
climate,102
shed,22
start,194
anyone,54
please,47
hesitate,22
elicit,33
multitude,15
becomes,40
unproductive,2
happy,99
stall,1
dragging,2
thrive,62
fact,88
escape,112
visually,103
burdensome,32
irreversible,1
distractions,5
previously,6
saturated,7
audacious,1
constrained,9
use,170
laced,1
summarize,12
saying,73
progression,4
showcased,60
dissect,22
gleaned,11
manages,22
imagine,113
sprout,1
standards,55
men,14
aren’t,26
unfiltered,6
clearer,49
comfort,37
zones,9
persuade,24
welcomes,4
unravel,2
opt,41
outset,4
stretches,5
mere,130
skews,4
necessarily,24
blur,2
disservice,19
settle,63
differently,43
exchanges,6
wrestling,39
disagree,72
superior,104
extremely,29
substance,86
majority,166
neglected,1
curricula,2
invoke,41
catering,34
shorter,4
fluff,6
locked,3
screens,3
pop,31
representations,18
somber,143
impressions,29
introduce,157
realms,23
stone,36
overstated,42
leverage,47
appear,18
alike,26
mental,133
health,70
recent,18
unpack,47
encountered,9
precipice,24
movie's,33
laid,65
inadvertently,30
discouraging,10
participation,88
ends,27
resonant,35
delightful,49
empathetic,9
diluting,39
secondary,24
yearning,6
wrapped,109
fraught,25
instances,2
adapt,24
style,24
invigorate,15
letting,35
bright,77
lays,42
bare,9
acknowledgment,11
landscapes,24
disengaging,9
comparable,9
shines,63
civic,22
pose,32
affirmation,33
achieving,11
motivations,13
intention,76
engagements,13
viewership,2
example,78
integrity,89
analyzing,18
quality,42
conscientious,64
tangled,2
web,6
courageous,1
conduct,40
hook,5
bestowed,1
representation,190
home,30
imposing,6
lay,98
groundwork,98
natural,11
due,148
diligence,4
voicing,2
surprise,20
embarking,39
carving,22
watch,83
sentiments,84
advancing,17
raising,22
informative,21
bonding,28
faith,4
weightier,45
confronts,48
briefly,23
weds,1
overarching,15
tremendous,70
planning,187
companion,9
spur,65
concrete,10
laughs,11
organic,19
chord,40
priority,55
educated,14
individually,18
optimism,168
gained,41
enabling,57
compete,9
synthesizing,2
prospect,18
companionship,4
validity,10
persistent,4
contenders,9
innovatively,2
attributes,34
recounting,9
hopes,14
discoveries,28
wisely,14
mistakes,54
afford,19
essentially,22
tighter,1
creators,8
generations,81
standalone,21
unexpected,28
positioning,15
puzzle,2
manners,3
touchstone,22
mindsets,5
valuing,25
creatively,109
omnipresent,1
channels,10
amplified,1
asserted,1
propels,3
misstep,1
close,70
lines,122
communication,133
affecting,11
fronts,11
hello,69
eyes,42
palette,3
barbie's,76
studying,31
dawn,4
alienate,39
proven,6
added,25
evolve,13
participants,27
past's,11
pave,60
obscured,1
noise,4
philosophy,20
mindful,34
investment,11
divide,14
friendship,101
overcoming,10
anchor,23
grow,106
opting,55
involving,89
canvas,36
scaffolding,1
promises,12
devising,2
q&a,39
large,52
motion,14
landed,5
design,36
animated,14
fluffy,2
fashion,22
biographical,9
thriller,1
dread,12
understands,21
status,25
quo,24
alone,48
humanity's,49
influenced,25
preceded,1
examined,5
teamwork,37
parallel,40
conveying,34
curriculum,62
pad,25
tragedy,23
continuous,1
shedding,11
founded,10
deserving,8
discourage,11
readiness,75
emerges,10
awaits,13
encountering,19
facets,36
preparatory,5
prior,20
conditions,5
brilliantly,26
partnering,4
gratification,7
reactions,26
societies,8
attitude,3
frameworks,28
struggle,72
rethink,4
develops,5
angles,102
committee,329
relaying,3
what’s,267
wishing,14
collaborations,17
incite,23
varying,18
entire,51
applications,37
decides,23
establishing,27
comparing,5
excellence,4
momentous,42
dynamics,86
disregard,17
paving,37
downplay,18
processes,26
attempts,6
verge,74
medium,52
footing,6
included,49
polling,59
glance,35
gets,30
assure,18
tapestry,52
grasping,10
identification,5
somewhat,22
overshadowed,33
colleagues,10
facts,30
imposes,26
proposing,94
facilitated,36
seeks,16
screenings,64
expertly,3
curated,5
potent,34
staying,20
bigger,40
picture,72
reconcile,38
gauge,188
wise,31
representing,8
amazing,5
feedback,221
fellow,108
stunning,56
you’ll,10
denied,8
bypass,3
teachers,86
sight,59
legitimate,7
relevancy,10
reconsidering,45
heightened,4
tailor,8
logistical,14
joys,30
eagerly,1
awaiting,15
useful,2
simple,60
inquiry,37
dictate,6
selves,48
juxtaposing,14
winner,12
page,65
co,13
masterpiece,86
comprehend,24
magnitude,11
ultimate,31
bandwidth,4
weighted,5
isolated,3
effectiveness,5
existence,25
interpretations,24
road,45
relying,10
jumping,8
influences,32
promise,21
suit,13
disengaged,11
tight,6
hinder,10
attendees,17
enjoyed,34
attuned,5
package,46
extensions,2
learns,1
palatable,19
afternoon,12
stake,10
distinctly,14
quietly,1
absorb,28
friends,15
centerpiece,43
harnessing,10
energetic,27
holding,46
themed,74
participate,58
employ,4
ease,22
doorway,1
turning,46
liberating,10
sole,17
acknowledged,15
prioritizes,49
platforms,15
tailoring,3
base,48
naturally,49
imposed,6
underscores,18
satisfying,11
lend,25
garnered,11
whimsical,119
pushing,87
boundaries,77
touchpoints,5
christopher,68
nolan's,34
filmmaking,46
techniques,6
accuracy,5
boys,7
girls,12
nurtures,37
squandered,1
triumph,21
heartbreak,1
substantive,44
communicates,17
recognition,36
generate,67
identify,26
concurrently,5
spring,14
wholesome,3
warrants,15
arrangement,18
varied,50
outlining,37
overview,33
guest,84
speakers,62
beforehand,14
validate,9
examples,48
rehearse,4
started,59
drafting,82
draft,166
summarizing,4
section,23
huddle,1
it’d,2
survey,286
aids,4
trailers,7
stills,3
methodically,1
coordinate,33
check,7
–,128
surprising,16
exterior,11
wealth,23
20th,5
century,5
peer,13
beacon,12
urgent,19
encapsulate,41
nations,3
drastically,3
changed,36
geopolitical,7
prepping,8
citizen,6
difference,46
array,17
sort,23
trigger,3
conjunction,39
coupling,13
putting,64
devise,12
complemented,17
talking,46
spectacle,9
contemplating,42
friendships,69
handles,10
fragile,2
peace,25
dismissed,13
lightly,10
elicits,10
ideally,23
evaluate,35
contemplative,21
transcend,51
unknowns,2
assumptions,1
conducting,28
confirm,10
hungry,3
reasonable,48
results,78
practical,36
questionnaire,1
type,82
transparency,1
joint,29
strengthen,41
concise,10
(choose,2
/,3
oppenheimer),1
(options,4
etc.),1
equally),1
comments,4
quantitative,2
qualitative,2
data,9
bases,12
gauging,18
couple,39
6,17
interested),1
7,10
maybe),1
method,29
distribute,4
school's,18
assemblies,22
additions,14
facilitating,196
finalizing,95
distribution,10
utilizing,31
school’s,8
efficiently,10
ample,18
collecting,4
sit,19
it’ll,24
rolling,22
everything,135
flows,9
works,30
track,22
details,185
gathered,19
crossroads,102
noteworthy,9
arose,8
weights,5
perceptions,45
linger,28
opener,4
separate,118
reminded,7
stay,102
lenses,32
individual's,6
countless,11
multiplicity,1
pleased,38
created,28
rewarding,40
children's,27
pertain,7
ingenuity,16
tapping,21
playfulness,9
expected,7
backgrounds,32
universally,18
traditionally,2
stead,1
reevaluate,9
everyone's,79
grand,24
scheme,8
thorough,33
count,10
counts,3
remind,39
virtues,8
developmental,59
parent,24
cast,24
votes,20
contributing,22
world's,19
excitement/pressure,1
sticking,24
dividing,5
lose,49
concentrated,4
guarantee,6
strictly,17
irreplaceable,30
black,13
white,13
gray,19
determining,10
enforce,1
contextualize,31
active,50
outlook,77
casual,14
positioned,31
steering,18
teachable,3
informal,20
hoping,73
spurs,7
pretty,7
receptive,40
tad,3
lift,33
carrying,13
load,10
trauma,18
shoulders,23
fair,123
closure,4
folks,26
reconvene,58
dose,31
plain,3
environments,28
stresses,18
inject,5
explorative,4
previous,13
pink,8
resolutions,1
changemakers,6
insecurities,8
gaps,18
misinformation,5
proliferates,1
poised,34
shying,48
panels,39
element,87
persuaded,16
lifting,17
they’ve,80
imbuing,3
proposition,27
divergent,4
color,13
forming,52
juxtaposed,3
appreciates,6
quest,14
lighten,51
exams,26
reflexive,1
dire,9
invigorating,27
instincts,7
vs,3
solemnity,13
training,5
logistics,45
ups,12
nascent,1
implement,36
elaborate,18
transferable,1
immediately,51
diluted,8
comparison,31
compare,21
innovate,7
honest,49
adventures,45
lingering,4
short,57
poll,127
direct,52
compiling,3
pleases,1
compile,12
impressive,29
represent,32
delivery,8
solidified,4
developments,5
settings,36
nicely,11
finally,34
production,11
caliber,6
familiar,29
typical,18
gladly,18
conscious,16
dates,13
required,18
enormity,1
democratic,26
member,5
information,30
fairness,3
whenever,9
ladies,2
gentlemen,1
confine,3
elevates,22
hands,53
[pause,2
responses],2
tally,5
ight,1
turned,3
decided,11
branding,1
associations,1
defy,13
consequential,22
linear,2
definition,14
boxes,6
audience's,10
tempered,1
alluring,2
generational,11
barbie’s,18
readily,34
interestingly,1
vast,11
admirably,2
national,4
advances,9
continually,10
tested,1
images,5
memory,21
internalize,16
feasible,27
tying,31
tether,1
centering,11
craving,5
separately,15
formats,24
smoothly,20
unconventional,35
allure,65
imagery,9
disarm,5
medicine,2
armed,15
came,18
linking,26
educative,8
distance,5
battles,5
tailored,32
fulfill,22
tuning,1
programming,55
model,12
thrilling,8
reason,32
satisfies,47
amplifying,3
wait,6
representative,2
looks,33
regroup,8
reacts,6
glitter,2
periods,3
guilt,12
translating,6
conveyed,39
unavoidable,1
professionally,11
segments,19
fits,44
bill,11
meld,17
assign,8
negate,21
numerous,26
enthusiastic,34
aligned,73
agreeing,10
embed,3
ignored,8
provocatively,1
aid,29
interfering,1
soaking,1
frankly,13
everyone’s,53
cost,25
haunting,1
depiction,9
witnessing,20
realm,30
system,11
steer,27
indirectly,2
layered,73
heartening,13
oppenheimer’s,67
lecture,23
underlying,46
cohesively,3
cognizant,1
cooperative,9
officially,26
endorse,12
talked,7
expansive,4
tremendously,15
navigated,44
reassuring,4
recount,20
conformity,38
excites,17
resources,59
huge,6
sufficiently,17
meanwhile,9
boosts,1
evolution,26
discusses,27
generates,10
wrong,29
circling,3
send,89
taxing,8
dissuade,2
activate,1
continues,28
resorting,1
sending,22
resilient,16
rational,1
raw,11
chase,27
bold,18
abstract,33
visualize,7
nurtured,2
crux,17
person's,7
pedagogical,2
tackled,10
dreamers,6
stewards,1
upholds,6
reframed,3
rise,11
flourish,12
held,12
marries,8
successfully,17
enact,4
reducing,4
vigor,5
channel,19
crafting,107
emerged,1
student’s,5
converge,8
architects,3
accountable,5
irrespective,7
alienates,1
tandem,22
directs,1
favorable,5
reins,2
defined,15
exhibited,6
anchoring,10
posing,3
turn,40
actionable,12
illuminating,15
unfold,23
pure,14
handling,11
articulates,4
stray,1
ethically,24
hopefulness,5
aspirational,7
integrates,14
applaud,5
steady,3
extraordinary,34
peoples,1
warm,17
nothing,31
strides,15
likewise,16
history–the,1
adaptability,12
studies,34
outweighs,40
vibes,12
seemingly,18
underscore,11
posed,42
apart,6
accompanying,14
revolving,6
overlapping,2
introduced,22
pause,8
book,2
catchy,19
designs,1
salient,7
nice,22
reminds,21
specialize,2
guides,23
halfway,25
dominant,1
prominent,11
stimulated,5
adapting,3
group’s,4
others’,7
participant,1
hadn’t,5
ady,1
iconic,4
played,18
realistic,6
mirrors,48
breed,2
broadening,11
solutions,33
fields,51
positives,14
unintended,9
unforeseeable,1
struggled,2
achieved,30
igniting,46
doers,2
correct,13
pitfalls,4
excluding,3
we’ll,167
clever,8
man,67
transform,15
imparted,11
asks,24
invention,20
participating,17
disengage,27
sell,2
capstone,1
marry,24
dampening,9
write,12
skits,1
retains,9
robustly,4
personality,2
instant,5
cathartic,2
farewell,20
facade,6
unapologetically,10
tap,21
portraying,16
contextualizing,5
discount,15
correctly,20
retelling,5
derailing,1
simplicity,6
directing,7
bounds,2
tragic,6
name,8
shades,5
teacher,12
movie’s,12
artistry,48
class's,1
contributors,8
gloss,19
moderation,3
fundamentally,50
garners,5
evidence,9
graduates’,1
substantiate,1
conventions,9
comprehension,7
unnoticed,4
cultivation,1
unprecedented,16
programs,11
demonstrating,11
solidly,4
haven’t,13
emerging,41
advantageous,8
candidate,10
stances,8
sidestep,15
diverge,13
longer,38
unfortunate,3
importantly,26
revisiting,20
flick,8
dense,54
grave,28
volatile,1
dark,24
advantage,13
childhood,8
person’s,2
fortitude,5
persuasive,13
undermining,13
discarding,2
evolved,11
import,3
admit,27
kick,15
excite,11
dialog,8
eyebrows,25
mood,155
conversely,11
cornerstone,10
loose,5
humans,3
messy,3
vantage,2
capacities,10
shortly,12
thereafter,7
minded,23
presentations,22
refining,8
catch,8
that'll,5
boasts,5
stellar,10
divided,6
liken,1
drives,14
cornerstones,1
sobering,20
attracts,4
passive,19
riveting,13
couldn’t,13
lost,29
empowerment¾without,1
lectures,2
unites,8
graduating,116
instrumental,13
derive,14
signifies,8
playing,15
counterbalance,22
prevent,9
boosting,3
dreaming,38
kickoff,6
championing,54
corner,9
dissecting,3
daunted,1
spades,27
defines,4
sober,3
limits,16
chooses,2
betterment,23
feat,7
revolves,17
drawbacks,5
tumultuous,22
outreach,7
rapport,3
abound,3
invokes,14
packs,7
punch,8
adore,1
anticipate,17
foundations,18
gear,9
independent,8
fears,11
enlightenment,18
harder,17
deterring,3
wrapping,26
owe,68
proclaim,1
formally,8
expressed,19
spoken,1
accomplishes,41
boost,32
subjective,2
hinge,5
brainstorming,37
harness,47
pushed,5
mutually,33
principle,4
formal,21
expertise,6
aesthetics,29
business,40
tech,3
reaches,12
paves,10
bypassing,3
utmost,18
circle,10
date,45
butting,1
progressing,2
agrees,1
consultations,1
authority,3
vibe,28
progresses,1
maturation,9
auditorium,8
vacuum,5
won’t,38
matching,2
struck,26
impose,25
exuding,1
aspiration,42
foresight,14
maximizing,10
timeless,66
arrived,19
execute,7
believer,12
reframe,5
rare,15
lighting,2
fire,9
attempt,2
diminished,1
gatherings,7
firing,1
loaded,5
tenacity,8
sharpens,2
rolled,2
preserving,7
touchpoint,6
convention,3
exhilarating,7
summer,2
essentials,2
leverages,3
interrupting,1
perfection,8
exists,10
burdening,20
segue,16
engendered,2
juxtaposes,6
interpret,2
expect,27
breakout,21
harsher,2
vigorous,2
concluded,4
confronted,22
ventured,2
histories,9
relaxed,48
unlike,13
applicable,40
sheds,17
join,32
breaks,20
literacy,1
unchecked,3
soldiers,7
cultivated,7
ephemeral,2
aimed,34
pointing,3
dear,24
unlock,8
thankful,8
consciousness,22
movements,5
generation's,12
tightly,2
prevalent,33
couples,2
conversational,9
recognizes,23
circles,13
scientist,15
brushing,1
season,4
fold,3
breath,11
air,13
company,5
complete,24
marvelous,1
occur,17
disposition,1
associated,52
solemn,14
encapsulated,14
task,11
grapples,33
sharp,5
definite,3
demographic,20
distinction,5
diversifying,1
exclusive,21
imagining,4
satirical,1
gracefully,5
flow,19
ripe,12
factors,34
illustrating,17
tune,9
talk,59
illustrate,40
trends,6
constructed,3
recap,3
courses,1
phenomena,2
students–something,1
innate,3
shut,2
whereas,25
learners,5
concept,67
swirling,1
arm,21
headed,16
pulls,6
intrigue,5
scenario,23
interweaving,6
scenes,12
acts,13
loudly,3
understood,35
assignments,11
online,4
community's,21
rushing,1
throw,12
hat,1
ring,2
morally,37
accustomed,3
easily,36
dramatically,5
alter,16
prime,7
enlightens,5
informational,1
behavior,11
wellbeing,9
decisively,3
profundity,4
globally,5
driving,12
expansively,2
bogged,14
anecdotes,4
screened,7
confined,11
timing,31
caring,4
alright,18
nolan’s,16
masterful,23
internal,15
collide,9
influencing,14
prominently,6
almost,3
double,63
joined,1
condensed,2
bad,14
shares,5
disinterest,1
scholars,1
physics,5
contrastingly,2
fades,1
media,73
comedy,19
impressionable,7
delicately,1
rival,4
restrictive,2
systems,2
repeat,9
embodying,10
reaction,3
compassion,11
obstacles,9
innovation's,2
multi,28
faceted,18
securing,6
impacting,10
camp,11
incomplete,2
intriguingly,1
desperately,17
running,21
star,4
studded,2
stack,3
altering,15
catalyze,30
incites,9
fragility,4
unfamiliar,1
comforting,6
precursor,5
urges,14
implore,10
radical,2
rivals,1
advocated,7
prescribed,2
styles,5
target,8
heavyweight,3
respectable,1
evolves,10
teachings,3
civility,1
reaffirms,2
objections,9
possess,19
attractive,2
settling,4
marked,20
advising,1
harnesses,4
measures,2
follows,20
weaves,14
written,3
enrichment,19
frontrunner,1
statistically,1
guaranteeing,1
integrated,28
retain,12
maintained,9
assistance,10
avoids,2
repeating,17
glossing,12
counterarguments,11
constrain,1
semester,14
plant,8
seeds,20
plenty,25
reprieve,19
unify,13
smile,12
imbue,2
counterpoints,23
happens,8
overrides,2
pulling,7
galvanize,7
immediacy,24
undermined,2
cooperation,15
focal,29
reserving,7
witnessed,41
chasing,8
pervasive,2
analyses,2
smooth,4
greet,1
visionary,2
miscalculations,1
discernment,10
reconsideration,4
thankfully,1
reveals,9
law,3
simplifies,2
bites,1
sociopolitical,1
inspirations,3
reckon,10
excerpt,2
oppurtunity,1
immerse,7
fragmenting,1
catharsis,5
certificate,1
proving,2
momentary,5
burst,1
reveal,12
overtakes,1
warnings,4
caution,14
promising,43
recommendations,2
expanding,8
lends,9
intimately,7
interweave,6
exposes,4
imbued,2
classrooms,8
validated,8
digestible,45
hesitation,4
onus,2
reassuringly,1
resource,8
constructs,31
illuminated,9
resonated,4
relieving,1
darkest,2
corners,1
epic,7
splitting,20
objective,25
theatrical,1
honestly,38
arranging,11
received,18
acclaim,11
discovering,32
debates,60
weaved,1
conscience,8
profession,2
external,27
binary,4
dilemma,14
old,5
rooting,8
utilized,3
pull,25
revolution,2
barriers,64
shifts,10
antiquated,1
’s,1
reinterpretation,1
frivolities,1
reservations,48
illustrated,18
transgressions,2
continuity,2
assigns,1
humanizes,3
handed,25
fantasy,12
clouding,2
passing,4
sincere,6
sparkles,9
devoid,14
sways,8
pta's,2
village,1
hype,1
selling,4
wrought,1
inventions,9
biases,3
harmonize,10
sorts,6
exclude,3
maximizes,10
insist,20
talks,6
lined,6
initiating,12
dilution,6
entirety,7
obvious,2
thirst,1
motivating,33
geared,4
tasks,10
negative,13
consistent,11
adventurous,3
intrinsic,4
mold,23
motivator,3
meanings,10
pitted,1
pursuits,37
baseline,2
sympathize,3
tilt,2
scales,4
acceptable,25
consume,13
unmatched,26
affirm,8
considers,19
forthrightness,1
understandings,7
intuitively,2
wary,3
detached,11
finish,8
arrangements,16
besides,9
fallout,6
aesthetic,21
simplifying,2
peel,4
adolescents,17
predicaments,1
wellness,5
penetrating,1
trajectory,3
hinges,3
impeccably,2
bridges,21
recommend,13
unanimous,4
touched,5
cues,3
search,7
psyches,1
candidness,6
intrigued,18
integrative,1
piggyback,1
comparisons,9
wholly,5
split,12
rightfully,2
ended,16
earlier,12
merges,16
whoever,12
nuance,20
compel,14
surround,2
pros,14
cons,12
heating,1
didn’t,8
relief,20
imprint,9
talent,4
succeed,4
rotation,6
showings,9
selections,35
distinctive,13
educator,5
mentor,2
falls,4
meetings,14
minimising,1
featuring,49
hash,5
specifics,13
cycle,1
landing,6
heroes,2
villains,1
gift,25
lasts,8
women’s,3
reshaping,4
proceeding,22
adjusting,4
plunges,2
hits,5
intelligently,3
earnestly,6
alleviate,12
nation,1
extracted,2
elsewhere,8
stitches,1
counter,14
immersive,12
orient,1
tangible,18
interplay,20
proposals,10
transformation,10
commitments,1
permits,3
iterating,1
soliciting,1
opposite,6
catastrophe,1
unrelated,1
repeats,4
elaborating,3
glean,15
solidarity,3
decipher,1
happened,3
defend,2
appropriately,12
propelling,2
network,1
dots,17
grappled,22
curate,10
manifest,3
person,12
nearing,12
cause,15
proud,20
sparkly,1
cloaks,1
biography,4
throats,1
disarms,1
duration,1
vein,4
language,12
breathe,8
female,19
lower,6
bleak,2
grander,8
unearth,3
documentary,3
reverent,1
bombards,3
conflicting,5
local,30
protagonist,4
wrenching,1
regret,17
security,1
throwing,5
field,27
beginnings,17
destiny,4
intentional,5
hover,1
professionals,4
pursued,3
synthesize,4
offerings,6
articulating,16
ball,11
minefields,1
shadow,11
definitions,7
applied,4
cake,3
eat,2
queries,3
modify,10
masterfully,14
usually,2
gravitate,15
actualization,4
friendly,11
module,2
passed,1
coexisting,3
harbor,2
scattered,1
words,3
bittersweet,4
unease,2
joyfulness,11
respected,5
puts,11
group's,19
welfare,4
impacted,5
splendor,1
intricately,12
mirrored,4
ushers,3
knowledgeable,6
departure,3
exercises,5
realization,14
barrier,11
unafraid,2
movers,1
fighting,2
overwhelmingly,13
detachment,2
planting,12
attached,5
separating,3
embraced,13
awakening,1
trait,6
tension,9
proportionally,1
keys,1
primes,2
usher,3
fill,12
allowed,10
carved,1
soundtrack,2
tucked,2
packaged,9
artfully,1
baggage,1
felt,12
complications,6
negotiate,5
cognitive,3
contrasts,15
disconnect,9
veer,3
expressing,43
alternatives,25
personalized,1
states,6
cohesion,4
comfortably,9
never,13
compasses,4
born,2
resistance,5
interchange,1
brilliance,29
anxieties,6
creator,6
unforeseen,11
someday,2
limiting,10
prevailing,5
crossroad,5
requiring,8
warning,3
greatness,11
reconciles,1
echoes,22
burgeoning,2
encompassing,4
culturally,17
handled,5
entail,4
provoked,8
translate,9
packed,25
sends,17
academia,16
narrow,11
receives,4
warmth,28
downplaying,6
governance,6
logical,6
theory,7
mentally,5
mounting,2
swiftly,4
evoking,3
quick,39
duties,5
exemplifies,24
consistently,2
delivered,26
dry,4
deftly,6
expects,6
institution,2
invigorated,18
subsequently,9
undercurrents,2
hate,13
immersing,10
families,11
craves,7
impressed,7
assist,16
attendance,16
delighted,12
incorporation,5
flyer,6
mentioning,8
quotes,9
sneak,1
peeks,1
teaser,4
morning,6
announcements,6
promotional,16
flyers,3
teasing,1
snippets,5
announcing,3
promotion,11
spreading,4
word,7
turnout,3
extra,2
timeline,45
charge,12
event's,4
departments,2
historian,5
speaker,41
drafted,6
composed,1
announcement,9
review,15
retired,1
mentorship,4
weeks,13
drafts,3
invitees,1
momentum,38
directed,9
nolan,23
rigid,23
slightly,7
distill,2
toll,9
fresher,2
intertwining,25
deter,28
guess,2
unquestionably,3
prudent,14
convincing,12
settled,13
intact,5
cleverly,15
downright,2
problem,15
catastrophic,8
rising,4
fantastical,8
teenage,14
intersections,5
processing,9
freedoms,7
nostalgic,9
costs,5
irrefutably,1
optional,12
preventing,2
prelude,4
re,21
advocates,15
endless,10
relieve,2
unpredictability,3
threads,5
banter,1
community’s,4
mainly,4
people's,15
meriting,1
distraction,13
foregoing,1
kindness,5
deliberately,2
eloquence,1
premise,6
portion,4
mutual,49
typically,17
coherent,2
hour,3
half,2
international,4
relations,4
rationale,27
proves,4
centric,4
sees,8
mechanism,5
statements,2
secondly,19
abstraction,1
volunteer,1
ascertaining,1
synergistically,1
paralleled,3
proactive,23
united,26
nversation,1
intellect,48
participatory,3
structural,2
sequentially,1
gaining,16
sympathetic,1
synergies,4
affects,4
arcs,9
arming,16
layering,9
broadens,5
starters,11
pitches,1
avoiding,4
majority's,10
resuming,1
illuminates,9
sum,3
diverged,2
persist,6
spaces,9
enumerating,1
icebreaker,6
eagerness,7
bomb's,24
inception,1
fence,1
inspiringly,2
pensive,3
deliberation,9
shielding,3
thematically,3
other’s,10
blossom,1
dissimilar,1
envisioned,3
fertile,5
arising,15
walking,14
country,6
en,1
masse,1
keener,1
observers,4
rounding,1
favors,8
meantime,7
isolating,7
crises,12
renaissance,1
helpful,8
circumstance,1
timelessly,1
sidestepping,4
roots,5
bears,6
runtime,4
carried,8
patterns,2
preconceived,6
voiced,2
heady,2
elevated,2
problems,12
aiding,3
edge,20
unfortunately,34
romp,7
perform,1
storm,1
precedents,6
curating,4
concur,2
anxiety,29
flair,7
taught,29
portray,7
amuse,1
viewings,4
maximum,5
offline,1
broadly,18
artifacts,1
positing,1
counterpoint,14
suits,21
cares,5
pickle,2
eternal,1
oversimplify,2
attainable,3
attract,16
entails,15
dominated,2
command,2
appreciative,3
kickstart,3
expecting,2
personalize,1
outlines,13
lineup,2
iron,5
affairs,6
harmoniously,3
critiques,9
potency,5
footnotes,1
contrasted,1
happening,7
gentle,5
normalization,1
referencing,6
disappear,1
revel,32
people’s,3
schools,2
fail,2
tendency,2
amid,32
spawned,2
analogous,2
consumer,3
swayed,13
favoring,9
individualistic,1
unequivocally,2
magnificent,1
chronicles,3
equity,5
shatters,1
technologically,3
‘what’,1
‘why’,1
bat,7
moralizing,1
interactions,20
depart,2
satisfactory,10
ensuing,1
covered,21
beloved,7
zone,3
team,30
burying,2
accompanies,18
vibrance,1
receptiveness,5
mixture,7
infusing,23
rushed,4
record,1
defaulting,1
misjudging,2
perceived,7
lending,2
ignore,23
offset,1
soften,5
attend,7
hit,24
sweet,2
fuller,7
bolstered,2
partner,12
equitable,2
knowledgeably,1
stifle,6
spheres,2
compass,33
corresponding,2
abundant,2
earnestness,10
fruitfully,1
symbolized,1
vessel,3
milestones,11
vivid,12
therapeutic,1
ambiguities,14
everybody,1
divergence,3
devastating,8
worked,22
constraining,1
anticipating,2
contrary,3
amusing,3
formulate,10
confusion,3
cherished,13
alternating,16
postponing,2
envisioning,10
attraction,5
occasions,7
renewed,11
colorfulness,1
breather,4
civilian,1
dangers,2
unbridled,2
connectivity,14
similarities,2
noted,3
voids,1
acquiring,1
enthused,1
togetherness,14
country's,1
squeezing,1
drop,1
wanted,2
marking,10
mural,1
inventive,5
invigorates,5
recall,6
parties,5
siding,1
introspect,1
propel,15
missed,13
exuberant,1
glitz,1
glamor,1
acutely,2
nest,1
dress,6
anticipated,4
saving,2
facilitators,5
flesh,11
paved,1
venturing,11
undergoing,5
triggered,3
stereotypical,2
solving,10
overflowing,3
undervalued,5
multidimensional,2
enable,18
lock,2
tales,7
visible,1
marginalized,2
funny,3
slow,1
eloquently,6
regression,1
insignificant,1
existing,2
release,8
ethos,9
shifting,10
destinies,8
globalized,1
references,11
consumerism,6
uncovering,1
order,15
owner,2
shining,8
remorse,1
crave,22
react,10
extension,4
conducted,4
consent,1
inclinations,2
midst,12
favorably,2
majority’s,2
surveying,22
anonymous,3
slips,1
paper,3
digital,9
explanation,6
indicating,1
tallied,1
announce,4
execution,7
praised,4
fable,1
chose,10
pinnacle,1
criteria,9
explicit,1
submitting,1
prolong,2
defer,3
goodbye,4
arbitrary,1
unrealistic,2
facet,5
foresee,6
rigorously,5
characterized,4
factual,1
avoid,13
weaknesses,1
tenets,4
onscreen,1
immerses,7
peppered,1
encounters,3
hasn’t,2
rolls,3
colors,32
enliven,2
score,3
another's,1
desired,1
failures,11
conflicted,2
pondering,19
mixed,26
searching,13
vehicles,2
strip,1
smiling,3
bask,13
reflectively,8
metaphor,6
uncharted,2
territories,5
smiles,17
tones,23
astute,1
flaws,6
halls,2
infused,12
detracts,3
preclude,7
festivity,3
experience's,1
indulge,4
formed,11
unburdened,1
ending,4
enhanced,6
indelible,5
degrees,1
ceremonies,2
induce,2
completed,2
relish,11
fondness,2
concluding,14
accomplished,10
detracting,9
instigated,3
beaming,1
forged,3
praiseworthy,2
jubilant,7
culmination,8
relishing,2
rejoice,3
went,9
fuse,5
captivated,6
sequential,1
divert,6
lieu,1
advanced,4
noting,15
commemorate,2
initiates,7
cross,5
gravitates,1
establishes,2
psychologically,1
acclaimed,6
comedic,7
assume,7
planned,13
warmly,4
reevaluating,4
masterclass,17
expresses,4
elevating,11
gate,3
coalesce,3
surroundings,9
executing,4
constructively,13
buffs,1
increase,3
mainstream,1
modules,1
aftermath,8
exemplified,9
catapults,1
autonomy,9
intersectionality,3
strict,6
vigorously,1
extent,4
formalize,4
youths,8
lectured,3
mired,2
literature,3
injustices,1
overemphasizing,2
automatically,1
equates,2
objection,1
cascading,1
scope,20
numbers,2
unchanged,2
length,3
surprisingly,2
harrowing,3
wrestles,3
shallow,2
children’s,6
lacking,4
extract,19
waste,1
unveiling,1
senior's,5
gritty,6
humility,2
hindsight,1
lunch,7
it'll,13
viewed,11
fluid,3
permeated,2
entrepreneurial,5
imperfections,2
atom,2
wraps,8
brightly,3
roundtable,5
grind,1
constructing,2
turns,19
crop,2
safer,2
answers,5
arriving,6
unyielding,2
cooperate,2
collect,5
reconvening,5
frivolous,6
job,62
sunshine,2
rainbows,2
escapism,27
exchanging,5
meticulously,2
rob,1
matched,3
greatest,7
ingrained,3
interconnected,14
charged,9
lingers,5
frank,4
undergo,1
immersion,1
worried,6
trivialize,2
backed,3
clash,5
ages,6
depicts,8
older,12
predecessors,2
dedicating,15
stays,13
savor,2
approval,6
referred,2
artificial,5
grown,10
adopting,5
navigation,1
resolutely,2
stepped,1
observable,1
transformational,7
finalized,7
enthralling,2
tastes,3
wherein,3
regularly,2
storylines,5
uphill,1
unleashes,1
underselling,2
phases,22
shadows,11
accepting,7
scrutiny,3
expense,11
ignited,10
carefree,6
discard,2
department,1
knows,11
magic,5
sensible,4
skin,3
club,7
undertake,3
modifications,3
commemorating,1
skim,4
unrestricted,1
glimpse,19
nclude,1
liberated,5
fidelity,1
expressiveness,1
bomb’s,1
pivoting,4
consumers,2
cohort,4
conversation's,1
argued,2
influencers,3
thrill,8
exercise,17
impossibly,1
sufficient,3
reminders,8
fortunately,1
original,6
alternatively,2
ironically,1
compliment,1
remarkably,12
comparative,7
significative,1
fueled,1
dynamically,2
consolidating,2
translates,5
thrives,14
revolutionary,4
rebuttals,1
catalysts,15
miraculously,1
supplemented,7
explaining,5
directorial,3
workout,1
outlet,11
decompress,6
glossed,3
textbooks,6
shatter,1
second,20
myriad,34
transitionary,2
painted,1
strokes,1
guarding,1
circulating,2
contended,1
sustain,2
flowing,7
satisfied,7
comprehensively,9
overlap,3
reimagine,1
boundary,1
staunch,2
generated,22
realizations,9
outshine,1
veering,4
territory,9
multiply,1
professions,3
bubble,3
observing,2
persists,1
women's,6
historians,5
pivoted,1
absorbing,5
mitigated,1
practices,1
timelines,5
adaptations,1
sacrificed,2
extraordinarily,4
multimedia,4
pleasures,2
triggers,1
catered,1
stressors,3
facilitator,7
pack,2
fastening,1
starts,9
apprehension,5
solidifying,9
reply,2
situated,3
fervor,2
convening,3
display,5
twist,5
fictional,2
entice,3
kindle,1
casting,4
stopping,5
flavor,3
unveil,3
formalizing,5
deem,4
ranch,2
symbolizes,4
confining,2
therein,3
legitimately,1
fairy,1
brave,3
noblest,1
clouded,1
crossing,1
arms,3
courageously,4
outperform,1
symbolism,2
dampen,8
admittedly,3
sophisticated,9
interwoven,5
energies,7
tougher,12
grounds,3
embolden,7
intrinsically,2
diverting,3
sorrow,3
blind,2
transforming,1
omitting,1
superficiality,3
dwells,3
exploratory,5
designing,7
setup,5
strengthens,8
map,3
flipping,1
script,2
delaying,3
designate,6
monthly,1
accommodate,9
plates,3
analytically,1
vulnerability,7
necessitate,1
equilibrium,1
easing,5
culminating,6
relegating,2
traverse,3
haul,2
heat,5
detailing,5
finds,5
vary,1
synopsis,2
synopses,4
skillfully,5
ranging,3
continuum,2
invariably,2
pillar,2
rallying,14
loss,1
student's,9
filling,4
onward,4
counterproductive,1
effortlessly,1
melds,4
matches,6
unwind,40
managing,4
trusting,3
enormous,6
teams,3
fusion,3
ageless,1
proprioceptive,1
hardest,1
distancing,1
rewards,5
harmonious,7
totally,17
vitally,10
polarized,1
sadly,5
latter,14
studied,7
juniors,2
wake,9
pay,2
contextualized,4
function,8
list,22
hauntingly,1
creations,4
assessing,2
evaluating,14
surveys,3
affected,3
findings,7
committee’s,2
schedules,8
dwelling,6
representatives,2
simplified,2
attending,7
critique,10
applying,6
anywhere,2
reap,3
dualities,2
beauties,2
touts,1
testing,1
waters,5
toolkit,1
utterly,1
throws,6
mediums,6
moderate,1
gears,3
returning,9
underway,6
thrust,2
compassionate,4
widen,1
criticism,1
cutting,2
acute,1
price,4
reinforced,1
likes,2
relaxation,4
winning,10
eyebrow,5
sold,2
agenda,20
anticipation,11
rsvp,1
fueling,4
olutely,1
sections,11
location,2
submit,5
dramas,8
resolve,17
parental,5
preconceptions,3
non,10
threatening,6
minimum,1
crisis,15
afforded,1
consumption,2
glorifies,1
hurdles,6
elaborates,1
curricular,1
adaptable,3
overlooks,2
stakeholders,6
description,2
circulate,5
google,11
convenience,3
quickly,10
descriptions,1
eventual,5
beneath,9
political,9
magnified,1
memorizing,2
scaffold,1
fortifying,1
juxtapose,6
correspond,1
upfront,3
potentials,4
honed,3
unifying,13
containing,3
figure's,2
dimension,14
gauged,1
genres,4
biotechnology,1
playfully,1
prohibitive,1
summation,1
enthusiast,1
reverberates,1
implant,1
sticks,4
troops,4
experiential,3
entailed,1
whimsy,13
electing,1
distract,3
filmmakers,2
chart,9
wants,8
impress,3
causing,4
division,5
loved,3
treasure,4
wins,12
managed,4
unveils,1
niche,2
fine,19
tread,2
inquire,1
humbly,5
asserts,1
earliest,1
wwii,2
isolation,3
freshness,1
entrenched,4
helped,3
zeitgeist,6
passively,4
timeframe,3
convene,6
culminates,2
flag,2
debated,1
prolonging,2
foster's,1
shapers,2
principal,1
bookend,1
rightful,5
victory,2
pops,1
ins,3
favorite,5
checks,3
posit,4
heights,2
appointed,1
victories,6
inner,3
avoided,1
inclusiveness,3
artistically,8
traumas,2
progressive,3
evolutions,1
detail,11
symbolize,2
march,2
probes,4
painfully,1
preserve,6
press,2
palpable,8
impossible,2
reservation,1
considerably,1
narrowed,2
vibrantly,9
desperate,1
sociocultural,1
judgmental,2
relentless,2
informing,7
dare,6
restriction,1
fixes,1
sustained,1
library,1
inaccessible,2
asset,3
enticing,8
strives,1
impede,1
programmatic,1
constricting,2
selfhood,1
golden,2
pronged,3
furthering,3
food,21
questioned,1
reshaped,4
either's,1
area,7
performing,1
luck,6
that’ll,3
backing,1
pressed,6
accounts,3
mounts,1
anchors,1
wishes,9
manage,8
scrutinizes,1
outstanding,19
contender,16
subtract,1
adeptly,5
bloom,1
robustness,1
revealing,6
morph,2
conduits,2
radically,1
rarely,6
gently,10
boils,4
producing,5
displayed,7
nation's,2
research,3
infectious,6
retrospective,1
somewhere,8
public,8
hunger,1
invoking,10
exclusion,1
footprint,2
root,4
skimming,1
defending,2
sharpen,2
shortchange,2
accepted,2
begun,1
deepest,3
intimidation,3
intimidate,4
softer,7
assertions,1
reasoned,2
unintentionally,10
hindering,1
wondering,6
removed,2
confrontational,1
incorporated,8
aspiring,3
reluctantly,1
breakthrough,1
negatively,6
conforming,10
definitively,4
marvel,4
fuels,8
exuded,1
vigilant,2
guilty,1
says,4
obligation,13
gifts,4
brand,3
internalizing,1
accommodating,2
assignment,6
extended,3
games,11
folk,1
instruction,2
conformist,2
linked,11
splendid,4
lifelike,1
classic,6
peril,2
hardship,3
movies’,2
mesh,4
engendering,2
employing,3
interconnect,6
deserved,3
replicated,2
oppose,2
replete,1
worries,3
vehemently,1
endorsed,1
conclusive,3
keenly,2
begins,5
fearlessly,9
surprises,2
wall,2
chat,7
colossal,2
devoted,2
unheard,3
popularity,3
lifelong,16
vessels,1
degree,8
weaponry,4
intelligent,2
opposing,15
analogy,1
tricky,3
connective,2
converging,1
arsenal,1
competitors,1
jazz,2
music,8
notation,1
overflow,1
sociology,2
thoroughness,8
injects,2
paints,5
catalyzed,2
interacts,5
deepening,7
experts,6
productively,2
obtain,1
official,5
emboldens,3
underline,4
buzzwords,1
gravitating,3
energizes,6
kicking,5
recounts,3
inhibit,2
methods,9
accomplishing,1
affords,4
moralities,2
regrettably,2
forgotten,3
dwell,8
regards,5
pilot,2
fulfillment,6
restrictions,4
communicating,7
lets,7
policy,4
consult,2
strategize,3
intentionally,7
attracting,1
breakouts,1
complicate,3
situational,1
control,4
thread,4
worthiness,1
weighs,12
interweaves,1
delineate,1
bolster,12
underpinnings,1
leaned,5
informally,3
coinciding,1
concurrent,1
variant,1
ballot,2
title,3
per,1
reconnect,10
forthcoming,8
discomforting,1
primacy,2
discourses,1
boxed,3
reinvention,2
benchmark,2
version,5
clips,19
peek,1
catalyzes,5
detailed,9
rates,1
dictates,4
trumps,2
year's,7
frequently,4
moves,5
none,3
wielded,4
awake,1
clears,1
remote,1
somberness,3
overshadows,5
dialoguing,2
junctures,2
crucially,5
spend,5
competitive,3
catching,5
train,1
carves,1
strategic,7
waves,4
animation,11
entwined,3
severity,4
contention,4
abide,1
revels,2
familiarity,5
protective,2
joyously,3
iterate,1
attain,2
outdoor,1
waiting,7
shies,3
humorously,4
pages,1
candidates,1
occurring,1
assessment,2
early,9
shutting,1
meetup,1
continuously,7
sidelined,2
succession,4
shot,5
adhere,7
widespread,4
negotiating,2
systemic,1
sooner,3
fairly,7
water,1
governed,1
practically,7
finality,1
birth,1
pronounced,2
suspect,7
joining,9
observations,5
dismantling,5
reshape,3
achievable,3
rely,2
probe,4
blocks,1
lessen,5
met,5
lifted,2
firmer,2
urgently,3
safety,4
meditation,1
cite,1
buoyancy,3
ambiguous,9
stifling,4
it'd,2
horrors,1
fetched,1
enjoyability,1
interfacing,1
harm,1
thefilm,1
capitalize,6
realistically,3
statement,6
scoff,2
acting,3
commercial,1
masterwork,2
feminist,4
brewing,1
marred,1
simplistic,3
tightrope,4
instructor,3
credibility,2
comment,1
concludes,2
criticality,1
breakdown,2
rarity,1
accessing,3
gone,9
insistent,2
ation,1
escapades,1
trendy,2
collection,1
satisfaction,5
depending,2
segueing,2
hallmarks,2
reading,1
viability,1
deliberations,2
regarded,1
exemplary,3
alienated,1
flip,6
tracking,1
instrument,1
spurring,3
abandoned,1
intimidated,13
stirring,3
surpasses,4
admiration,2
cling,1
prevail,2
persistently,1
bank,1
whilst,5
dismisses,1
adjust,6
dated,1
stressing,5
filmmaker,3
kindly,4
refer,3
continuation,2
took,8
supposed,6
woes,1
dazzling,1
timeliness,3
vitality,11
stressed,6
cillian,2
murphy's,2
character's,6
paradox,1
affirmations,4
pairs,3
contradictions,1
mitigating,1
expands,3
capitalizes,3
evoked,3
teaming,3
friend,2
abundantly,2
categorize,2
prevails,3
reiterating,3
wording,3
looked,5
justify,1
recharge,5
realized,5
reputation,2
charting,1
broaching,1
extensive,7
crossover,2
characters’,3
dismantle,1
contributes,16
articulation,1
executed,3
awaken,1
warrant,12
exchanged,2
demographics,8
infuses,5
spectatorship,1
companions,1
culminate,2
professionalism,2
prestige,3
regular,3
actors,1
usual,2
saturation,1
specialized,2
outshone,1
dispute,4
attitudes,4
spin,1
riddled,3
awry,2
marketability,1
hugely,4
deviating,1
excellently,3
spans,3
mindfulness,1
ken,1
musical,2
longevity,1
lands,5
game,2
changers,1
revelations,5
intermingle,1
hefty,3
sustainability,1
binds,1
lesser,2
asserting,2
entrusting,1
turbulent,8
mentees,1
altered,2
civilization,1
symposium,1
tomorrow’s,4
recommending,4
honing,2
resiliency,2
war's,1
caught,3
chaotic,4
prefers,3
windows,1
instilled,4
discipline,3
nod,4
rethinking,1
reverence,1
wants_to_end_conversation,3
🎬,1
wonders,8
tapped,1
pitting,8
metric,1
measuring,1
reality's,1
pandora's,1
hidden,1
swaying,2
prone,1
titular,2
hesitance,5
buy,4
rate,5
employs,5
reigns,1
nudging,5
neatly,1
decades,4
unvarnished,1
efficacy,2
kids’,2
participates,1
textbook,2
sculpt,1
ventures,2
domains,1
immeasurable,3
birds,1
enlist,3
unconvinced,10
ambitious,5
talents,4
resonantly,1
investing,3
promptly,2
hurt,1
oversimplifies,1
graduated,4
persuading,1
who’s,5
sectors,1
polished,3
entrepreneurs,2
interpreting,1
molded,2
motivators,1
clarion,1
innovator,1
document,3
haunted,1
giants,1
invited,7
contemporaries,3
yielding,2
whereby,3
franchise,2
juggling,3
cheer,2
rub,1
spotlighting,2
remembering,3
imperatives,4
imminently,1
hammer,2
garnering,1
concerted,2
believed,5
destructive,3
tender,1
activism,4
humanizing,1
ill,4
grows,1
escalate,1
pillars,3
empathic,1
correlate,7
formulating,3
university,4
grab,8
empathetically,1
icon,7
american,2
attaching,1
candid,13
revising,1
dilutes,2
uniting,2
casually,1
spending,8
booth,1
onboard,8
effecting,1
wiggle,2
phrase,2
spots,1
moment's,1
globalization,1
critics,3
rawness,1
alternate,9
mankind's,1
neglecting,2
narrowing,3
counterpart,4
relics,2
feeds,1
calling,6
exhibition,1
counselor,2
fodder,1
sorry,1
cloud,2
quagmires,2
functions,1
scientifically,2
politically,3
succinctly,5
preparations,7
charming,10
disjointed,2
streamline,2
succinct,5
quandary,1
mitigate,3
trailer,2
thursday,12
pm,2
threats,1
pitch,27
downsides,3
history’s,14
template,3
committee's,1
sphere,2
meeting's,3
interacted,1
encapsulating,4
preferable,2
endorsing,1
juxtap,1
ideation,1
who’ve,1
abundance,9
strongest,10
heighten,2
revert,2
disappointing,2
deadlock,1
destroy,1
composite,1
increased,2
amount,5
socio,5
spoke,1
matinee,1
gratifying,2
sophistication,3
unravels,2
undersold,1
block,2
allocate,3
preliminary,2
decor,1
edged,5
standard,3
dramatization,1
sided,1
poignancy,1
confrontation,7
payoff,1
headway,2
personalities,3
relies,2
favored,1
regrets,4
theoretical,3
haunt,1
yielded,1
substantially,4
test,4
appropriateness,2
showed,2
misplaced,1
crafts,2
save,4
swift,1
failings,2
democratically,2
cinematographic,1
paint,5
practice,14
actual,2
predict,1
suggests,2
outpace,1
interrogate,2
resolving,2
renowned,1
spread,3
decorations,3
awards,1
ceremony,4
ambiance,8
drill,1
oriented,8
posits,1
consolidate,3
acknowledgement,1
etches,1
signpost,1
guidepost,1
party,1
beautiful,11
costume,3
contest,5
june,3
8th,1
15th,1
22nd,1
checking,1
calendar,2
finer,2
recognized,7
christoph,1
chime,3
recently,3
swept,1
rug,2
reverberations,2
dead,2
poets,2
happyness,3
comprehending,2
exit,3
amicable,2
inextricable,1
negotiation,3
accompaniment,1
lots,1
happily,7
relegate,1
items,1
thereof,1
skirt,1
hooks,1
proffering,1
reconnecting,2
assigning,1
underplay,2
glamorous,1
embroiled,1
sandwiched,2
wielding,1
festival,9
taste,1
unpacking,9
cautious,2
remarks,5
arc,3
contained,8
contagious,3
satisfactorily,2
cute,1
arranged,2
witty,4
properly,1
individual’s,5
nourishing,4
hastily,1
latitude,1
pinpoint,2
dances,2
highs,3
lows,3
devastation,2
broadened,3
increasing,3
basic,1
heartened,2
colored,1
competitions,1
wayward,1
proliferation,1
methodologies,1
parse,2
expanded,2
district,2
stations,2
coordinated,1
previews,1
teasers,1
businesses,2
sponsorships,2
spaced,1
relatively,1
coordination,2
posts,3
artwork,1
contribution,3
jot,2
contacts,3
pragmatically,1
graciously,4
screenplay,2
accommodations,1
indicates,7
(e.g,3
events),1
distributed,4
tentatively,3
administration,5
copies,1
releasing,1
compassionately,1
sketch,2
essays,6
video,5
8,4
meticulous,1
concentrating,1
veteran,2
learner,1
leveraged,2
overlay,2
assuming,2
voters,1
prioritization,2
married,1
(like,3
(such,2
context),1
distributing,4
covering,8
millions,3
montage,1
venue,7
worse,5
shied,1
bolstering,1
albert,1
einstein's,1
torn,1
flawed,1
clip,5
solicit,3
summing,1
minutes,4
tribute,1
rampant,2
discerning,3
dialogic,1
suppose,2
adolescent,3
net,2
moderator,4
narratively,1
master,2
director,3
portrayals,3
fore,1
interject,1
entrusted,1
members’,1
stated,1
educationally,2
begs,1
remiss,2
brushed,2
landmark,3
unappealing,1
hesitantly,1
poetry,3
expert,2
suitability,4
eclipse,2
cautiously,1
marker,1
magnificently,1
superb,1
workable,8
smartly,1
overwhelms,1
resonation,1
stones,3
artworks,1
charms,9
introductory,6
combo,1
pertains,2
trials,9
tribulations,2
hybridizing,1
journaling,2
surge,1
crack,1
ride,5
efficient,2
artists,2
failure,4
conundrums,3
grace,4
permeates,1
conceding,4
month,1
borne,1
socialization,1
unrivaled,1
biased,1
owing,1
collaborator,2
scheduled,5
devote,1
testimonials,5
midweek,2
trove,1
audience’s,3
sensibly,1
sharper,1
dreary,1
engagingly,1
provocative,2
centre,1
confrontations,1
cards,2
convincingly,3
wearing,1
alumni,2
icebreakers,3
expressive,3
modifying,1
colloquial,1
sensitive,2
drastic,1
adulthood’s,1
loom,1
pool,1
allocating,1
correlates,4
stating,3
visceral,3
trivializing,5
redouble,1
investigate,2
partnerships,2
dimensional,2
singularly,4
explicitly,4
assured,3
sustains,1
guideposts,1
fierce,1
temperature,2
commonplace,1
bar,1
superficially,1
enhancement,1
tonal,1
digging,1
optimization,1
unnecessary,4
opportune,2
applauding,1
latch,1
construction,1
boards,2
manifestos,1
renaming,1
poignantly,2
encompassed,2
believes,4
wednesday,3
thriving,1
intrigues,1
proactively,3
convinces,1
synthesizes,2
relentlessly,1
replacing,1
excerpts,2
configuration,1
devised,1
wrestled,1
english,2
disclosure,1
polls,3
correlation,2
rotational,1
outlets,3
indulging,1
smart,8
object,1
soldier,6
read,2
broached,1
derives,1
dance,2
receiving,2
leanings,3
inventors,1
fortify,8
explorers,1
snacks,2
quiz,1
shone,1
objectively,1
lists,1
heavyweights,1
skipping,1
unprepared,1
circumvents,1
forgiving,2
speech,1
amplifies,7
garner,7
documentaries,1
essences,1
society’s,1
product,1
maneuver,1
proper,1
fade,2
unimaginable,1
negativity,2
tantalizing,1
broach,1
collided,1
workplace,3
disagreement,4
skillful,1
yields,2
pragmatism,1
consuming,4
stoke,1
ethicists,1
surpass,3
collage,2
deadlines,1
sourcing,2
supplies,3
promotions,1
checklist,1
communications,1
reconceiving,1
three,2
watering,2
complimentary,1
psychology,3
ethicist,1
backup,1
depriving,1
stuck,3
application,3
tweaked,1
sideline,2
waver,1
identifying,3
conference,1
fervently,2
extending,4
compellingly,4
reassert,1
introspections,2
budge,3
cold,1
primed,4
necessitating,2
resolved,2
downer,2
dulling,1
forcing,8
standpoints,1
knack,1
homespun,1
exemplify,2
frailty,1
backbone,2
reviewing,2
bearings,2
perils,1
inquisitiveness,1
brush,1
spearheading,1
hundred,1
remainder,1
assembly’s,1
intensely,4
ago,1
reverberating,1
concisely,3
bow,2
trajectories,1
inciting,1
sugarcoat,1
prod,1
rigors,3
factoring,1
planted,2
sequel,1
frivolity,2
incur,1
vice,1
versa,1
stock,1
uncommon,1
ambience,1
undercut,1
pitching,7
pokes,1
overt,2
manageable,6
modified,4
utilizes,3
underscoring,4
improve,5
desirability,1
systematically,1
easiest,2
regrouping,1
precede,1
rotating,8
quicker,1
nearly,1
seated,4
troubling,2
classically,1
substitute,1
moisture,1
echoed,5
nudge,1
youngsters,2
pin,1
fate,1
confuse,1
kid,1
confluence,1
fragmented,1
beholding,1
furnishing,1
redirecting,1
continual,1
terrain,2
disregarded,1
walked,3
nailed,3
unit,1
reception,8
operates,2
heft,1
trained,1
clashing,1
curriculums,1
nights,4
pastoral,1
unseen,1
proudly,1
harmonizes,1
trap,1
doom,2
gloom,4
thin,1
diligent,2
lucky,1
consulting,1
auditory,1
determined,1
massive,2
horizon,10
heels,2
sounding,1
repetitive,1
sugar,2
coating,2
reassessing,2
injecting,1
sword,1
innocent,1
surfaces,1
wayside,1
gateways,6
forecast,1
biting,1
poetic,1
airy,1
spectacular,4
ms,3
thompson,2
mr,2
davis,1
moderators,1
leisure,1
ice,2
abrasive,1
imprints,1
scripted,1
irony,1
describe,4
began,1
loosen,1
displaying,1
apprehensions,1
episodes,1
starkly,5
consciously,2
removes,1
pastime,1
negating,1
ripples,2
silver,1
rural,4
accurately,2
rearrange,1
deepens,3
cementing,1
controversy,1
skate,1
veterans,1
personnel,2
diplomatic,1
answer,3
philosophically,1
summaries,5
soak,2
via,6
email,12
graphics,1
chore,4
disseminated,1
engagaging,1
rebut,1
guise,1
tip,3
grey,2
rosy,1
border,1
targeted,4
s,4
deterrents,1
stimulus,1
interchangeably,1
primer,3
revised,1
suppress,1
indicative,1
diversify,2
heeding,1
smoother,3
tentative,5
sitting,3
stephen,1
hawking,1
called,1
answering,2
custodians,1
convoluted,2
simulating,1
lightens,3
interim,1
revolved,1
dug,2
inaction,2
honesty,2
soberly,1
instigating,3
seminars,7
piques,1
brighten,3
transcending,3
grades,1
textured,1
filtering,2
intends,1
amusement,1
generative,1
difficulty,1
exhilaration,1
budding,4
dialectic,1
promoted,3
pithily,1
removing,1
behalf,2
mixes,2
largely,2
adjusted,2
premier,1
merriment,1
galvanizes,1
titles,2
‘oppenheimer’,2
‘barbie’,1
portal,1
incentive,2
reward,1
card,2
merchandise,1
completing,4
mid,5
underprepare,1
reel,2
affording,1
momentarily,2
learnt,1
mentorships,1
connote,1
parting,3
dares,3
leveller,1
coexistence,1
plausible,1
reimagined,1
brightest,1
formulated,2
unpacks,2
flash,1
orchestrate,3
exceedingly,1
movement,4
opposition,7
seal,2
resulted,1
glosses,1
query,3
entrust,1
loyal,1
trivia,1
horrific,1
shun,2
switch,4
sugarcoats,1
day’s,1
standoff,1
spectators,3
topple,1
govern,1
soulful,1
devotion,3
uplifiting,1
instability,1
grading,1
structures,8
distilled,1
introspectively,2
chaos,2
deeds,1
reckoning,3
afterthoughts,1
prowess,2
surging,1
convictional,1
diffuse,1
finest,1
controlled,1
hours,3
pioneering,2
dismantles,1
reconciling,1
man’s,1
fund,1
staff,5
funding,1
retention,2
currents,1
destined,1
justifying,1
remapping,1
lengths,1
predominantly,2
dealt,3
exceeds,1
tilts,1
bodies,1
swings,1
formality,1
progressed,1
clock,8
ticking,7
unleash,2
bursting,1
refines,1
considerate,4
preserves,2
apportioning,1
envelope,2
brutal,1
refocus,2
onset,2
nowhere,1
reservoir,1
temporarily,1
analyzed,1
coordinating,4
assemble,2
supporters,1
assembled,1
rsvps,1
farewells,1
outlooks,4
stacks,2
adjacent,2
minimize,2
tactfully,1
severe,1
contentious,2
digesting,3
months,5
candle,2
cafe,1
collected,3
emblematic,1
philosophies,1
transforms,2
closed,3
(as,1
rough,3
pupils,1
unwilling,1
undertaken,3
wheels,1
exquisitely,1
liked,1
pivots,2
warns,2
intellects,2
precedes,1
contain,4
accolades,2
handout,1
evenings,1
revise,1
generous,1
implication,1
seasoned,1
unaware,1
participated,1
suspense,1
jovial,1
construct,1
overviews,4
lecturing,1
deliberated,1
simplify,1
affair,3
requisite,1
inactions,1
solvers,2
psychologists,1
readings,1
compromised,1
sequence,2
tier,1
contextual,4
ramification,1
softening,2
disappointed,2
tethered,1
climax,1
booklet,1
memento,1
nose,1
guidebook,1
soil,1
purposeful,4
solidifies,2
ideologies,3
industry,1
dissects,2
elicited,3
sponsored,1
reliant,1
rush,1
eliciting,1
technology’s,1
microcosm,1
chair,1
grant,4
separated,1
repeatedly,1
sidelines,1
formatting,2
strengthening,2
nail,3
shortchanging,1
triple,1
practicality,1
preview,2
pushback,1
denser,1
bias,2
developmentally,1
essay,2
writes,1
fleshing,3
gratitude,1
cordial,1
dr,1
benefitting,1
worksheets,1
enhancements,2
campaign,2
invitations,1
posting,1
sign,1
sheet,1
johnson,1
prospects,5
government,1
clubs,3
specify,1
walks,6
grasped,1
intimate,5
tempted,1
slot,2
battlefield,3
accuse,1
quests,2
relay,1
pragmatic,1
interspersed,2
clinging,1
dignity,1
masterpieces,1
brainstormed,2
forever,3
policies,1
hiccup,1
introductions,1
2024,1
teetering,1
thrusts,1
literally,1
metaphorically,1
revitalizes,2
sculpting,1
god,1
doll’s,1
toolbox,1
sits,1
remembered,2
referenced,1
jumps,3
retold,1
sensing,1
reminiscent,2
lightest,2
humankind,1
planet,1
organizational,1
updates,1
neglect,1
fleshed,1
station,1
(10,1
minutes),3
organizers,1
(2,1
hours),1
(30,2
(1,1
hour),1
(throughout,1
event),1
photos,1
designated,1
hashtag,1
refreshments,1
verbal,1
attendee,1
doubling,2
adjourn,1
bet,2
interludes,1
graduate's,1
racing,1
farm,1
reserve,5
hopeless,2
tests,2
intrusively,1
idealistic,1
deterrent,1
ensued,1
emergent,1
transparent,2
appease,1
unspoken,1
shortcuts,1
frontiers,1
mantle,1
adapted,1
bore,1
clarifying,1
according,1
competes,1
endured,5
contextualizes,2
inherited,2
glory,2
citizenry,1
preceding,2
humanities,1
supporter,1
terrific,1
reviews,2
praise,3
credible,1
sources,4
practicing,2
scene,3
compares,1
described,1
counsel,1
fixed,1
coffee,2
feet,1
businessman,1
intersperse,1
delight,1
ancillary,2
prep,1
switching,2
lining,1
estimate,1
revisited,1
overlaps,1
falling,1
embodiment,1
bounce,5
treatment,1
heartwarming,12
deadlocked,1
hardly,2
fought,1
replace,1
adequate,1
chronology,1
naiveté,1
justifications,1
saw,3
respectfulness,1
transient,1
dull,1
tee,1
trusted,1
instructional,1
warming,2
assembling,1
conceptualize,2
segues,2
enlisting,1
panelists,2
piecing,1
atmospheres,1
para,1
intro,1
lap,1
minute,4
engineering,1
category,1
precarious,1
likelihood,1
literary,2
european,1
autonomous,1
foil,1
transformations,1
interrelate,1
chatting,1
undervaluing,2
afterthought,1
ensured,1
internalized,1
reframing,2
enchant,1
fearless,2
register,1
science's,2
downs,2
segway,1
n't,1
resist,2
constant,4
doctor,2
ordered,1
drained,2
overburdens,2
finishes,1
proponent,1
imaginatively,1
bombs,3
spill,1
commencement,1
illustration,1
upper,3
diverges,1
indisputable,1
cooker,2
destigmatize,1
downside,1
schooling,2
doorways,1
pleasant,1
battling,2
workloads,1
tense,1
immersed,3
became,1
trivial,2
inequality,1
healthier,5
uneasily,1
family,2
genre,3
confusing,4
demystify,1
targets,1
allegories,1
buoyed,6
prism,1
liberation,4
lifter,1
genders,5
annually,1
diminishes,1
skewed,1
paradoxically,1
remembrance,1
summon,1
staring,1
narrowly,1
surrounds,3
examinations,2
reinventing,2
workshops/discussions,1
implementation,4
discussions/workshops,1
foot,1
whimisical,1
accounted,2
friday,2
weekend,2
broke,1
converse,1
hobbies,1
equalize,1
paradigms,1
restrained,1
grew,2
dressing,1
fortuitous,1
adamantly,1
litany,1
referential,1
heutagogical,1
mobilize,1
contacting,1
confirming,1
underneath,2
cherishing,2
widely,5
slice,1
pacing,1
dancing,1
feminine,2
demotivating,1
citing,1
proclaiming,1
elegantly,1
&,2
compilation,1
names,1
engenders,1
content's,1
spins,1
triggering,1
merrily,1
divides,1
fittingly,3
networks,2
commonality,1
impeccable,1
insecure,1
hypothetically,1
heroism,1
intuition,1
deploys,1
satire,2
proceeds,1
traction,1
constraint,2
scholarly,2
mulling,3
wit,3
cry,3
barrage,2
consequently,1
overload,1
bravely,1
piqued,2
youth’s,1
doubts,2
dearly,2
tonight's,1
depend,1
whirlwind,3
envisage,1
façade,1
idealism,1
enrichening,1
quieter,1
minor,1
shifted,1
branch,3
winding,1
proposes,1
bind,4
universe,1
procedure,1
projected,1
stirs,3
weary,1
delay,2
perceives,1
anew,1
ambition's,1
underlines,2
past’s,1
boundless,1
disinterested,2
explosion,1
dissected,1
awakens,1
finesse,1
preachy,2
rousing,1
undergone,1
recreate,1
pulse,1
downplays,1
situating,1
packaging,4
measurable,1
outdated,5
engrossing,1
mindfully,1
preset,1
pit,1
classmen,1
undertaking,2
amalgamate,1
logically,1
joking,1
lightening,1
fabulously,1
drowning,3
refreshingly,6
woman,1
cultures,1
retroactively,1
nudges,4
stifles,2
laughing,10
capacitate,1
roadmap,2
joyride,1
fly,1
saga,1
reignite,1
admonishment,1
augment,1
spontaneous,1
conjures,1
teenager,3
sharply,2
divisive,2
idiom,1
reconceptualize,1
straight,2
reserved,1
declaring,1
skew,1
humble,1
versatile,1
deconstruct,1
normative,2
minefield,1
straying,3
yearn,2
undue,1
ecosystem,1
evenly,1
unbounded,1
upholding,2
contingent,1
solace,1
horizontal,1
versed,1
depicting,1
painting,2
ally,1
moods,1
loving,2
practicalities,1
fatigue,1
ex,1
bolsters,2
nourishes,1
emergence,1
undertone,2
narration,1
resisting,1
lauded,1
rendering,1
folding,1
agility,1
surveymonkey,1
user,1
instructions,1
poll’s,1
layout,1
(open,5
ended),5
submission,2
button,1
emails,2
customize,1
unpacked,1
restricting,1
assuage,1
show's,1
ingredient,1
fellowship,1
signal,1
fed,2
hanging,3
mosaic,1
warms,2
inducing,2
forego,1
sent,1
grips,1
boosted,1
traditions,1
fingers,1
crossed,1
unorthodox,1
taming,1
subverts,1
bearing,2
adults’,1
assuring,1
everything's,1
shield,1
underempower,1
borders,1
laud,1
safeguarding,1
tradition,1
[after,2
counting,2
hands],1
again],1
busy,1
plethora,3
generation’s,1
uniformity,1
harmonizing,2
reflectiveness,1
reacting,2
dynamism,1
partake,2
confess,1
else's,1
outshines,1
exquisite,1
users,1
resistant,1
democratizes,1
forced,2
cheerfully,1
officer,1
bottom,1
tangibly,1
intimidates,1
permission,3
flies,1
appetite,1
e,2
adjustment,1
one),1
incentives,1
raffle,1
prize,1
suffice,1
closes,1
packing,2
goodnight,1
addendum,1
syllabus,1
enchanting,2
obviously,1
excitedly,1
renewal,1
superbly,2
seamless,2
homework,1
mapping,2
versions,1
daunts,1
ingredients,4
invest,1
inching,1
chances,1
withsome,1
fault,1
retreat,1
probably,2
ton,1
artist,2
ambitiously,1
unrestrained,2
imbues,2
envelops,1
exudes,2
resourcefulness,1
forwards,1
reassurance,4
endorsement,2
healing,1
rigidly,1
unexpectedly,1
strain,2
pulled,1
tunes,1
dared,1
shirking,1
affection,1
artsy,1
premium,1
unusual,1
guardians,1
routines,1
wave,2
plea,1
picks,1
timelessness,2
swinging,1
underlining,1
‘feel,1
good’,1
punctuated,1
precious,3
commemorated,1
decently,1
tuned,1
gut,1
diligently,1
shove,1
justifies,1
straddle,1
chuckle,1
formatted,1
plot,3
allude,1
soul,1
lightheartedly,1
splendidly,2
abandon,1
affectionately,1
attachment,2
whirl,1
girl,1
sow,1
trial,1
updated,2
elaborated,1
journals,2
emulate,1
lately,2
compound,1
labyrinth,1
winds,1
contemplations,3
fullest,1
loads,1
coursework,2
roundabout,1
rejuvenate,2
glitzy,1
swing,1
absurdity,1
quirks,1
judgments,1
lest,1
generally,1
mindless,1
overloading,1
enthusiasts,1
outfits,1
collaborated,2
grain,1
reduce,3
threading,1
mostly,1
rules,1
assurance,4
songs,7
priming,1
merger,2
gem,2
graduations,1
zest,2
rejuvenating,1
thanking,1
entitled,1
loop,4
disparate,1
wear,2
outshining,1
ascribed,1
advisement,1
recenter,1
year’s,1
event’s,1
aptly,1
moviegoers,1
dim,2
symbol,1
louder,1
cram,2
longing,2
furthers,1
resembling,2
appearances,1
kinder,1
instantly,2
sensitivity,1
victorious,1
exact,1
obscure,1
ladder,1
astray,1
week’s,1
saturday,2
10,1
stroll,1
attributing,1
redirect,2
intentionality,1
upbringing,1
bonus,2
dissolve,1
average,2
size,1
pauline,1
happier,1
population,1
parent's,1
who’d,1
diet,1
nears,1
willingly,1
deliberating,1
whimsicality,1
teen,2
barbies,1
visiting,1
gradually,1
heritage,1
victims,1
emboldened,2
irrelevant,1
exhaustive,1
handouts,2
specializes,1
av,2
equipment,1
seating,1
counselors,3
identified,3
request,1
diversified,1
unapologetic,2
signify,1
fight,2
tall,2
cheerfulness,1
brightness,1
lights,4
senioritis,1
eyeing,1
bogging,2
targeting,4
observe,2
lengthy,1
masculinity,2
presently,1
wings,1
subdued,3
finals,2
anyway,1
unresolved,1
sweep,1
density,1
supplements,1
interactivity,2
emboldening,1
(transition,1
now!),1
(over,1
building!),1
(and,1
meeting?),1
hurrah,1
surprised,1
mingling,1
excel,1
pleasurable,1
concocts,1
excess,1
dictated,1
buoyant,2
joyousness,1
discouragement,1
looms,1
barack,1
obama,1
restricts,1
virtue,1
fanciful,1
versatility,2
glamour,1
stars,1
noticeable,1
motives,1
resounding,1
coincide,1
magical,2
simpler,1
frequent,1
asynchronous,1
galvanizing,1
astounding,1
guaranteed,1
four,1
inward,1
ticket,1
multitudes,1
green,1
pauses,1
élan,1
knock,1
engender,2
day's,1
t_think_we_can_compromise,1
=,2
(),2
=>,2
{,2
},2
functions.i_dont_think_we_can_compromise(),1
hint,1
isolate,1
theatre,1
granting,1
buzzing,2
apt,1
sorting,1
occasionally,2
deriving,1
restate,1
narrower,1
logic,1
packages,2
submissions,1
hectic,1
fewer,1
iteration,1
rejection,2
dressed,1
luminous,1
overpower,1
adulting,1
reign,1
obligatory,1
hooking,1
subjecting,1
edges,1
fills,1
fourth,1
fun),1
disseminate,1
misconceptions,1
feeding,1
bubbling,1
electrifying,1
confinement,1
veers,1
associate,2
droves,1
brim,1
inquisitive,1
gauntlet,1
rekindle,1
clashes,1
terrains,1
individualities,1
filter,1
tolerance,1
steers,1
simplest,1
preoccupied,1
dominate,2
anthem,1
buoyantly,1
crunch,1
cooperatively,1
iterations,2
touted,1
jubilance,1
permeate,1
unattainable,1
stemmed,1
sights,2
differed,1
fights,1
affirmatively,1
soaked,1
predefined,3
valve,1
spreads,1
thick,1
chatter,1
skepticism,1
parameters,1
realist,1
dishes,1
satiate,1
divisions,1
affirms,1
sleep,1
fruit,1
damper,1
crushing,1
simulates,1
headfirst,2
selectivity,1
kid's,1
darkened,1
understate,1
accessibly,2
boil,1
binding,1
pitched,1
irrefutable,1
underrated,1
couched,1
schoolwork,1
confused,1
relinquish,1
flying,1
bulk,1
articles,1
labels,1
venues,1
cerebral,2
revelatory,1
fork,1
hustle,1
bustle,1
dismissive,1
artful,1
climactic,1
optimizing,1
vested,1
dovetails,1
institute,1
cohesiveness,1
picked,1
manifestation,1
reliably,1
optimize,1
harbors,2
opted,1
provocation,1
feasibility,1
seed,1
threaded,1
spacefully,1
melded,1
race,1
purposefully,1
fairest,1
saved,1
cyclical,1
listing,1
craved,1
administer,1
unabashedly,1
defiance,1
musing,1
radiating,1
aftereffects,1
honorable,1
players,1
brass,1
tacks,1
finishing,2
synchronize,1
jointly,2
reliever,1
empathize,1
educatively,1
economic,1
researching,1
drifting,1
perfectionism,1
paying,1
homage,1
stride,1
upbuilding,1
judgement,2
differs,1
hallmark,1
heartily,1
designating,1
bombardment,1
owning,1
archetypes,1
either/or,2
constricted,1
flicker,1
certainty,1
affirmative,1
detractor,1
blossoming,1
compliments,1
affirmed,1
nourishment,1
oppositional,3
discounted,1
perceiving,2
partners,1
complementarity,1
destination,1
safely,1
underpin,1
reject,1
entanglements,1
wade,1
hosted,1
assures,1
incline,1
slip,1
schooler,1
lessening,1
oppressive,1
breathes,1
problematic,1
reclamation,1
cement,1
(whether,1
life),1
observation,1
mediate,1
aha,1
clamoring,1
confirmed,1
surefire,1
gesture,1
entertainments,1
boldness,1
async,1
console.log,1
statistics,1
watchful,1
pill,1
befitting,1
embarked,1
forgoing,1
captively,1
cap,1
groundedness,1
wild,1
permitting,1
balm,1
dominates,1
headlines,1
guns,1
18,1
pretext,1
complicates,1
bunch,1
flame,1
materialism,1
belongs,1
distanced,1
reframes,1
daunt,1
meshes,1
knit,1
swamped,1
refined,1
compact,1
materialize,1
grants,1
embarks,1
