hi,1921
yes,1194
important,5399
decision,2739
seniors,14148
really,2854
leaning,329
towards,788
believe,9954
offers,3466
much,918
meets,51
eye,107
fascinating,82
historical,4057
drama,62
significant,2425
themes,12677
tackles,316
social,338
issues,1663
lighthearted,551
approach,3349
resonates,2097
well,2271
today's,470
youth,384
celebrates,410
individuality,2035
self,6134
discovery,2086
crucial,2194
step,1884
world,5226
thoughts,3121
versus,77
absolutely,873
respect,1732
viewpoint,417
indeed,1320
give,350
insightful,185
glimpse,14
history,1895
weight,1815
moral,2807
decisions,1508
think,11828
balance,1897
heavier,595
subjects,269
something,1878
sparks,248
joy,3660
creativity,3825
today,1005
quite,465
intense,257
facing,336
immense,145
pressures,556
academically,16
socially,24
emotionally,170
provide,2684
fun,3500
imaginative,261
escape,110
still,7253
delivering,72
lessons,1959
identity,4838
empowerment,5010
within,428
modern,214
context,1955
encourages,2512
young,1603
people,321
dream,142
big,210
embrace,1154
equally,855
essential,2408
understanding,2498
complexities,2804
perhaps,3950
consider,3844
films,4023
address,411
growth,1370
learning,439
though,206
different,1477
ways,1166
worry,925
intensity,93
might,5235
overshadow,331
students,17733
experience,8197
whereas,15
inspire,2259
lighter,1159
powerful,746
manner,569
way,8361
find,3141
middle,518
ground,1703
maybe,655
opportunity,3087
reflect,2123
discussions,8737
regardless,282
movie,3757
choose,1757
see,5638
perspective,3310
value,3742
emphasis,352
critical,5125
thinking,2790
presented,838
there’s,566
undeniably,219
importance,3170
addressing,581
especially,2866
will,4970
soon,525
making,2102
impactful,1366
lives,4288
feel,6770
prompts,299
valuable,1848
conversations,3948
societal,2595
expectations,1377
roles,1275
simply,99
whimsical,159
story,309
acceptance,1844
personal,2434
relatable,1893
prepare,3249
realities,516
resonating,23
experiences,1957
aspirations,679
propose,411
programming,81
discussion,5980
delve,308
whatever,196
relevant,1756
share,796
insights,1740
creating,1433
bridge,522
two,428
narratives,750
yet,893
advocate,688
one,1061
film,9009
insist,10
stands,141
choice,3605
balances,111
light,1458
hearted,927
inspiration,569
reflection,2393
take,1108
vote,622
movies,589
definitively,3
decide,191
ensure,1254
every,137
opinion,150
heard,94
let’s,1855
definitely,895
proceed,196
that’s,341
best,1714
garner,3
everyone's,98
come,1248
consensus,514
it’s,3823
great,1357
everyone,811
engaged,162
agree,1532
outcome,156
explore,2514
capacity,113
later,433
even,1527
host,170
separate,116
event,1869
relevance,430
love,1369
hear,1352
parents,523
film's,661
strengths,351
discover,20
areas,31
invite,226
others,254
cast,13
votes,19
help,1649
present,1778
clearer,36
picture,34
us,1699
i’m,3067
ready,294
facilitate,447
encourage,1555
openly,63
gather,332
lingering,4
questions,1169
concerns,335
start,239
mentioning,8
resonate,3640
high,4348
school,4580
messages,1569
i’d,603
curious,255
know,316
anyone,32
ethical,2812
reflections,744
prompted,52
open,3762
floor,71
excited,1669
say,160
thank,2985
appreciate,8887
constructive,281
dialogue,2012
heart,376
set,492
revisit,105
topic,163
future,3277
enriching,946
possible,232
look,893
forward,2956
collaborating,362
keep,717
lines,70
communication,75
finalize,634
day,337
hope,1493
meetings,19
discussing,1216
selection,252
firmly,919
go,826
let,174
explain,30
first,405
touches,233
navigating,485
paths,711
toward,646
adulthood,4396
figuring,63
want,2476
additionally,631
vibrant,1806
visuals,501
engaging,4577
storytelling,891
entertained,65
sparking,223
perfect,390
blend,645
entertainment,1270
education,305
age,311
group,918
coming,1016
depth,2654
significance,1032
brings,937
table,281
certainly,1964
around,2612
ethics,2022
responsibilities,1308
need,1383
current,672
emotional,1011
landscape,91
often,671
face,1871
deal,24
stress,108
graduation,1302
uplifts,62
incredibly,1257
transitional,513
period,129
allows,1130
needed,175
lightheartedness,224
encouraging,1231
prompt,227
vital,1521
begin,93
form,127
identities,1316
given,626
circumstances,8
lean,488
suitable,90
particular,600
moment,1883
willing,1281
ideas,1326
genuinely,2425
willingness,1798
engage,3736
thoughtful,2269
bring,817
points,2036
regarding,881
challenges,1919
may,2969
packs,4
punch,7
terms,414
promoting,257
overlook,106
power,365
fostering,1299
sense,1702
community,890
among,1394
colorful,698
opens,236
doors,46
gender,472
dreams,445
empower,510
transition,2323
view,238
futures,1951
compromise,1967
thematic,137
screening,1248
allowing,1302
touch,414
upon,142
dimensions,67
celebrating,932
exuberance,8
introduce,144
complementary,58
angles,99
leave,1470
feeling,886
inspired,780
reflective,326
minds,192
idea,2440
seems,364
finding,866
common,1219
strongly,2213
showcasing,341
primary,444
key,382
reasons,258
delves,472
truly,4194
mindset,91
uplifting,2639
spirits,158
beneficial,357
uncertainties,66
make,2796
space,515
rich,767
activities,1230
starting,223
harness,28
excitement,441
energy,298
supportive,215
environment,1036
journeys,631
thus,44
far,195
next,1534
hopeful,258
merits,884
prioritizing,158
focus,997
enrich,441
afterward,1294
openness,631
gathering,220
opinions,401
larger,268
collaborative,548
highlight,716
shared,366
values,437
suggest,228
create,3913
brief,115
educators,56
weigh,150
potentially,327
quick,41
ensures,52
voices,174
keeping,254
timeline,52
embedded,34
conversation,2536
uncover,10
new,436
perspectives,1517
reach,644
agreement,197
honors,340
assembly,3272
plan,923
looking,1177
seeing,603
together,1945
i’ll,214
coordinate,21
chance,784
voice,161
shape,751
memorable,1497
unfolds,161
continue,549
ensuring,988
walk,114
away,400
whichever,91
ultimately,1413
feels,756
arrive,104
deep,1087
dive,221
science,546
presents,1283
celebration,2328
expression,659
plus,1115
fresh,143
feminism,73
wrapped,73
playful,275
aesthetic,126
today’s,177
cusp,133
aligned,59
unlike,8
somber,93
merit,491
worth,455
approachable,280
format,198
undoubtedly,713
narrative,1410
prepared,132
navigate,1062
complex,1996
emotions,139
dilemmas,1597
right,1328
heading,59
introspection,341
accessible,782
topics,1234
forget,64
joyful,1035
aspect,455
celebrate,1381
senior,352
year,344
positive,1557
outlook,55
level,879
lively,238
bonding,31
relate,381
rather,621
presenting,671
abstract,5
concepts,208
disengage,7
exploration,1490
weighty,444
examination,66
events,838
compelling,889
case,243
passion,1151
wanting,214
head,220
foundation,173
maintaining,108
lightness,138
fits,34
celebratory,1819
nature,756
showing,942
potential,1957
heavy,1329
many,1022
already,67
mix,101
anxiety,19
confidence,490
tackling,115
similar,202
responsibility,3888
nudging,10
meaningful,3862
understand,4633
serious,1738
schedule,52
workshops,144
following,309
tackle,189
deeper,2717
use,122
springboard,123
balanced,314
offering,395
sounds,529
wonderful,758
connecting,176
aspects,1100
opening,100
door,133
engagement,1898
date,36
thought,2083
fantastic,604
spirit,1167
directly,204
speaks,367
discuss,1081
aligning,42
phase,506
allow,773
handle,29
almost,6
giving,296
now,842
wisdom,24
multiple,129
levels,147
pivotal,1302
time,1983
rest,419
committee,263
emphasizing,290
frame,557
achievements,908
fosters,437
preparing,631
they’ll,210
mention,74
dual,327
respects,103
acknowledging,186
rounded,479
express,505
confront,353
include,285
accompany,71
focusing,401
linking,20
sound,323
draft,182
proposal,628
outline,243
reached,352
point,1197
established,8
found,418
better,768
fit,207
occasion,711
celebrations,32
stage,1039
seriousness,208
encapsulates,239
deeply,1594
clear,1131
priorities,24
respecting,31
highlights,344
care,489
you’re,638
arguments,430
separately,16
okay,102
show,734
entertaining,583
adults,1227
unique,2071
spark,1519
pursuing,67
one's,588
leans,108
heavily,77
connect,880
personally,197
years,208
gives,161
inspiring,463
profound,2216
needs,305
benefit,743
levity,56
stereotypes,192
moreover,971
ease,29
invigorate,8
remind,29
imagination,369
working,309
children,34
i’ve,51
seen,203
learned,60
delivered,9
certain,57
true,321
approaching,84
juncture,214
ability,320
critically,1532
dealing,34
lot,352
college,99
applications,19
adding,52
instead,238
empowering,793
serve,1235
anchor,9
reminding,37
amidst,75
post,641
whether,241
subject,195
matter,425
wish,151
pursue,124
dedication,473
intellectual,409
passionate,696
refreshing,396
diverse,337
remain,492
convinced,353
serves,481
recognize,875
screen,133
supplemental,39
activity,225
organize,104
panel,416
series,169
featuring,83
leaders,235
related,241
enjoying,116
provides,1789
fulfills,11
goals,191
worlds,170
completely,1202
acknowledge,377
said,1826
primarily,58
champions,27
positively,253
concern,329
bit,343
they’re,246
experiencing,120
deliver,88
combined,235
filled,446
aligns,829
lasting,1044
memories,244
bond,65
various,232
centered,93
scaffold,2
delving,51
hoping,81
prioritize,243
position,176
viewpoints,382
commitment,1175
raised,157
joys,23
exchanging,7
initiatives,32
integrate,245
chosen,203
culturally,21
cinematic,280
achievement,77
carries,376
interests,501
graduating,204
valid,541
contemplation,103
argue,261
challenging,543
norms,511
means,196
oneself,150
external,10
dipping,1
graduates,146
exploring,933
lens,442
necessary,257
incorporating,674
session,243
providing,1053
using,268
frames,16
provoking,1329
ignite,204
notion,101
forge,91
oppenheimer's,106
broadly,13
majority,152
alienating,19
unites,4
divides,1
additional,283
presentation,232
interested,246
cater,199
foster,1780
richer,279
overall,294
students’,304
input,279
reflects,466
appealing,239
reconsider,168
wholeheartedly,174
enjoyable,582
final,587
forefront,70
polling,46
student,235
body,58
prefer,121
weightier,34
work,725
involving,68
spirited,67
ahead,807
survey,381
reconvene,51
results,66
optimistic,164
solution,281
good,243
closely,182
journey,978
discovering,25
exactly,56
tone,623
delightful,159
break,148
stressful,82
comes,454
despite,98
prepares,223
real,1101
situations,59
invites,631
choosing,509
material,253
grappling,467
convey,124
educational,1784
holistic,108
balancing,254
made,507
embark,682
organizing,101
follow,1309
compare,21
figures,74
choices,3063
side,69
life,2025
mirror,63
faced,278
knowledge,305
specific,482
audience,513
currently,19
empowers,158
helps,108
sentiments,81
special,236
interchangeably,1
lead,1416
intertwine,29
strong,905
feelings,259
although,67
wrap,129
plays,37
doll,17
cultural,225
icon,5
visually,457
stunning,408
appeal,583
hold,558
interest,200
type,69
pace,6
vibrancy,114
enthusiastic,40
arise,169
impact,2637
considering,1013
excellent,399
evident,140
helping,154
communicates,14
uniquely,143
tailored,31
growing,61
paramount,69
speak,54
led,31
teachers,89
viewing,749
intellectually,209
striking,76
facilitating,181
structured,149
cultivate,182
you’ve,231
articulated,110
captivated,6
expressions,19
creates,228
atmosphere,2020
participation,64
evolving,64
concede,189
place,400
joyous,435
second,18
advocating,334
opportunities,294
thanks,78
sharing,330
impasse,186
mind,224
grow,62
learn,144
meeting,499
stepping,390
beautifully,396
represents,132
surrounding,625
past,415
technology,328
generation,203
plans,126
film’s,243
humor,857
likely,166
participate,48
teach,30
hearing,648
feedback,258
change,146
consequences,2097
mold,16
individuals,305
relatability,758
strike,210
chord,28
prevalent,12
daily,18
consideration,163
elements,1357
either,280
alternative,72
incorporate,985
sincerity,5
kind,556
shake,136
taps,45
lived,9
immediate,275
integrating,269
maintain,351
stance,197
disagree,43
unless,7
beyond,882
communal,22
raises,150
message,833
dives,360
addresses,500
pursuit,50
challenge,735
creatively,136
captivating,101
utilizing,26
laughter,377
cohort,5
sticks,5
long,366
informs,41
inquiry,23
doesn’t,129
shy,109
we’re,483
targeting,4
drive,25
mental,54
health,27
boxes,7
children's,151
librarian,175
witnessed,7
captivate,80
intention,75
emerge,67
seeking,64
gap,165
mine,8
shows,147
leadership,105
creative,829
ambition,319
laugh,69
enjoy,459
transformative,250
embracing,423
comfortable,170
line,75
select,155
inherently,33
seamlessly,21
collaboration,458
contribute,174
revolves,9
chasing,6
graduate,210
engages,195
possibly,173
overwhelming,228
days,55
simultaneously,68
rare,20
uplift,347
authenticity,120
thrives,6
solely,138
impression,353
here’s,79
envision,318
1,113
watching,227
small,106
2,105
projects,145
instance,163
artwork,9
write,11
short,81
essays,4
3,98
guest,86
speakers,64
inviting,318
local,25
role,273
models,12
stories,176
overcoming,8
obstacles,4
connection,994
discussed,101
4,75
involvement,21
tie,184
service,3
teamwork,17
difference,31
blending,295
without,1013
sacrificing,70
equips,39
support,551
mindedness,101
thrilled,207
move,910
strategies,28
we’ve,233
laid,28
enhance,412
happy,159
planning,271
sure,332
entertains,155
carry,404
put,263
action,57
success,80
you’d,96
details,206
please,76
free,147
started,53
incredible,104
eager,340
everyone’s,66
enthusiasm,672
makes,192
going,336
animated,11
storyline,77
diverges,2
traditional,93
society,1204
piece,83
what’s,170
deals,57
runs,14
risk,94
unapproachable,2
artistic,204
representation,146
breaking,164
sparked,134
beauty,82
standards,34
encouraged,64
authentically,21
catalyst,217
peers,130
esteem,36
pressing,71
inclined,208
raise,178
influence,159
particularly,716
poignant,83
formative,128
image,121
peer,9
pressure,164
factors,22
significantly,102
reject,2
receptive,19
theme,165
incorporates,109
exciting,171
films’,61
definite,2
structure,187
main,334
feature,355
individual,292
followed,188
workshop,127
depicted,63
considerations,356
reflecting,216
implications,1758
fantastical,10
backdrop,54
sides,92
option,265
glad,788
converge,3
productive,355
throughout,257
pta,524
anything,179
assist,15
fruitful,76
imparts,22
wide,59
meanwhile,7
sensitive,7
load,4
undeniable,35
meant,51
accomplishments,417
insight,255
admire,378
difficult,263
milestone,296
heaviness,183
staying,17
reconsidered,1
vibe,74
hosting,167
outside,142
interesting,164
cultivating,30
characters,341
positivity,626
board,205
putting,59
ends,26
collaborate,434
initiate,55
act,37
steps,338
sways,10
thinks,63
confident,271
transitioning,154
pastel,310
color,277
palettes,166
pleasing,10
unforgettable,98
contrast,119
brilliant,82
less,80
captures,403
wonderfully,46
uncertainty,54
camaraderie,165
send,77
optimism,117
encouragement,91
positives,9
wouldn’t,46
shaping,387
overshadowing,88
rigorous,32
studies,29
honoring,96
possibility,492
vision,228
weaving,53
close,60
belief,652
perfectly,171
weighing,57
angle,323
impart,76
delivers,124
encapsulating,4
concerned,250
sending,19
capturing,37
anchored,10
suited,47
compromising,62
explored,159
thoroughly,52
specifically,35
redirecting,2
back,277
fully,357
respectful,149
views,266
passionately,125
cherish,109
exchange,100
pick,52
toy,5
explores,252
chapters,90
doubt,56
contemporary,249
connects,162
academic,149
women,42
inclusivity,94
mark,39
sometimes,306
wonder,285
intriguing,196
diving,91
range,119
proposing,84
meaningfully,97
content,512
able,238
firm,348
representing,4
qualities,213
audiences,107
amongst,41
another,229
night,52
aware,65
scientific,1153
advancements,343
tool,59
pairing,206
favor,128
rigor,24
global,151
commendable,310
emphasizes,245
furthermore,272
isn’t,107
monumental,67
tell,24
confined,3
cultivates,31
innovation,878
argument,237
mood,243
patience,10
profoundly,233
yearning,5
stimulates,26
conform,61
fulfill,24
held,5
afterwards,150
satisfy,53
objectives,32
younger,97
promote,234
heavyweight,2
complexity,482
background,31
associations,1
goes,119
trying,1094
instill,190
path,206
critiques,6
brink,474
diversity,142
inclusive,186
kindness,5
endeavors,148
end,270
offer,1268
sincerely,157
based,161
embodies,348
youthful,11
enables,17
latter,16
reception,10
deadline,46
members,215
gauge,212
broader,647
framing,339
options,225
aside,24
draw,238
fellow,62
conclusion,120
always,210
introduces,30
femininity,24
hand,218
masterpiece,50
intimidating,22
process,375
chapter,768
deny,8
ask,84
uplifted,272
schoolers,29
brought,100
commend,60
holds,308
acknowledges,93
little,54
contexts,153
honor,309
letting,35
approaches,96
suggestions,157
speaker,45
movie's,50
remains,276
prominent,9
must,350
remember,127
underlying,37
upcoming,165
changes,61
utilize,32
merge,101
cinema,86
segment,77
alongside,465
essence,414
losing,124
moving,395
resolution,72
thoughtfully,175
leaving,145
component,53
combination,190
interpretations,39
submission,2
section,27
submit,7
writings,1
mini,12
exhibition,8
display,5
guiding,66
complement,200
everything,162
guidelines,2
brainstorm,184
logistics,54
we’ll,120
cover,47
bases,9
seamless,7
meet,162
mapping,6
bringing,191
rewarding,39
enhancing,60
touching,101
base,50
firstly,144
messaging,70
commentary,76
human,608
female,15
sincere,8
molds,31
overwhelmed,127
weightiness,79
easily,24
setting,350
charm,125
introducing,142
strikes,96
wider,144
champion,55
readily,17
burdensome,18
promotes,370
remaining,15
art,458
realizations,9
align,276
considered,152
blended,81
includes,94
several,86
hard,131
introspective,47
bridging,65
reflected,41
reactions,27
noticed,4
stimulate,183
room,270
subsequent,39
paired,76
grateful,113
discourse,153
covered,16
effectively,330
intimidated,6
suggestion,301
devise,11
leverage,36
recognizing,136
foundational,46
focused,176
brainstorming,60
solutions,36
substance,77
nails,1
woven,39
jarring,1
course,62
convince,54
dampen,19
festive,67
ages,5
ambitions,73
empowered,264
suppose,5
differing,170
visions,72
reacting,1
desire,556
lie,60
entertain,152
beginnings,27
motivation,50
boldly,14
components,68
shift,40
singular,27
happiness,45
debate,56
lies,225
preserve,6
separating,3
desires,51
nod,7
planting,10
seed,2
organically,12
inspires,258
track,20
palette,112
alone,37
starter,139
involved,197
example,99
provoke,559
themed,111
optional,17
worried,8
scenario,19
release,6
secondary,25
assemblies,17
preparation,43
acceptable,22
formulate,6
genuine,59
history’s,7
inform,57
echoes,8
provided,49
amenable,14
friendship,181
aesthetics,107
precisely,14
packed,21
air,13
dramas,5
morality,512
motivating,35
analyzed,2
student's,7
preferences,312
coexist,102
affect,97
immediately,34
gravity,275
authentic,39
overlooked,111
stick,96
longer,31
arrange,51
relates,43
goal,236
subtler,1
benefits,331
leads,101
fairly,8
kick,42
senses,3
kids,63
teens,47
representations,15
appreciated,37
months,6
deserve,199
leaves,118
fact,43
other's,23
uniqueness,173
combines,129
differences,24
recognition,11
moments,452
building,80
resilience,249
missing,45
clichés,2
one’s,121
tying,47
amplify,18
conjunction,22
encounter,417
layers,86
dedicated,38
programs,13
including,219
takeaways,74
appeals,67
army,2
remarkable,79
job,37
freedom,33
limits,8
finals,2
season,14
capture,176
attention,160
considers,16
relaxed,50
officially,35
deciding,36
confirm,8
coordinating,9
adventure,33
sends,11
myriad,18
stigma,1
seem,127
surface,96
typical,15
situation,31
opting,22
timely,69
deserves,116
spotlight,58
analysis,52
supplementary,118
evokes,21
win,109
admirable,108
advocacy,70
substantial,203
commit,30
initiative,38
curriculum,36
implement,38
playing,11
showcases,232
colors,91
mixed,29
accountability,251
standout,5
features,29
weave,89
package,31
friendships,62
dialogues,258
encompasses,58
indirectly,2
biasing,1
psychological,8
layered,80
reconsidering,28
transitions,141
persuasive,12
uses,21
motivated,54
friendly,7
emphasize,533
part,313
group’s,3
clearly,113
engagingly,5
faculty,49
presentations,18
conveys,97
impressive,31
collective,173
searching,6
historically,28
useful,6
avenue,85
comprehensive,121
program,77
integrates,14
actions,1329
reminder,199
ramifications,152
stand,562
covers,33
holding,42
poll,111
informed,297
amazing,20
catch,13
broad,27
demographic,14
tough,109
watch,91
gearing,9
getting,50
uncertain,34
dose,8
along,135
connected,102
accomplishes,19
shying,25
substantive,29
contemplate,97
harder,6
achieve,221
burdened,28
equipped,81
stem,88
arranging,16
adds,62
layer,57
expressing,23
initial,47
took,12
concept,61
platform,277
double,57
fatigue,1
plates,1
moderated,4
limit,9
selected,86
clips,32
due,118
catering,27
refining,9
realized,2
taken,87
alumni,10
continuity,1
distinct,39
motivations,10
behind,237
finalizing,73
aim,140
innovative,54
contemplating,41
visual,154
style,54
someone,100
interacts,2
regularly,5
children’s,25
question,110
matters,94
highlighting,221
contend,29
viewers,258
calls,59
bright,62
possibilities,151
reason,21
veering,4
depict,4
spectrum,25
importantly,11
courage,69
posed,25
represent,32
ears,42
react,11
stay,113
dark,4
purpose,233
starts,9
struggles,100
potent,13
poses,43
progress,224
embodied,18
steadfastness,25
core,82
fear,327
actively,60
necessity,43
consequence,125
effort,106
believing,30
handed,9
applaud,2
proactive,10
understood,19
paving,16
suggested,61
immersive,13
robust,88
reaching,156
drafting,88
overview,27
development,376
email,13
math,1
humanities,4
guidance,10
counselors,1
solid,115
team,23
crafting,102
promotional,17
materials,93
generate,47
planned,21
scheduling,58
effective,46
helpful,24
outreach,4
plenty,13
smoothly,21
coordinated,2
happens,5
week,97
strategy,31
resources,66
thursday,11
afternoon,8
works,64
pm,4
ample,21
contributions,64
absorbing,5
exemplifies,5
freely,46
tragedy,5
entails,7
combining,267
suggesting,66
leading,188
centerpiece,23
selecting,131
handles,6
across,41
urging,28
stresses,18
evoke,142
venture,96
traits,22
reference,17
addendums,1
dynamic,106
closer,39
hits,2
influences,22
educates,31
cooperative,4
beautiful,67
class,165
introduced,12
highly,58
aspire,36
thoughtfulness,116
response,142
connections,320
recognizes,19
gently,7
keeps,26
intact,4
q&a,56
fitting,255
healthy,17
wiggle,2
encapsulate,58
lift,25
headed,9
succeed,7
respond,132
pitch,37
demonstrates,30
deepen,67
m,1
page,70
proposed,64
segments,9
confidently,43
foremost,26
highlighted,129
enlightening,123
reinforcement,6
understated,28
duties,1
believes,3
hybrid,112
discussion/event,1
settle,37
exceptional,77
portraying,10
overly,52
dreaming,38
couple,32
hours,5
albeit,184
easier,37
digest,19
teenagers,45
gained,17
resonance,93
culture,76
harmonizes,3
developmental,18
stages,51
reminded,3
unexpected,19
pair,67
persistence,13
entail,6
deter,12
canvas,17
struck,14
purposes,40
forming,33
we’d,29
adult,287
increasingly,171
equality,20
inclusion,23
multitude,9
underestimated,16
introductory,10
classes,15
trajectory,3
barbie's,64
intent,25
enjoyment,408
reminiscent,11
flexibility,93
reality,162
crafted,86
experimenting,12
taking,100
pathways,24
capabilities,8
imposes,29
restrictions,1
stronger,101
hearts,40
daunting,90
safe,72
burden,49
trauma,6
truths,61
marks,20
promise,13
optimistically,1
supported,28
bogged,8
conflicts,17
become,187
momentous,43
offered,69
awareness,351
richness,71
exercise,17
alternatively,11
pre,59
sight,31
mission,20
communities,22
ownership,22
direction,300
wait,66
responds,26
can’t,170
actually,103
crossroads,52
mentioned,126
subtly,33
wrapping,23
interactive,282
don’t,126
elect,1
diverge,9
pause,9
variety,45
compared,84
discusses,15
teachings,4
talking,48
defining,34
portrayed,64
imagine,75
dampening,7
shines,52
honestly,44
figure,56
weighed,72
straightforward,15
lose,24
fervent,1
advocates,7
rigid,19
darkness,2
reframe,4
agency,103
hindrance,1
energized,21
regard,37
seniors’,91
guided,98
roots,3
heartening,20
structuring,42
embody,28
structural,1
disappointing,3
takes,47
account,36
dabbling,22
hobby,7
differently,48
tries,25
preconceived,4
lighten,49
apart,13
media,55
arising,11
forms,53
multifaceted,143
questioning,35
complements,60
enabling,26
broadens,5
rounder,1
quandaries,35
associate,7
character's,5
reshape,3
conduit,7
grapple,497
facilitation,3
added,27
dimension,10
prompting,149
tentatively,3
mature,49
nostalgic,13
exhilarating,6
highs,2
lows,2
earnestly,2
minimizing,2
tension,14
validates,6
diluting,24
loudly,1
instills,24
pride,13
accompanying,20
proceeding,15
delighted,18
fabulous,9
redefine,18
live,79
upbeat,54
sentiment,73
gave,2
last,161
thing,13
lecture,9
integration,6
soften,6
linger,16
ideal,73
serving,29
committed,183
responsible,135
add,144
heartened,2
satisfactory,3
official,9
approval,17
pleasure,140
cleverly,13
lauded,1
fondly,54
invokes,10
dismissing,49
facets,28
embraces,104
establish,32
created,30
framework,220
aims,30
sets,64
hesitant,27
broadening,2
things,106
presence,2
obvious,2
enter,557
receive,48
curiosity,126
inclination,88
centers,15
retain,11
jumping,12
drawing,103
parallels,152
marry,19
watched,15
nostalgia,87
childhoods,2
sway,145
memory,25
unwavering,67
appear,8
revel,20
aid,15
immeasurably,1
harnesses,6
grounded,25
experiential,7
nurtures,20
chart,6
respective,44
nuances,112
stimulating,110
divergent,4
couldn’t,13
supporting,178
hopefully,86
catchy,48
soundtrack,38
barriers,17
ideally,20
information,18
opposed,15
limiting,4
facilitated,25
affinity,3
welcome,48
steadfast,170
decided,12
determination,18
belonging,44
states,7
accompanies,11
politically,1
happen,77
concluding,10
somehow,24
shown,62
communicate,53
mindedly,1
pertains,4
character,157
arcs,6
wrong,12
burdening,9
notions,12
identification,4
keen,69
nurturing,86
validated,17
represented,57
detached,7
merging,83
impose,11
hello,42
feast,9
eyes,17
dabbles,15
resonant,30
build,79
takeaway,42
culminates,1
prioritizes,28
valued,40
dense,14
ethos,7
achieves,35
disservice,7
brightness,6
aptly,1
interactions,11
phases,24
pretty,10
positions,39
invoke,19
cheerful,20
earned,3
unfortunate,3
epic,2
associated,43
junction,7
assigns,2
travel,1
solace,2
affirmation,18
meld,10
binds,1
marking,14
combine,146
timing,24
experienced,17
constraints,44
tones,30
pivot,24
dolls,13
artfully,4
passions,67
carving,7
dictate,4
burn,1
steer,20
exposing,179
objective,16
humorous,24
differ,29
contemplative,18
available,15
compelled,34
contending,1
stressors,3
exams,21
respite,10
greatly,135
compromises,67
showcase,208
settings,29
spectacle,6
audience's,13
vehicle,38
truth,8
anticipation,14
redefining,6
knowing,48
thorough,17
necessitating,1
intricately,5
manifest,10
unlock,4
developing,43
illustrates,26
energize,29
gateway,54
pondering,10
valuing,25
stimulation,15
pave,38
exemplified,3
combo,9
profundity,2
method,21
duality,43
promising,37
greater,151
center,65
near,30
collaboratively,42
reasoned,2
instilling,66
avenues,97
design,38
pleased,29
joyfully,27
farewell,19
talk,69
whimsy,30
saying,48
happening,9
magic,7
becoming,53
reinforcing,30
bonds,13
they’ve,69
built,20
accomplish,40
confronts,22
intersectional,1
mixing,25
enlighten,6
hinge,1
impacts,218
unity,69
showcased,43
reasonable,23
involve,81
parent,15
child's,1
examining,52
t,6
breath,12
busy,10
music,20
movement,2
fleeting,10
departure,1
usual,5
positioned,24
beliefs,54
phenomenon,31
reconcile,29
station,5
hands,25
viable,27
spades,9
cohesive,37
underestimating,19
shifted,2
dramatically,4
examine,44
thrive,18
wrestling,8
relation,57
illuminate,31
rooted,78
matches,5
entering,218
footing,1
persuade,28
enriches,68
verge,73
box,64
preference,125
reiterate,32
forth,77
shoulders,7
turn,24
seize,1
joint,23
matinee,1
aiming,80
smaller,21
successfully,12
steering,9
terrific,1
amalgamating,1
stemming,69
project,81
organized,27
inventive,2
constructs,12
inside,3
classmates,9
digging,1
justified,2
capacities,4
solidify,46
trigger,3
mesmerizing,2
–,71
listen,114
approached,25
dynamically,1
contrasts,18
negatively,6
depending,5
pursued,4
manage,5
screenings,72
logistically,2
maximize,37
classroom,68
flesh,6
successful,30
climate,57
unapologetically,10
bittersweet,3
minded,31
cases,17
attendees,15
glean,14
whole,70
listening,24
it’ll,33
knows,12
guide,265
haven’t,16
careers,153
darker,44
conduct,31
informal,27
skills,276
prefers,7
pitching,7
aspirational,9
comparatively,1
totally,117
maintains,54
imparting,51
mediums,6
observe,1
resulting,5
leveraging,13
incite,20
comfort,19
born,1
dynamics,27
tied,75
felt,11
stark,30
nonetheless,48
helped,11
facilitates,22
cross,6
wealth,13
debating,6
looks,33
stalemate,17
conviction,203
transcends,53
mere,56
flaws,3
shine,59
educating,22
life's,60
tackled,14
honest,26
perception,27
link,24
artistically,19
writing,59
alive,43
nearing,30
school's,16
gravitas,37
onto,44
genres,5
inspirational,45
play,118
spent,31
aspiration,19
liberated,2
unfortunately,12
diverging,2
artistry,103
conveying,25
confronting,153
invaluable,417
trends,6
garnered,7
considerable,7
buzz,11
student’s,2
magnificent,2
sheer,10
captivates,23
concurrently,2
initiating,16
lesson,209
individualism,16
medium,27
strengthen,38
reasoning,76
impressions,25
focuses,77
pushes,86
strength,38
anchoring,2
invitation,34
status,6
quo,6
continued,106
extensive,6
empathize,2
puts,4
championing,30
draws,47
initially,30
proposition,16
enjoyed,44
realize,49
remainder,4
pose,24
supports,46
conversational,3
apply,71
gentle,4
midst,3
central,29
summary,8
mesh,3
strictly,11
stretch,9
joyously,2
entirely,46
expressed,20
concerning,24
define,78
wise,10
nuanced,229
dissect,7
stones,1
invested,75
accessibility,133
entry,67
necessarily,19
rely,3
digestible,20
parallel,27
genre,2
typically,20
fantasy,6
immensely,95
manages,21
motivational,13
clarify,30
validation,3
commonly,1
tremendous,27
combat,1
emphasized,14
hurdle,1
equip,252
approachability,11
seemingly,3
simple,36
appreciation,87
encountering,15
arbitrarily,1
lost,15
fulfilling,36
analyze,59
unwind,69
panels,44
oppenheimer’s,35
charming,12
empathy,36
least,40
assert,7
principles,14
sturdy,2
grounding,35
capable,28
direct,27
develop,120
conventional,17
carve,71
fair,103
entire,29
attribute,1
determine,26
voting,68
atomic,271
bomb,246
portrayal,68
refine,33
additions,18
enough,60
informative,13
practicing,4
delivery,8
run,71
introduction,80
flow,14
practice,21
striving,10
you’ll,13
conclude,100
closing,14
conversely,11
got,17
assistance,13
hey,1
equipping,116
suit,14
indicates,3
beloved,6
alike,19
bombarded,9
reprieve,10
effectiveness,2
function,3
framed,97
undervalue,2
beacon,1
burdens,15
overwhelmingly,21
teaching,42
culmination,17
convictions,45
strive,28
successes,40
resort,1
agreeable,25
number,10
recent,10
ties,65
maturation,5
advantage,15
laden,6
boxed,1
liberating,15
prom,1
event's,3
pathway,28
extract,9
exposed,20
standalone,18
transparent,2
provokes,46
reservations,41
energizes,6
pertinent,125
s,9
overshadowed,19
looming,8
dominate,1
unintentionally,9
vibes,22
weeks,11
readiness,25
5,55
illustrate,20
alignment,10
modify,5
designs,2
execute,4
masterful,41
technique,1
state,50
insecurities,3
anxieties,4
escapism,25
infused,8
relief,20
forum,39
satisfies,46
map,2
partner,12
unfold,41
bridges,20
detract,27
intertwines,16
motivate,76
active,26
embodying,10
effect,22
extremely,22
conformity,10
backgrounds,23
hitting,8
dead,2
counterbalance,18
possesses,9
heartedness,172
committing,16
adventures,75
surely,44
gripping,31
times,48
convincing,12
aimed,21
involves,29
influential,17
note,25
placing,15
seek,79
struggle,29
everyday,32
generated,16
headway,1
celebrated,66
naturally,28
incorporated,7
interactivity,2
standard,5
freedoms,3
situated,1
integrated,36
securing,6
nurture,27
developed,9
staff,10
artists’,1
sensibilities,5
universally,15
holistically,8
try,19
remarkably,6
weighs,13
utility,1
becomes,24
crave,12
continuing,136
responses,86
yielded,1
playfulness,20
mindful,24
dear,7
unable,42
require,89
accommodates,8
imaginations,15
enthusiast,11
lightens,3
processing,9
infectious,16
extraordinary,36
affecting,6
remembered,1
turning,34
decorations,7
breakout,18
teams,1
groups,64
addition,64
costume,3
contest,4
dress,9
favorite,14
versions,2
join,12
dates,5
timelines,1
pacing,2
festivities,6
calendar,2
avoid,4
june,4
10th,1
8th,1
15th,1
22nd,1
check,9
threshold,21
limitations,17
intertwining,13
disengaged,5
beneath,7
plethora,1
tools,152
subtle,9
nudge,2
changing,130
brighter,7
expect,24
insistence,17
leverages,6
stone,19
lessen,5
appropriate,67
mirrors,37
explorative,3
rigidly,1
alternate,11
comprehensively,8
laughs,12
overwhelm,16
gravitate,11
witnessing,17
heartfelt,68
pushing,56
pulled,2
elevating,12
hate,5
amid,14
inthat,1
strain,3
craving,13
curate,13
craft,88
honored,17
older,15
edge,15
festival,13
tap,27
consciousness,11
fusion,4
ultimate,12
validate,6
neither,3
recommendation,17
instigate,31
precedence,34
overstated,16
nice,37
unifying,5
poets,1
happyness,5
fondness,1
broaden,29
search,6
compile,13
list,24
revisiting,28
surprisingly,2
home,21
drawn,84
locked,1
packaged,3
firsthand,33
shapes,85
lenses,24
comparing,6
dots,10
covering,6
allowed,6
reinvent,1
pull,25
gain,105
issue,16
finishing,3
full,105
ceremony,5
forged,4
dig,11
channels,11
specifics,14
eventually,18
individually,6
mixture,4
joyfulness,10
adore,8
meaning,36
unrealistic,12
source,30
lifts,6
processes,18
fuller,8
illuminated,4
fashion,8
extended,3
miss,140
resolutely,3
metaphor,5
comforting,8
arranged,2
impressionable,3
welcoming,29
book,4
library,14
elaborate,8
reviewing,4
intricacies,53
selves,47
togetherness,23
cap,7
carefully,23
buoyant,8
call,66
sobering,6
imbues,2
sort,25
reat,2
asking,32
wants,7
boundaries,46
arises,8
selections,20
disconnected,6
recently,4
aviation,1
ongoing,35
halfway,24
disconnect,4
inquiries,21
slightly,18
worthwhile,30
front,30
delight,3
sessions,71
winning,3
genders,2
decades,3
looked,8
collaborated,3
dialog,4
matching,1
won’t,14
factor,72
absorb,10
juxtaposing,3
counterpoint,5
artist,12
breaks,14
cinematography,165
rapidly,137
besides,16
portrayals,3
unlimited,1
interconnected,12
manners,4
conditions,3
paves,3
occur,8
treat,8
evolution,7
career,26
window,3
educate,37
enlightenment,7
underestimate,44
advancement,232
embarking,35
distanced,3
progressed,1
regressed,1
food,19
intentions,34
independent,12
thoroughness,4
unparalleled,69
seminar,2
complete,20
enhances,24
quality,36
depart,4
familiar,16
surroundings,3
trait,2
designed,19
endorsing,4
rooting,8
conducting,23
prospect,20
arrived,9
mean,62
triumphs,24
vibrantly,2
endless,4
parts,19
instantly,1
interpretation,10
culminate,10
nothing,21
eyebrows,1
theses,1
march,1
element,82
realm,18
nights,3
pure,9
grapples,21
accomplishment,15
juxtaposes,4
bent,1
citizenship,14
fears,5
imagery,14
disarm,1
grim,2
immerses,7
motivates,6
pulls,3
imagining,4
ignites,30
lifelong,8
arts,26
intermixing,1
pioneer,3
negate,10
featured,48
received,12
embraced,7
united,10
catalyze,20
reacts,10
biopic,21
fundamentally,39
earlier,14
legitimate,2
do's,1
don'ts,1
industry,2
caters,46
kinds,46
changed,11
tumultuous,3
countless,2
heartwarming,17
anxious,8
relax,29
smile,10
ignited,6
peppering,1
favorable,2
admit,20
cause,2
excerpts,3
taste,10
warrant,7
careful,11
snippets,6
seriously,49
quotes,20
rush,3
decides,27
complicated,31
reaches,10
varied,39
setup,7
major,41
movie’s,13
shorter,10
straddle,1
affirming,21
animation,14
fearless,1
beforehand,31
philosophies,1
attached,6
placed,16
defending,2
diminishing,10
committee's,3
chase,14
dwelling,6
guides,10
reframes,1
infuses,8
jubilant,5
recognized,10
re,13
evening,54
effects,60
integral,29
intersect,29
sole,14
clever,15
articulate,74
cares,6
push,79
hash,1
grave,12
analyzes,1
satisfying,12
adapting,3
iron,6
camp,2
breakthroughs,14
witty,4
brainstormed,4
general,11
hopes,26
lay,24
groundwork,27
practical,14
stylish,5
emotion,14
limited,15
included,50
accommodations,1
condition,64
hoped,4
lots,3
impending,52
assignment,1
relating,23
purely,13
standpoint,23
proponent,1
they’d,12
digital,10
generation’s,4
constantly,19
broadcast,1
observed,4
perceive,26
endorses,2
places,18
unnoticed,1
intrigue,7
derive,3
interact,9
beauties,2
ones,40
disappointed,3
proves,3
cloaked,1
credits,43
roll,44
trust,31
unknown,13
abundance,6
reassures,1
reevaluate,5
marries,6
collaborations,10
nevertheless,32
permits,1
term,126
powerfully,34
demands,67
lastly,27
receiving,4
strengthening,3
relationships,29
translates,1
interpersonal,4
empathetic,4
extend,115
hugely,8
candid,7
urgency,61
circle,11
anytime,10
borne,1
revolve,7
standing,35
forging,14
promoted,3
morals,5
outlining,43
laughing,5
congenial,1
difficulties,2
embolden,3
links,6
swayed,21
flexible,15
glance,7
top,22
trend,1
creatives,1
noting,12
pursuits,25
finish,9
definitions,2
wholly,4
denying,12
upliftment,14
guests,2
agreeing,15
cultivated,2
onboard,7
turns,36
posted,3
juggling,1
volumes,17
healing,2
single,41
modernity,2
crowd,8
achieved,20
sprinkle,3
defense,33
ending,9
formation,10
gaining,9
outcomes,39
laying,19
infusing,18
historian,2
instructor,1
elevate,97
stations,8
pool,1
flyers,3
businesses,3
sponsorships,1
area,6
identify,14
tasks,10
blends,32
organizational,2
conflict,17
holidays,1
weekend,2
families,4
early,6
strengthens,6
partners,1
review,26
agenda,9
loaded,3
lack,34
believer,2
person,7
lend,16
questioned,1
traditionally,2
excels,21
originality,2
challenged,46
walking,6
clarity,45
fuel,8
ended,15
unearth,2
distributed,1
circulate,5
drafted,13
tomorrow,12
distribution,12
brilliantly,18
limitless,10
girls,9
poised,23
launchpad,19
similarly,18
wins,11
6,16
7,11
distribute,18
efficient,4
paper,3
formats,24
formal,15
gratitude,3
whoever,9
deploying,1
administration,2
ball,7
rolling,14
partnership,30
exceptionally,19
adolescence,13
missed,18
round,12
club,8
outlined,16
splitting,6
grown,10
childhood,5
warm,20
rationale,25
requires,64
intrigued,20
legacy,111
dangerous,1
describe,5
interconnectedness,3
co,10
division,2
foot,1
intended,8
styles,13
cherished,18
portrays,38
reminds,15
studied,1
wishing,18
pleaser,1
excites,14
paralleling,17
repercussions,74
humbly,3
endeavor,5
bigger,29
capitalize,5
accommodate,10
land,19
predict,1
harsh,9
channel,11
exposure,59
steeped,9
universal,22
soft,2
depiction,2
expressive,7
exploratory,3
leap,7
personality,1
tipping,1
scales,6
conducted,3
popular,10
yield,45
findings,6
8,2
(e.g,3
comedy,9
context),1
es,1
distributing,11
innovators,41
creators,5
fast,27
paced,15
appreciating,29
expose,46
attend,3
considerably,3
assign,4
accordingly,3
momentum,46
tonight,12
shortly,9
non,4
prescribed,1
reducing,2
conflicting,1
return,6
tells,24
other’s,11
tale,22
generally,2
crossroad,2
remorse,1
diminish,14
addressed,33
expected,3
feminist,4
wrestle,31
life’s,21
military,2
defined,6
metrics,1
gaps,6
saw,2
person’s,2
coalesce,4
casual,16
ventures,4
family,4
downplaying,4
defines,2
overcomes,1
evolves,10
access,12
classic,5
collateral,1
damage,1
maturity,68
clip,12
dedicate,8
advance,7
fold,1
natural,5
extension,2
brainer,1
sit,10
lengthy,1
sitting,7
unite,19
enrichment,11
evolved,6
energizing,13
personalized,2
courageous,4
alternatives,27
summarize,17
concise,7
portray,7
pop,21
picking,6
faces,25
gets,24
enriched,33
continually,6
daring,2
educative,4
complementing,14
coupled,28
rally,20
sake,20
compromised,2
numerous,6
attract,15
distant,12
disengagement,7
comparison,23
(as,2
funny,2
balletic,1
horizons,12
overarching,13
rite,11
passage,11
employ,3
preparedness,9
community's,17
moderator,1
expertise,3
inherent,32
nuance,23
interconnections,2
bold,16
torn,5
model,6
living,8
word,8
wholesome,1
online,13
document,11
result,25
echo,24
grasp,46
attending,1
loved,3
noise,1
schools,2
immediacy,10
flips,2
superficial,14
specializes,3
bulk,1
sustained,1
taxing,2
filling,4
fond,7
essentially,12
contender,9
dissimilar,1
limitation,2
patterns,2
movements,3
shaped,188
envisioning,12
encompassing,5
hesitate,18
multi,28
builds,5
shadow,7
sticking,19
talks,5
skill,44
shouldn’t,30
diluted,3
grant,1
basis,6
landmark,3
warmth,23
it'll,19
inclusively,1
lands,5
hidden,5
exteriors,1
amusement,7
lacks,16
solidifying,13
bolder,1
respectfully,36
feat,4
possessing,1
barbie’s,15
starters,14
settled,6
praise,2
refreshingly,2
expert,4
reserved,1
adventurous,2
elicit,22
juxtaposition,9
occasion's,1
route,53
infuse,31
disguised,2
fearlessly,6
navigates,9
heads,7
gear,7
intersection,14
war,59
devastation,2
higher,26
workforce,44
stems,28
competing,2
spaces,5
somewhat,11
innate,2
pleasant,2
greatest,3
generates,6
accept,33
intrinsically,1
theater,12
incited,1
wave,3
exercises,9
pressured,6
adhere,1
harmoniously,7
seeds,12
gladly,15
imagines,1
forced,3
favors,7
perceptions,30
desperately,7
supplementing,14
ignored,5
creation,119
facetiously,1
exclusively,12
charge,10
configuration,1
backseat,2
reconnecting,2
regarded,2
surveying,21
assess,23
finally,26
acclaimed,11
confining,1
tribute,3
veer,4
offerings,6
mutual,29
impacted,5
unified,19
mrs,2
wilson,2
dealt,1
women's,1
makers,37
decompress,6
intertwined,24
affects,3
companion,9
tailoring,4
urges,21
yielding,1
journaling,3
flourish,9
contains,9
incites,3
philosophical,65
appearing,2
diversifying,6
overburdened,1
left,14
methods,6
follows,14
brand,4
array,18
roundtable,2
joined,1
briefly,14
dilemma,10
examples,25
reinforce,36
drafts,5
done,15
circles,13
notable,5
plant,3
recharge,2
tend,9
fare,9
artists,19
worksheets,1
mechanism,8
illustrated,6
contributing,14
magical,8
loving,1
calling,4
excel,3
scenarios,28
depths,11
study,16
bear,16
sparkles,6
rollercoaster,1
reframing,1
ranging,2
tastes,3
proven,1
weaves,13
partnering,2
stances,4
transcended,1
original,8
conducive,9
understandable,4
supplying,1
faith,2
whenever,2
womanhood,2
society's,17
hooks,1
encompass,26
testimonials,6
extra,7
smart,5
midweek,2
teenage,3
whirlwind,3
bracket,2
morale,12
influenced,21
vastly,3
palatable,7
palpable,9
types,25
heartedly,1
apt,3
meanings,13
facilitator,2
foresee,6
resolute,8
radiate,3
adjustments,11
happier,1
saving,6
screens,1
attempt,3
deserved,4
men,6
communicating,10
undermining,6
assembly's,9
unrelated,1
replicates,1
secure,5
spur,42
solemn,9
afraid,12
victories,1
loose,6
aesthetically,6
tapping,11
participatory,1
harmonize,7
unconvinced,4
standpoints,2
vigorously,1
morally,19
traverse,2
vantage,2
detracts,2
guess,15
acknowledged,11
fleshing,3
hungry,1
steered,2
expecting,1
hat,1
notes,13
(end,1
conversation),1
enhanced,4
irrefutably,1
varies,1
moderate,1
risks,20
exist,6
affected,1
determining,2
marvel,3
studying,3
hinges,2
invigorating,14
enable,14
energetic,31
reserving,7
efforts,69
citizens,147
underscores,11
fluff,2
organic,4
lingers,5
alienate,5
materialism,1
thankful,5
cooperation,8
energies,4
finesse,3
relationship,4
responding,3
history's,23
demonstrate,25
overlooking,20
cohesively,4
sidelining,13
beginning,56
fire,5
delved,1
tremendously,11
anyone’s,1
taught,5
brave,3
resonated,11
speaking,5
salient,1
coalesced,1
dimensional,7
cornerstone,6
debates,37
worthy,20
perfectionism,2
evolve,9
recommending,1
thematically,4
humorously,1
mirroring,6
autonomy,5
alleviate,13
launching,20
pad,9
accessing,3
continues,16
conveyed,17
worries,2
lifted,1
majority's,9
synergy,10
undertones,23
carrying,9
formed,5
remarks,2
stifle,2
skew,2
parties,6
assure,12
convincingly,5
stuck,6
tempted,3
assignments,4
conceding,5
arrangement,12
arrangements,13
gracefully,3
actualization,4
wonders,6
confrontational,1
regroup,10
widely,10
alternating,8
blossom,2
lovely,34
dabble,5
quirky,1
simplicity,2
founded,1
accurately,2
endured,1
spike,1
possess,8
activate,1
recall,2
owe,21
redefines,2
worked,25
attributes,13
group's,8
temporary,2
accomplished,13
focal,20
statement,9
fluidity,1
enticing,7
igniting,29
viewer,7
judgmental,1
constructed,1
devising,3
compiling,5
targeted,3
preparations,7
rejuvenating,2
seated,1
centering,14
elegantly,8
swing,1
ride,6
depicts,4
defy,6
conventions,1
boards,4
manifestos,1
mentors,9
broken,1
imprint,10
adolescent,1
accompanied,12
collectively,33
expand,20
match,17
referencing,7
supposed,4
bears,5
smiles,13
tandem,17
adopt,6
persists,2
responsibly,27
drives,8
translate,5
emerging,31
dedicating,5
portion,7
dismiss,44
dictates,3
behave,1
curating,3
comparative,4
detailed,15
purposeful,6
contrasting,23
desired,2
outlines,16
wednesday,5
historic,9
feminine,3
expansive,4
distance,3
corner,5
affirms,1
personalize,1
previous,7
lined,2
merely,49
dismantling,1
exterior,3
altering,7
slant,1
driven,20
twist,14
grassroots,1
persuades,1
precious,2
intellect,29
proposes,1
counterpart,5
ponder,78
inevitably,120
boost,18
pronged,2
fundamental,38
outlets,3
character’s,2
quest,12
previews,1
accounted,2
amplifies,3
supplement,16
principle,1
entirety,3
shifting,7
learns,1
scenes,18
feasible,25
critique,8
dramatic,8
fighting,2
youth's,4
perseverance,7
polls,5
surveys,2
maintained,5
wellbeing,4
relaxing,2
agreed,7
establishing,17
enjoys,12
news,3
plain,2
falls,2
eliciting,2
rotational,1
road,23
dialoguing,1
refresh,1
rejuvenate,1
wondering,16
superior,29
huge,11
youths,1
served,3
submitting,1
immerse,5
request,5
hinting,2
democratically,1
toys,5
intelligence,31
facts,13
order,11
prominently,3
zeitgeist,5
dilute,54
shone,1
literature,18
thrill,4
judges,1
emerges,5
quickly,10
reconnect,7
inner,2
child,1
lets,7
large,32
appearance,1
lately,7
elevates,14
person's,4
worldview,58
cautionary,22
affectionate,1
internalize,3
aspiring,8
thinkers,53
touchpoint,3
reveal,8
party,3
improvement,1
brightly,4
colored,2
curricula,6
interactively,4
spends,2
crux,7
standstill,22
productively,4
forces,16
stir,11
urgent,16
teaches,32
reconceptualizing,1
pros,8
cons,8
lacking,3
perceived,6
listing,3
lists,1
adjust,9
professional,32
landscapes,17
urge,24
academics,12
adolescents,7
agents,3
ups,9
downs,3
alright,6
dictated,1
undertake,7
inadvertently,15
pitfalls,1
undue,1
claim,1
commemorate,7
iconic,8
supplemented,5
retention,2
jointly,1
directions,3
sacrifice,23
sketching,1
investigate,1
unpack,41
seconds,1
documentaries,1
documentary,3
upfront,2
reinforces,21
geared,5
generation's,8
basing,1
lays,15
ideals,15
segue,12
histories,8
institute,1
generational,6
construct,4
envisage,2
multimedia,1
obligation,8
radiates,2
problem,6
solving,5
anonymous,5
permission,3
relying,8
unraveling,1
enormous,8
fills,3
frequently,4
finale,5
structures,5
comfortably,3
predominantly,2
zest,1
merges,10
meaningfulness,3
stating,2
discussable,1
charged,2
preferred,15
occasions,7
import,2
personalities,5
venue,5
parameters,2
footprints,1
realistically,3
shed,13
concludes,4
bypassing,2
sponsored,1
perfection,4
neatly,2
frameworks,20
raising,10
fostered,10
workbook,1
applying,2
favorably,2
implementing,22
scope,11
gradually,2
era,20
underneath,1
definition,3
didactic,1
joining,3
safety,2
symbol,2
rotate,3
intimate,8
crafts,3
quote,1
alumnus,1
field,19
pin,1
sticky,1
visible,1
wavelength,1
deadlines,3
preliminary,4
&,4
month,4
availability,2
sourcing,1
supplies,3
location,1
reserve,5
auditorium,3
promotion,10
catching,2
coordination,2
adjusting,3
improved,1
promotions,2
checklist,1
juggle,2
sorted,2
mutually,15
exclusive,6
immersing,12
indulge,3
remembering,2
influencing,6
trusting,6
synthesize,5
experiment,1
neglecting,2
altogether,7
emanate,1
expectation,4
teenager,3
versatility,1
solidarity,2
attachment,3
solemnity,3
conclusive,1
simplify,3
intends,1
semester,6
biggest,2
attainable,3
proper,2
explicitly,2
budding,7
tragedies,3
happily,5
invest,1
appreciates,3
relieve,7
heartily,1
resorting,1
photo,8
booth,7
treasure,4
indispensable,9
judgments,1
preachy,1
progressing,1
engagements,5
tense,1
explorations,15
attraction,4
network,1
savor,1
liberally,1
rise,7
interconnect,7
noteworthy,9
fraught,7
newer,1
multidimensional,6
favoring,11
confusing,4
tried,5
correctly,12
harmonious,6
deepening,7
extraordinarily,5
ignore,3
interplay,13
designing,6
benefiting,11
split,11
fabric,17
needing,10
carefree,5
hit,19
examines,16
luxury,1
gauging,11
j,152
robert,155
tightly,1
akin,7
intentional,3
(like,2
oppenheimer),1
thereby,11
understandings,5
echoing,8
lifting,14
cogent,2
cost,11
foresight,4
hadn’t,5
generating,8
father,9
bomb's,11
scale,56
reveals,4
inextricably,1
linked,10
prove,18
snacks,4
prime,3
amalgamation,1
succinctly,3
explains,2
fill,4
performance,9
fields,77
thrilling,7
stimulated,6
rightly,1
enduring,13
mighty,1
derived,18
precipice,13
stakes,32
justice,6
science's,1
impacting,11
enjoyability,1
marked,6
excellence,5
filmmaking,66
converse,3
initiates,3
failures,4
inherit,32
compels,21
extends,37
guarantee,6
curated,5
invention,8
tasked,3
likewise,4
inheriting,10
intricate,52
asks,16
imminent,18
surrounded,3
genius,3
collection,1
ambiguity,30
governance,5
whose,7
humanity,162
director,1
techniques,14
used,9
irreplaceable,12
discounted,1
mankind's,1
unpredictable,7
touchstones,1
civic,7
tribulations,1
rife,8
humanity's,24
legacies,34
apparent,7
momentary,2
unforeseen,7
richly,4
deepens,5
philosophy,23
comedic,8
catalysts,3
compellingly,5
realization,6
outweighs,14
directed,11
christopher,100
nolan,33
filmmaker,4
known,5
educated,6
knowledgeable,4
rank,2
democratic,18
motion,10
specify,2
chose,11
fruition,15
praised,2
budgeting,1
stakeholders,2
navigated,8
reshaped,2
ai,3
problems,6
existential,17
timeless,27
marrying,8
comments,6
counts,2
lasts,6
injecting,4
comprehend,3
policy,2
transform,5
gravitating,3
dominant,2
technological,106
aftermath,5
collage,1
updated,4
comprehending,1
overlap,3
aren’t,12
weren’t,1
demand,18
interweave,4
logic,1
coherent,2
responsively,1
transcend,26
brilliance,20
managed,4
alter,6
riveting,10
sources,5
fine,12
destruction,17
bruce's,1
surpasses,2
stays,8
touched,4
adapted,1
required,12
switch,2
conflate,2
stirring,7
visualize,10
circling,4
augment,2
prolong,2
molding,1
seeks,5
corresponds,1
pointed,5
shedding,6
worldviews,25
controlled,1
awe,6
previously,3
21st,1
century,2
detail,7
noted,3
games,4
lifetime,14
propel,2
conscientious,33
branch,4
maximizing,3
professionally,3
ethically,6
arm,11
evaluation,2
bill,4
moment’s,1
meticulous,2
somewhere,6
version,9
scene,4
man,9
ripple,25
warfare,16
usually,4
performances,91
evaluate,15
vitally,8
uncomfortable,30
talents,4
abilities,3
observing,1
passively,5
biography,4
academia,11
condensed,1
tapestry,34
reflectively,6
digs,5
grappled,4
future's,1
participating,15
encountered,4
gift,3
appreciative,1
extent,9
bound,11
attitude,3
kickstart,3
department,1
entrepreneurship,1
pain,1
price,2
arc,3
delicate,12
humanity’s,8
welfare,1
unfolding,6
walks,3
recommendations,2
await,18
contemplations,5
kinship,1
developments,3
easiest,2
completing,2
mentally,4
unfamiliar,2
distills,1
realizing,6
sits,1
groundbreaking,21
innovations,18
unacknowledged,1
conscious,8
execution,1
sciences,7
distraction,6
shares,7
theoretical,6
disregard,3
passive,5
participants,10
nolan's,61
nuclear,39
weapons,26
acts,3
educations,1
engineering,4
encapsulated,7
staggering,2
politics,26
unfiltered,1
loyalty,1
leader,1
fragility,2
sooner,3
organizes,1
bolster,6
ambiguous,3
indulges,1
existence,12
inherits,1
rapid,24
forums,14
consistent,6
throw,4
fallout,1
adamant,4
assessing,2
distinctly,6
bounds,1
diversification,1
negotiable,1
equate,4
moods,2
brimming,4
sacrifices,4
uphold,9
hurt,1
discoveries,20
past's,5
societies,4
concrete,7
outweigh,24
articulating,15
integrity,54
acknowledgment,9
name,7
artful,3
rounding,1
touchstone,8
requirements,1
extensively,1
despair,4
gloomy,1
engendered,1
engender,2
inventors,1
hectic,1
schedules,3
excludes,1
oftentimes,1
globally,7
wake,2
opposing,2
deliberate,3
closure,6
regret,15
arming,2
bleak,1
logistical,7
bubble,3
prevents,1
gratification,6
pique,2
counterpoints,7
provoked,5
steady,2
platforms,5
healthcare,1
environmental,4
lends,13
landing,2
doorways,2
colleagues,4
wording,10
properly,6
jot,3
dire,5
behavior,12
dominating,1
varying,15
attendance,9
strategize,7
flows,10
logically,2
sections,12
overviews,1
bad,6
atmospheres,2
mentor,1
gathered,10
illustrating,9
generations,27
inhabit,5
triggered,1
underscoring,2
contemporarily,1
fall,6
acutely,1
intentionally,5
advocated,2
harnessing,6
allure,27
par,1
scientists,32
evaluating,12
tomorrow's,5
initiated,10
channeling,2
bask,5
astonishing,1
radar,1
bomb’s,1
score,4
people’s,2
judgment,14
sheds,6
running,12
unmatched,18
contextualize,16
masterfully,13
faceted,16
mirrored,2
business,1
viewed,7
recount,6
breathtaking,11
psyche,4
called,1
increased,2
achievable,2
contextual,1
discerning,1
fortitude,1
spurred,15
advances,8
poignantly,3
manhattan,18
won,1
translating,2
actionable,3
pertain,5
tailor,7
adheres,1
hypothetical,1
identifies,1
identified,2
confirming,1
mid,2
updates,3
illuminating,11
paying,3
homage,4
pronounced,1
fulfillment,3
launch,7
triggering,1
retaining,6
spine,1
frustration,1
advancing,21
complemented,8
literary,2
scheme,4
precursor,3
schooling,2
fertile,4
understands,9
conflicted,1
appears,8
past’s,2
intersections,5
imperative,16
craftsmanship,25
confrontation,4
suspect,3
reconvening,5
summarizing,6
slight,1
adjustment,5
easy,16
names,1
minute,5
gloss,18
engenders,2
unintended,6
discount,5
energetically,2
enthusiastically,3
came,14
intelligent,3
discomfort,8
consequently,1
people's,6
adequately,14
ingenuity,11
intersects,5
gray,10
sidestep,4
downplay,10
didn’t,13
elaborating,2
describing,2
paint,2
physics,4
stirs,2
confronted,9
count,3
ii,9
reverberate,5
opener,8
audience’s,2
cry,1
silliness,1
reaffirm,7
trivialize,2
defend,1
narratively,3
polished,4
flowing,17
referring,1
world’s,12
revolving,7
garners,6
majority’s,2
discernment,4
convene,1
analytically,3
envelop,1
sophisticated,4
duty,6
imposing,2
products,1
environments,8
innovate,2
employed,1
uniting,4
tech,2
unify,8
luxurious,1
informing,2
sees,3
optimal,4
explanation,3
invalidate,1
forthcoming,4
attitudes,6
haunting,4
ambiguities,8
disturbs,1
escaping,1
neglect,1
shades,3
tight,2
nolan’s,9
vividly,3
mode,1
phenomenal,6
executed,2
turmoil,3
sidestepping,4
awakens,1
parents’,3
‘oppenheimer’,4
‘barbie’,4
exceedingly,4
priority,22
betterment,5
creations,4
classical,1
fused,1
mistake,1
sensible,3
devastating,5
realms,6
detracting,8
written,3
whereby,1
negative,2
movies’,4
deliberation,4
developers,1
internal,6
satisfied,9
community’s,5
representative,4
repeating,3
caliber,5
applicable,19
impetus,3
fascination,1
mankind’s,1
mistakes,14
needful,1
pulling,7
unchecked,2
unpredictably,1
told,2
mitigate,3
equal,7
demonstrated,4
characters’,7
threads,2
shot,3
twice,1
vast,3
cerebral,1
achieving,6
routes,2
expands,5
unproductive,2
prioritized,11
strongest,1
interpreting,2
inventions,7
secondly,25
chaotic,2
resilient,6
credit,9
citizen,3
kindly,3
designate,4
helm,2
directorial,3
mastery,3
answer,3
greatness,7
echoed,4
oriented,5
campaign,6
spans,1
correspondences,1
compass,11
tangentially,1
stated,2
acting,5
branching,1
misinformation,2
cloud,1
riddled,1
feed,2
explaining,6
eagerness,3
learners,1
rights,3
resembles,1
attempting,3
mainstream,4
evidence,6
eloquent,1
stretches,1
articulation,4
reckon,3
announcement,17
trendy,4
paints,1
consequential,11
argued,1
pivoting,1
carried,3
repeat,3
relevancy,2
screened,8
nourish,1
breakthrough,1
edged,3
tread,1
waters,4
instructs,1
murky,2
increase,3
positioning,9
handling,6
changers,1
rests,5
transformation,7
consistency,1
opted,4
removing,1
analyzing,8
rebuttal,1
contemporaries,1
dreamers,1
complicate,6
jokes,1
analytical,18
contrary,2
divert,5
glossing,4
synergies,2
witness,16
deriving,1
matched,3
correlate,5
evenly,2
compete,6
technologies,2
prism,1
shadows,2
probe,2
world's,9
answers,7
asserting,3
deliberated,1
eventual,2
doorstep,1
label,1
rough,10
half,3
breather,1
synthesis,4
justify,2
tuning,1
strides,2
stumbling,1
block,1
evading,1
apprehensive,1
voiced,2
vs,4
enormously,2
sufficiently,12
interpret,2
exhibited,1
complimentary,2
sometime,3
nowadays,2
jobs,2
envelope,4
hushed,1
struggling,9
nourishing,1
walls,4
redirect,1
trajectories,2
inundated,2
appropriately,5
contributes,11
paved,1
recommended,1
conscience,3
retelling,3
determined,2
fierce,2
sifting,1
imperfect,2
momentarily,1
introspect,1
tilt,1
never,4
anticipate,13
module,1
assume,3
save,9
rotation,5
technical,1
advantages,15
attentive,1
peace,3
outlooks,4
capability,3
educator,3
instigates,1
outstanding,13
simplifying,4
divisive,3
fade,1
divided,3
independence,19
categorize,1
inevitable,5
avoiding,5
consistently,4
persist,1
superb,3
stimulus,1
counterarguments,5
political,9
facilities,6
singularly,1
sharply,1
spontaneity,1
demanding,6
spot,13
marketing,4
exquisite,3
terrain,3
solicit,2
rising,2
sufficient,3
formulating,5
scheduled,3
triumph,8
turbulent,2
reinforced,1
kickoff,4
classrooms,13
perceives,1
advanced,4
savvy,1
instrumental,2
reduce,1
fuse,4
transforms,1
hesitance,1
utilized,2
either/or,2
relies,2
opt,9
hotly,1
debated,1
obligations,2
devoid,5
operate,1
peril,2
rationality,1
utilizes,2
behaviors,1
distinctive,10
participant,3
grand,10
pointing,4
pass,3
exceeds,1
purest,1
defer,2
luck,11
shun,1
dominated,1
boils,4
hosted,3
electing,1
compel,3
black,1
white,1
collide,5
causation,1
efficiently,5
geopolitical,1
caucusing,1
confer,1
dangers,1
oversight,1
intrinsic,4
arguably,2
produce,3
leaned,2
intellects,2
goodbye,4
pervasive,1
overt,1
continual,1
reevaluating,4
spurs,2
provocative,4
filmmakers,7
investment,4
simplistic,2
resolutions,1
disciplines,5
progresses,2
alarming,1
rate,1
hone,4
innovation's,3
juxtapose,7
hindsight,1
oversimplify,2
regular,2
strategic,1
adaptability,4
finalized,5
uphill,2
battle,2
keenly,1
sided,1
persuasion,3
maximum,5
affirm,8
excite,6
everywhere,1
crisis,5
organizations,1
activism,3
professors,1
historians,2
consume,4
tangible,6
incline,2
tends,10
outpace,1
renewed,5
thread,3
smooth,5
gleaned,1
outright,5
capitalizing,2
timeframe,2
recap,4
lunch,4
google,8
streamline,3
it’d,1
instructions,1
layout,2
headings,1
spread,4
announcements,4
aids,5
trailer,4
costs,3
caution,4
negotiate,5
arguing,2
prevent,3
banding,1
chat,17
creator,3
posing,2
sophistication,6
occurs,2
showings,9
data,3
illuminates,3
technologically,2
sword,1
underplaying,2
politely,1
retains,5
applied,3
withholding,1
shortchange,1
crucially,1
comparable,8
quandary,1
rival,3
flashy,1
imperatives,2
confines,3
continuously,8
strategically,4
attractive,3
scrutinizes,1
irrespective,3
hesitation,5
compassion,4
newfound,13
settles,1
denied,2
minority,1
impressed,4
breadth,3
signifies,6
thereafter,3
championed,2
correct,4
year's,9
lightest,2
regrets,2
talked,6
formula,2
settling,8
considerate,2
shut,1
profitable,1
rebut,1
develops,2
suddenly,1
rises,1
displace,1
selling,4
definitive,9
realistic,5
soul,2
test,3
measured,1
burgeoning,4
learnings,1
cuts,1
loves,3
trivia,4
game,1
ambiance,5
culminating,5
troubled,1
narrow,6
disconnecting,1
warrants,8
catalyzes,2
measure,3
charms,10
awaits,8
unprepared,1
withstand,1
scrutiny,2
guarantees,2
disparities,2
bare,6
contextualizing,4
engineers,1
viewer's,3
exhilaration,1
scientist,5
respected,5
comprehension,3
grounds,3
highest,2
anecdotes,3
chooses,2
governs,1
exposes,5
personable,1
diligently,1
artworks,3
pins,1
suits,7
novel,1
member,4
toughen,1
pragmatism,1
formalize,3
macroscale,1
entrenched,1
loud,7
widespread,2
experts,3
fervor,3
contain,2
threats,2
zones,1
adult's,2
deem,2
staunch,1
divide,18
generous,2
friends,11
instant,1
validity,6
pack,2
enveloping,2
bracing,1
popularity,4
namely,1
inflexible,1
favored,3
operates,2
meticulously,1
references,12
contribution,4
picks,1
harrowing,1
telling,2
stellar,4
destroy,2
curtain,1
pink,3
bow,1
juxtaposed,3
fiercely,1
contributed,1
occasionally,1
man's,4
duly,1
adjusted,3
guise,1
subsequently,3
professionals,1
(choose,3
apply),2
(multiple,4
choice),5
plot,2
tune,5
one),1
incentive,1
via,4
emails,1
incentives,1
prizes,2
cards,1
cafes,1
knowingly,1
unknowingly,1
trivial,1
destined,1
deadlock,1
vein,4
goodnight,1
invariably,1
according,2
privilege,2
technology's,3
resource,8
fervently,2
trade,1
persuading,3
unpacking,2
extensions,1
induce,1
bearing,4
solidified,1
enhancements,1
public,1
consuming,3
surprise,8
ill,1
reassess,2
regards,4
milestones,14
headfirst,1
resolve,6
prelude,2
defies,2
informational,2
pamphlet,1
resistant,1
lightening,1
senior’s,1
escapist,2
vulnerable,2
statistics,2
shoulder,3
negotiation,2
separation,1
galvanizing,1
predefined,3
assigning,2
technology’s,1
agrees,2
skim,4
safer,2
similarities,1
honesty,5
arriving,6
tested,1
orient,1
handout,7
formalizing,2
handouts,5
volunteers,1
read,2
convenient,2
equity,1
listeners,1
completeness,1
microscope,1
symbolizing,1
company,7
scholarly,2
allocate,3
interdisciplinary,4
breakdown,1
snapshot,1
language,3
nicely,11
summarizes,1
wraps,4
biographical,4
twofold,1
distressing,1
rigors,2
overshadows,4
specialized,1
shifts,7
women’s,3
chaos,2
tip,4
screenplay,1
inclusiveness,2
upper,1
elsewhere,6
sexism,1
arena,1
strategizing,1
flip,6
acceptance),1
constructively,6
constraint,1
zaniness,1
staunchly,3
undervaluing,3
market,2
feeding,1
unappealing,1
hesitations,3
reassurance,4
buoy,1
imbuing,1
sharpen,2
marvelous,3
masterclasses,1
returning,3
armed,4
emergence,1
amount,2
honour,1
colorfulness,2
ànd,1
offset,4
props,1
photos,2
soak,1
booths,1
moved,3
paring,1
familiarity,5
converging,2
icebreaker,8
displayed,1
unravel,2
antidote,3
steeper,2
climb,1
introspections,1
wherein,2
measures,1
modified,2
lower,3
barrier,1
duo,1
heft,1
backing,1
affair,2
that’d,1
instructive,1
validating,3
fragmenting,1
demeanor,1
minutes,1
tally,3
wellness,2
virtues,3
density,2
wind,1
blows,1
soliciting,1
persuaded,5
landed,4
hurrah,1
preferable,2
graphic,3
manifesto,1
wall,2
symbolize,2
invoking,3
symbolic,1
recommend,12
severe,3
reminders,4
former,2
snippet,2
books,2
utmost,2
contributors,8
embedding,4
heighten,3
competition,2
hones,2
abundantly,1
undercurrent,1
nerve,1
wracking,1
concerted,1
literal,2
figurative,1
quantify,1
chime,1
modernizing,1
report,1
resistance,2
outlet,14
receives,1
swings,2
memorizing,1
criteria,2
dovetail,1
backtrack,1
elaborated,1
deviate,1
super,7
adversity,2
stressed,3
male,1
inventiveness,1
school’s,2
labels,2
systems,6
body’s,1
resist,3
dismissed,1
gatherings,9
promises,9
contagious,6
sorts,3
cooker,2
infusion,2
confine,2
accelerating,1
letter,1
constrained,3
debriefing,1
teacher,3
rhythm,3
probably,2
played,3
questionnaire,1
indicate,1
collect,12
responsive,1
(options,11
science),2
activities),2
either),2
prior,7
surveymonkey,1
water,1
cooler,1
boys,4
suitability,2
resume,1
prospects,3
venturing,4
reminisce,4
enchanting,4
specialize,3
extending,2
recovery,1
went,12
conforming,8
glossed,2
inducing,3
songs,2
undergo,7
facet,3
superbly,1
shining,1
david's,1
rethinking,2
delightfully,2
siding,2
none,1
driving,2
instincts,2
splash,1
burying,1
degree,1
shielding,1
hopefulness,5
reaping,1
tales,3
locally,1
afford,2
sentimental,1
mitigating,1
stylistic,2
adapt,8
expanding,7
trivializing,1
expanded,3
stereotypical,2
stifled,1
vivid,10
posters,6
wear,1
dressed,1
displays,3
cathartic,4
elicited,1
advantageous,3
verdict,1
introspectively,1
straying,3
society’s,3
granted,1
celebration’s,1
consumerism,2
sweet,4
meantime,12
tips,1
animations,2
premise,7
requiring,5
production,2
networks,1
protagonist's,2
slideshow,3
motifs,1
physically,1
imparted,2
influencers,1
ingeniously,1
coupling,5
underscore,8
sharper,1
intimidate,1
wartime,1
simplest,1
integrations,1
noble,4
decisively,5
captured,11
appropriateness,2
revisited,1
walked,1
worse,2
winding,1
decisive,5
excluding,1
preserving,5
spring,3
keepsake,2
signals,1
swirling,2
ring,1
conscientiousness,1
candidly,1
destiny,1
facilitators,3
credibility,1
victory,2
cillian,2
murphy,2
realism,2
smiling,3
intermissions,1
laced,1
expertly,2
fragments,1
eras,1
theory,1
revitalizing,1
buoyed,5
hedging,1
robustly,1
changemakers,2
unsure,1
navigation,5
ripe,4
crossing,1
abide,1
(“oppenheimer,1
barbie”),1
etc.),4
(yes,1
no),1
collected,1
arresting,1
toll,1
proud,7
everybody,2
invigorated,5
sustaining,2
unleash,1
accustomed,2
timeliness,1
interaction,5
adopting,5
population,1
admiration,1
hashtag,1
cutting,1
cleverness,1
pastels,2
directors,1
courageously,2
unknowns,2
rewarded,1
gate,1
unprecedented,3
cheering,1
earns,1
demographics,3
diversion,1
facingly,1
contextualized,1
silver,1
linings,1
inject,6
ethicists,2
terrifying,1
presently,1
harm,1
analogy,2
dressing,2
summaries,4
pooling,2
exemplify,2
smoother,3
depend,1
expects,3
pairs,3
folks,2
hinted,1
existing,3
recounting,1
introsraction,1
dread,1
flyer,3
concisely,2
compares,2
negating,1
conceptual,1
dazzling,2
spiritually,1
candidate,2
skillfully,1
mindfulness,1
melt,1
interspersed,2
quizzes,1
tenets,2
forceful,1
pinpoint,4
burst,2
system,3
research,4
responded,1
images,2
consumption,1
overlaps,1
gifts,1
surprising,3
hobbies,1
depicting,2
mixer,1
persistently,1
intimately,3
precedents,2
ambitious,6
unrest,1
distinction,1
backed,2
meeting's,1
softening,1
friend,1
declare,1
masterclass,7
unlocks,1
cope,1
pillars,1
respectable,1
forcing,4
absolute,2
rethink,6
bombards,1
culivates,1
deterring,1
capstone,4
prevailing,3
embarks,2
presses,2
heightened,1
chalked,1
outputs,1
dial,1
shortened,2
reel,1
clock,3
ticking,3
interacting,1
persistent,2
encase,1
refocusing,1
springboards,1
exact,2
remove,1
س,1
observations,3
dilemmas),1
tweak,4
texts,1
differs,2
socio,5
endorse,4
inclinations,1
posts,3
earnestness,2
awaiting,5
assurance,2
workable,4
slide,1
nodding,1
sprinkled,1
cherishing,7
mural,1
symbolizes,2
inspirations,2
redeeming,1
visceral,1
boosts,2
establishes,1
accompaniment,1
plainly,1
measuring,1
bullet,1
wary,2
constricts,1
resound,1
provocation,1
four,1
surprised,2
shoes,1
tempting,2
downer,2
who’d,1
gotten,2
consulting,1
versed,1
modeled,1
distract,2
costumes,1
spend,2
intend,2
apprehension,3
newsletters,2
listened,1
assertive,1
english,1
repetition,1
projection,1
sister,1
waves,3
emblematic,1
devoted,2
showed,1
reward,1
earnest,6
bustling,1
connotations,1
curricular,1
deliberating,2
exude,1
drain,1
cooperate,1
unwilling,2
softer,2
intensely,2
cautions,1
staging,1
resolved,2
ceremonies,2
jubilation,1
factual,3
radiant,2
constant,1
counter,2
comparisons,7
gone,4
sounding,1
romp,4
sugar,1
coated,1
burnout,1
caretakers,1
hinder,1
transformational,8
mainly,3
melding,7
reply,1
undermine,7
sentimentality,2
surrounds,3
surround,2
accepting,2
succumbing,1
curiosities,1
hunger,1
expedite,1
wishes,5
tallied,1
announce,5
underway,2
vivacious,2
acclaim,5
pressed,5
papers,1
throws,2
rotating,3
airs,1
allies,1
packing,1
thriving,1
pushed,1
ins,4
merged,1
inhibit,1
inciting,2
dissecting,1
unveils,2
foibles,1
centric,1
alluding,1
vigilant,1
pulse,1
directing,3
tier,1
that'll,1
shallow,2
mathematics,1
(stem),1
wit,2
harmonizing,1
odds,1
testament,3
companionship,1
wasn’t,2
glamour,1
task,3
compliment,3
partial,1
discrediting,1
upholding,1
festivity,3
upholds,1
reassert,1
ingredients,1
joyousness,2
adept,1
cautioning,1
warned,1
casts,1
opened,5
activist,1
succession,2
absorbed,2
buildup,1
indifferent,1
tunes,1
gleaning,1
dishes,1
mindsets,3
oppressive,1
hanging,2
eternal,1
winner,2
undertone,1
owning,3
ignoring,2
fixed,1
expression),1
else's,1
potentials,2
sectors,1
anticipated,2
grasping,1
immersion,1
crossover,2
visionary,1
guilt,5
appearances,1
deliberations,3
commendably,1
captivatingly,1
endpoint,1
fortify,4
manifesting,2
weaved,2
fulfilled,3
assesses,1
conclusively,2
discourage,1
sunshine,1
rainbows,1
consent,2
sinking,1
increases,1
officialize,1
gut,1
exhausting,1
fairy,1
versatile,3
hook,2
vivacity,1
onscreen,1
icebreakers,1
spotlighting,1
feasibly,1
flair,11
dichotomy,2
orchestrating,1
spin,2
unconventional,2
interweaving,2
devote,1
teen,1
collecting,7
campy,1
synthesizing,1
caveat,1
selfhood,1
universities,1
poignancy,1
psychologist,1
wilderness,1
reinterprets,1
completed,3
diminished,1
rejoice,2
livelier,1
investing,1
actual,2
enlightened,5
fronts,2
storylines,4
controversial,1
reaction,3
doorway,1
tangibly,2
drown,1
swapping,1
notch,2
force,4
perceiving,1
indulging,3
impressively,1
discounting,1
admitting,1
quiz,2
wrestles,2
caught,1
constricting,2
characterized,1
fictional,2
renowned,1
implemented,2
cooperatively,1
invoked,2
catastrophe,1
cheerfulness,2
heal,1
relinquish,1
apprehensions,2
rule,1
unimportant,3
executing,2
fortifies,1
cues,1
gallery,1
exhibit,1
fitness,1
harnessed,1
motives,1
connectivity,2
hurdles,3
pocketing,1
andentertainment,1
candidness,1
positiveness,1
exemplary,1
budget,3
strange,1
programmed,1
rightful,2
carves,1
purposefully,1
tactfully,1
restrictive,2
duel,1
underpinnings,1
independently,1
fluctuating,1
overlooks,1
analyses,2
conclusions,1
relaxation,1
refreshments,1
reluctant,3
budge,2
fail,1
precedent,2
horizon,3
prudent,1
closed,3
toolkit,2
massive,3
pitting,3
exchanges,1
undergoing,2
prevails,1
envisioned,1
examined,1
faster,1
destructive,1
mentorship,1
betrayal,1
preclude,2
underpinning,1
tall,1
graduated,4
reassure,2
basic,2
approving,1
chances,2
approved,1
reluctantly,1
zone,1
oppose,2
multilayered,1
interwoven,1
boasts,1
perplexing,1
evoked,1
proliferation,1
anywhere,1
doubtful,1
weightiest,1
probing,3
supply,1
exquisitely,1
undercurrents,1
circulating,1
representatives,1
filmic,1
undervalued,2
frankly,1
pitched,1
arrives,1
slots,1
designated,3
fate,1
begs,1
adverse,1
complacency,1
tougher,6
sell,1
textbooks,1
runtime,1
foundations,1
correlation,1
easing,2
introductions,2
accommodating,3
minimize,2
awaken,1
teaming,3
sidelined,1
excerpt,2
struggled,1
figure’s,1
expense,3
gateways,2
warming,1
brushed,1
therein,1
individual’s,2
disagreement,3
crunch,1
producing,1
sustain,1
precede,1
ice,4
amusing,1
oversimplifying,5
cream,1
code,2
playfully,1
handled,1
substantially,3
insightfully,1
pigeonhole,1
cut,1
borrowing,1
swaying,2
obscure,1
sequel,1
delaying,1
adhering,1
maturely,1
sample,1
waiting,1
debrief,1
adamantly,2
intersperse,1
natured,1
everybody’s,1
clash,1
amplifying,2
oversimplified,1
civilization,1
steadfastly,1
examinations,1
seminars,1
wherever,1
statistically,1
trading,1
relics,1
continuum,1
clicks,1
submissions,1
promptly,2
administrators,1
tweaks,3
phrasing,1
intro,1
bounce,5
polish,1
sent,1
restorative,1
caused,1
rippling,1
globe,1
stubborn,2
rarely,2
junctures,1
exam's,1
audiovisual,1
ballot,2
ushering,1
individual's,1
third,1
satisfaction,1
formally,2
lock,1
intelligently,1
underlines,1
rivals,1
hefty,1
breakers,1
unheard,1
demonstrating,6
reconsideration,1
convicted,1
galvanize,3
oppenheimer*’s,1
loop,3
incorporation,2
upgrades,1
behalf,1
oh,1
distill,1
consumers,1
affection,3
experience's,1
lightened,1
personalizes,1
memorize,1
workplace,1
maker,1
intersecting,1
transforming,1
realign,1
synopsis,1
website,1
update,1
scratch,1
unpacks,1
terrible,1
nclude,1
trending,1
modifications,1
friday,4
formatting,1
30,1
weighier,1
university,2
reflexivity,1
barbies,1
wield,5
astounding,1
equation,1
spreading,3
progression,2
viewings,3
videos,1
pieces,5
tentative,2
grab,2
coffee,1
quiet,1
essay,1
begins,2
distinguished,1
scholars,1
watering,1
monumentally,1
harbor,1
ton,1
cue,1
title,1
countdown,1
bulletin,1
ambassadors,4
backwards,1
booking,1
bi,1
weekly,1
accountable,1
dualities,1
rolls,1
straightaway,1
precedes,1
contrasted,1
unfolded,1
tuesday,1
p.m,1
chief,1
wisely,1
###,1
(5,2
minutes),5
(20,1
(4,1
students),1
(15,1
(10,1
consolidate,1
bandwidth,1
sensitivities,1
sync,1
tricky,3
tightrope,1
firmer,1
norm,1
outset,1
underlining,1
corresponding,1
confusion,2
consult,1
caregivers,1
fodder,2
national,1
consciously,3
billy's,1
feeds,1
instilled,1
breathing,1
concession,1
formidable,1
symbolism,1
watchers,1
variables,1
airings,1
opportune,1
exclude,1
abandoning,1
law,1
mitigated,1
picked,1
jump,5
enact,2
fueling,1
[oppenheimer](https,1
//www.imdb.com/title/tt15398776/),1
categories,2
(scale,3
5),3
(open,2
ended),2
(barbie),1
(oppenheimer),1
(direct,1
vigilance,1
sights,1
attempts,1
enliven,1
phrase,1
(select,1
description,1
monday,1
exceed,1
confluence,1
magnitude,1
protagonist,1
gravely,1
diverged,1
sharp,2
narrative's,1
assessment,2
chronicles,1
pioneering,1
educationally,2
encapsulation,1
lighterhearted,1
subtextual,1
compassionate,2
glorify,1
transports,1
narrowing,1
delegate,1
swiftly,1
sketch,1
target,1
adjourning,1
spheres,1
permissions,1
preserves,1
committee’s,1
urgently,1
visionaries,1
fuels,2
it'd,1
stitch,1
dance,1
meassages,1
layering,3
anchors,1
leanings,1
lying,1
drawbacks,1
vulnerability,1
longterm,1
enthralling,1
record,1
bar,1
workings,1
broadened,1
furthering,1
template,1
democracy,1
auditory,1
believed,1
noticeably,1
resides,1
20th,1
speed,1
lights,1
affiliates,1
continuous,1
underline,2
baking,2
contests,2
divergence,2
commands,1
descriptions,1
quantitative,1
qualitative,1
dragging,2
revised,1
🎥,1
[insert,5
here],1
[one,1
today],1
raw,1
charmed,1
convenience,1
distresses,1
painted,1
implant,1
lightheartedly,1
crystal,1
thrusting,1
underplay,1
gardening,1
necessitate,2
conceptualize,1
athletic,1
vary,1
stipulation,1
youthfulness,2
tweaking,1
directs,1
punctuated,1
scientifically,1
abound,1
votes],1
revisions,1
handing,2
physical,1
copies,1
date],2
method],1
buy,1
reachable,1
worrying,1
cognition,1
elicits,1
isolation,1
briefing,1
glosses,1
situating,1
glazing,1
unanimous,1
departments,1
mechanisms,1
literacy,1
oversimplification,1
charisma,1
endure,1
friction,1
arms,1
tenacity,3
gritty,1
surpass,2
escapade,2
side's,1
diversify,1
tonal,1
entertainingly,1
attended,1
graphics,3
teaser,1
identifying,1
potency,1
commercialized,1
skirt,1
talent,2
shortlist,2
reflexively,1
bypass,1
missions,1
whilst,1
unsettling,1
tempered,1
maximizes,1
proceeded,1
peek,1
solvers,1
simpler,1
entice,1
assuming,1
choices–,1
commemorating,1
rekindle,1
unravels,1
complications,1
enlightens,2
acquire,1
displaying,1
enters,1
maturing,1
sparkle,2
newly,1
dulling,1
suggests,1
treated,1
sideline,1
reverence,1
finest,1
counteroffer,1
sensing,1
unlikely,3
oppressively,1
blurred,1
weaponry,1
reassuring,3
sharpens,1
met,3
comedies,1
sequence,2
wheelhouse,1
grander,1
lineup,1
secures,1
graciously,1
indefinitely,1
liability,1
morning,1
café,1
virtual,1
glide,1
inaction,1
iterate,1
residual,1
animate,1
failure,1
segueing,1
bluntly,1
query,1
artificial,1
separated,1
territory,1
dividing,1
produced,1
researching,1
desperate,1
witnesses,1
supercharge,1
object,1
gasping,1
individualized,1
motivator,1
readdress,2
provision,1
mundane,2
eloquently,2
undermines,1
unmistakable,2
exchanged,2
disregarding,1
eliminating,1
hardships,1
detailing,1
anecdote,1
board's,1
fluid,1
(starting,2
enthusiasm),2
(to,1
movies),1
responsibilities…,2
(transition,2
smoothly),2
students…,1
(continuing),2
involved…,1
(flowing,2
building),2
other…,1
(concluding,2
feedback),2
invaluable…,1
contact,1
biased,1
spectacularly,1
marinate,1
niche,1
hobbyist,2
smartly,1
mostly,1
festivals,1
weighted,2
cherishes,1
filter,1
bury,1
brighten,2
coursework,1
extracurricular,2
grueling,2
boosting,2
toned,1
granting,1
tensions,1
dwell,3
normalizing,1
soothing,1
sanity,1
reimagine,1
forwarding,1
visibility,1
evening's,1
saturated,1
drew,1
flavor,1
vitality,3
sprinkles,1
hangs,1
plunging,1
marketed,1
intuition,1
familial,1
discouraging,1
casting,1
brewing,1
sociology,1
adjourn,1
receptiveness,2
unapologetic,1
incoming,1
mulling,2
centralizes,1
worldly,1
supportively,1
coco,1
old,1
classics,1
ferris,1
bueller's,1
titles,1
gen,1
z,1
length,2
disinterested,1
universe,1
segway,1
welcomes,1
goodbyes,1
plaguing,1
overwhelms,2
pervade,1
imperfections,2
ticket,1
atmospheric,1
rehearsing,1
justifying,1
stab,1
befitting,1
everlasting,1
headspace,1
exit,1
sculpting,1
exposition,1
low,1
emerged,1
upheaval,1
freshness,1
colourful,1
synonymous,1
uneasy,1
palate,1
cleanser,1
implication,1
galvanized,1
freeing,2
painting,1
pen,1
poems,1
allocation,1
glory,1
solidly,1
affirmations,2
teachable,1
romantic,1
strangers,1
outing,1
strengthened,1
elusive,1
pressuring,2
nudges,1
romancing,1
ssist,1
interview,1
(inspired,1
reflexive,1
applies,1
voicing,1
blocks,1
catharsis,1
onward,2
specially,1
sprout,1
others’,1
musical,1
threatening,1
belts,1
clouding,1
louder,2
propelling,1
override,1
toxic,1
disappointment,1
aided,1
ideologies,1
press,1
relieving,2
threading,1
loveable,1
girl,1
sympathetic,1
greeting,1
finds,3
utterly,1
dare,1
imposed,1
destination,1
signify,1
barbie”的,1
overcome,2
envelopes,1
sadly,2
venues,1
baggage,1
preparatory,1
fetched,1
deconstructing,1
vessel,4
inserting,1
giggle,1
defying,2
uncovering,1
workload,1
application,1
refuge,1
straight,1
glitter,1
negotiations,1
inhibition,1
intending,1
singularity,1
whimsicality,1
underpin,1
protocol,1
colorfully,1
vulnerabilities,1
vibrance,1
harsher,1
allusions,1
fresher,1
amplified,2
hot,2
button,2
the_space,1
melds,1
discreetly,1
franchise,1
gleeful,1
year’s,2
affiliations,1
manifold,1
subverts,1
partake,1
refocus,1
tragic,1
transformations,1
bursting,1
doubting,1
cornerstones,1
exists,1
proactively,1
relational,1
radically,1
forthright,1
encompassed,1
effortlessly,1
sing,1
awesome,1
willingly,1
causing,3
float,1
allude,1
territories,1
reemphasize,1
destinies,4
defended,1
hour,1
alienated,1
preceded,1
coloration,1
redolent,1
bid,1
miraculous,1
diplomatic,1
broaching,1
playground,1
heroes,1
effortless,1
asset,2
vehicles,1
admittedly,1
pay,1
invited,1
learner,1
outfits,1
craves,1
rules,1
drawings,1
manageable,1
remembrance,1
outshine,1
natures,1
conditional,1
journals,2
relish,2
somberness,1
largely,1
multitudes,1
solve,1
predicament,1
correspond,1
colleges,1
workplaces,1
mixes,1
healthier,1
kids’,1
artsy,1
functions,1
magnificently,1
mounting,1
skews,1
motivators,1
chore,2
tinted,1
cognitive,1
exhausted,1
tastefully,1
clubs,2
rebel,1
reckoning,1
hasn’t,1
pledging,1
expresses,1
rallying,1
redouble,1
admired,1
safeguard,1
emboldened,1
proposals,1
says,1
commemorated,1
assuredness,1
undertaken,3
brightening,1
perk,1
proposal's,1
trama,1
senior's,1
cement,1
unnecessary,1
climax,1
diligence,1
flick,1
complimenting,1
daunted,1
exclusion,1
skins,1
assertion,1
coexisting,1
youngsters,1
animating,1
buzzing,1
faltering,1
workshopping,1
(and,1
men),1
stamp,1
epics,1
reservation,1
stereotype,1
occupy,1
shutting,1
contenders,1
waits,1
listens,1
noticing,1
deserving,1
enlist,1
anthem,1
reluctance,1
outgoing,1
respectfulness,1
handedness,1
analogous,1
liberate,1
sequencing,1
sensitively,1
celebrational,1
occurred,1
pivoted,1
behavioral,1
revolutionizes,1
e,1
eagerly,1
exudes,1
improving,1
charted,1
cognizant,1
