students,10518
think,10417
seniors,9010
themes,8149
way,6517
believe,5848
discussions,5670
film,5605
still,5511
experience,5452
appreciate,5307
feel,4283
see,4164
might,3876
important,3719
discussion,3705
self,3700
really,3636
world,3511
school,3472
fun,3471
it’s,3391
identity,3347
high,3323
empowerment,3173
conversations,3125
engaging,3070
critical,2992
movie,2984
lives,2781
will,2760
adulthood,2760
create,2594
understand,2591
meaningful,2514
resonate,2427
choice,2343
responsibility,2336
engage,2311
consider,2289
make,2283
i’m,2266
value,2193
joy,2181
open,2169
films,2143
assembly,2137
societal,2064
find,2058
offers,2056
historical,2045
want,2021
deeper,1997
choices,1945
approach,1935
truly,1924
perspective,1910
impact,1867
depth,1844
future,1836
especially,1826
prepare,1814
importance,1801
opportunity,1795
conversation,1773
around,1747
perhaps,1746
genuinely,1734
forward,1727
moral,1716
something,1715
relatable,1712
thinking,1700
complexities,1688
idea,1664
thoughts,1621
uplifting,1621
decision,1607
making,1597
provide,1593
great,1571
creativity,1540
respect,1537
let’s,1536
definitely,1522
encourages,1514
thought,1488
personal,1483
right,1471
explore,1467
plus,1449
celebration,1446
atmosphere,1439
challenges,1426
consequences,1408
reflection,1402
inspire,1387
crucial,1373
resonates,1359
life,1349
ethical,1342
serious,1341
unique,1339
transition,1322
face,1315
relevant,1310
strongly,1308
significant,1308
ethics,1285
points,1283
step,1264
acceptance,1263
issues,1250
said,1246
may,1242
compromise,1238
well,1237
heavy,1235
coming,1231
balance,1231
time,1231
spark,1226
understanding,1219
reflect,1217
even,1216
essential,1211
experiences,1201
futures,1197
potential,1188
complex,1177
weight,1175
lessons,1173
valuable,1157
best,1152
expectations,1146
profound,1146
discovery,1141
leave,1140
lead,1134
positive,1132
need,1130
creating,1128
help,1122
engagement,1112
dialogue,1109
moment,1106
ground,1106
event,1102
together,1098
critically,1096
individuality,1090
messages,1087
choose,1079
history,1062
real,1055
celebratory,1053
different,1043
us,1041
context,1037
memorable,1031
impactful,1018
thoughtful,1015
afterward,1008
sense,1000
willingness,996
absolutely,988
provides,985
point,974
present,974
light,969
looking,964
provoking,958
foster,957
feeling,946
dilemmas,941
without,938
incredibly,938
topics,936
go,935
implications,933
entertainment,932
maybe,931
encourage,925
deep,919
follow,911
insights,910
agree,904
decisions,904
excited,901
deeply,895
growth,894
roles,887
actions,883
come,882
ultimately,870
graduation,867
now,866
next,866
hear,866
identities,855
educational,855
perspectives,851
among,850
lasting,848
thank,841
young,829
vibrant,826
passion,816
humor,802
lighter,797
one,796
elements,792
ideas,792
certainly,789
take,789
narrative,788
clear,777
questions,777
common,775
offer,765
commitment,764
willing,762
focus,761
vital,757
screening,753
allowing,750
trying,749
level,743
connect,738
celebrate,733
allows,728
love,727
pivotal,725
exploration,725
environment,718
brings,717
connection,714
totally,711
stage,711
hope,708
you’re,707
group,705
presents,703
feels,703
responsibilities,698
ensure,692
serve,691
discussing,689
better,678
accessible,677
society,670
fostering,669
encouraging,664
much,663
scientific,653
powerful,652
hi,649
adults,646
showing,645
ways,642
aspects,640
ensuring,636
completely,631
providing,631
keep,623
chance,623
today,621
everyone,620
embrace,619
discuss,619
incorporate,619
activities,618
plan,618
celebrating,617
navigate,615
spirit,614
strong,607
hey,601
many,594
relatability,593
glad,578
thanks,573
storytelling,573
lot,569
considering,568
finding,564
hearted,560
worry,555
joyful,555
passionate,553
beyond,550
message,549
challenge,547
inspired,546
significance,545
compelling,542
towards,540
journey,539
exploring,535
innovation,534
kind,533
entertaining,533
merits,526
rather,524
ahead,524
emotional,508
empowering,507
we’re,500
work,500
achievements,498
heavier,491
bring,490
sounds,489
that’s,483
current,483
norms,482
fantastic,481
firmly,480
highlight,477
dives,474
equally,472
recognize,462
move,462
audience,461
blend,458
seeing,457
indeed,456
pressures,453
presented,451
yet,450
shape,450
reflections,446
gender,441
they’re,439
community,434
i’d,434
post,431
events,430
positivity,429
enjoyable,428
paths,422
tone,421
enriching,420
addressing,420
frame,419
often,415
look,414
there’s,414
toward,412
presenting,411
movies,410
set,409
sure,408
human,407
benefit,405
share,403
viewing,402
moreover,401
going,395
nature,395
narratives,393
chapter,392
hearing,392
journeys,391
allow,391
colorful,391
space,386
aligns,386
challenging,385
reach,383
provoke,382
morality,379
comes,377
vote,376
bit,375
laughter,374
navigating,368
preparing,368
content,367
science,365
worth,359
lighthearted,358
rich,358
invites,357
film's,357
enjoy,354
openness,353
soon,353
show,352
finalize,351
away,349
first,349
bridge,349
enthusiasm,349
creative,348
stand,345
middle,343
pta,343
dedication,340
surrounding,340
valid,338
tackles,337
lean,337
made,336
angle,335
enter,334
regarding,332
care,331
incorporating,331
advocate,330
desire,330
complexity,328
broader,325
aspect,322
leaning,321
relate,321
excitement,319
inspiration,318
today's,318
good,316
give,316
appeal,315
long,313
they’ll,312
later,312
embark,311
final,309
stepping,309
belief,308
moments,307
manner,307
occasion,306
stunning,305
realities,304
direction,303
filled,302
end,302
back,301
focusing,301
express,299
aspirations,299
choosing,299
empower,298
interests,298
visually,297
seems,296
facilitate,296
grappling,295
addresses,295
phase,294
ambition,294
lens,294
grapple,294
meeting,293
matter,289
consensus,289
energy,288
speaks,288
impression,286
terms,286
emphasize,285
inspiring,283
touch,281
relevance,280
confidence,280
undoubtedly,279
cinematic,279
ready,277
reflects,276
additionally,273
given,273
support,273
uplifted,272
power,271
rounded,270
hold,270
two,269
one's,268
parents,268
cultural,267
giving,267
proposal,267
enjoyment,267
alongside,267
approachable,266
social,265
sound,265
solid,263
setting,263
carry,262
opinions,262
learning,261
age,260
place,260
sometimes,259
transitional,258
particularly,255
weighty,254
youth,254
fosters,254
intellectual,253
captures,251
day,251
story,249
framing,249
values,249
moving,247
particular,247
survey,247
dive,247
brink,246
perfect,245
know,245
facing,244
keeping,244
rest,244
found,244
offering,244
visuals,242
expression,242
specific,241
panel,241
sparks,241
arguments,241
main,240
acknowledge,239
merit,239
key,237
viewpoint,235
encounter,235
yes,234
showcasing,231
address,231
overall,230
embracing,229
introspection,229
new,229
uplift,228
opens,228
intense,228
serves,227
table,227
effectively,226
people,226
instead,225
awareness,225
knowledge,224
confront,223
possibility,222
technology,222
advocating,219
enhance,219
convinced,219
connections,219
say,218
primary,218
achieve,218
accomplishments,217
promotes,216
empowered,214
head,214
feature,214
mood,214
highlights,213
viewpoints,213
enrich,212
creates,211
ability,211
true,210
commendable,210
viewers,210
productive,209
year,207
development,206
benefits,206
watching,206
interactive,205
likely,203
collaboration,202
refreshing,202
input,202
potentially,202
case,201
propose,201
past,201
include,201
shaping,201
advancements,201
delves,201
blending,200
part,200
beneficial,200
collaborative,200
fully,199
joyous,199
sparking,198
celebrates,198
wanting,198
heart,197
heaviness,196
carries,195
option,195
continue,195
within,195
strengths,195
maintain,194
put,193
big,193
stereotypes,192
we’ve,192
yeah,192
working,191
invaluable,191
makes,190
reflective,190
using,189
characters,188
lively,188
firm,188
senior,188
behind,188
memories,187
adult,187
shake,187
generation,187
regardless,187
excellent,187
others,186
collaborate,186
concerns,185
solution,185
atomic,185
collaborating,185
fit,184
feedback,184
don’t,183
means,183
board,183
platform,181
promoting,180
essence,179
views,179
reached,179
combining,178
advancement,178
admire,177
quite,177
concern,176
gather,176
steps,176
emphasizes,175
students’,175
similar,175
session,174
room,174
bomb,174
emphasizing,174
what’s,173
process,173
remain,173
immediate,172
balancing,170
tackle,170
directly,169
feelings,169
overwhelming,169
actually,166
view,166
overshadow,166
inviting,166
considerations,166
emphasis,165
can’t,165
cinematography,165
hand,164
inspires,164
walk,164
starting,164
opportunities,164
touches,164
dialogues,163
interesting,163
connected,163
isn’t,163
special,162
whether,162
holds,162
engaged,161
reasons,161
you’ve,160
balanced,160
goal,160
remember,160
milestone,159
gauge,159
super,159
leaving,159
honors,159
shared,158
needs,158
whatever,158
argue,158
role,158
draw,157
impasse,156
faced,156
confident,156
dual,156
breaking,155
constructive,155
showcases,155
interest,154
embodies,154
difficult,153
fear,153
material,153
prioritize,153
vibe,153
informed,153
path,152
transformative,152
sharing,152
insight,152
prompts,152
education,152
mind,152
film’s,152
honestly,151
gives,151
subjects,151
diverse,151
integrate,151
doesn’t,151
i’ll,150
lesson,150
engages,150
honor,149
bringing,149
individuals,149
seriousness,147
either,147
presentation,147
able,147
christopher,147
things,146
far,146
pressure,146
intellectually,146
larger,146
let,145
everything,145
beautifully,145
mean,144
entertain,144
possible,144
highlighting,144
promote,142
purpose,142
following,142
prepares,142
starter,142
incredible,142
richer,142
robert,142
brainstorm,141
members,141
start,141
profoundly,141
attention,140
graduate,140
interested,140
personally,140
entering,140
j,140
preferences,139
activity,139
necessary,139
deserve,138
meet,138
another,138
ignite,138
delve,138
resilience,138
accountability,138
stands,137
connecting,137
modern,137
curious,137
explores,137
connects,136
positively,136
impacts,136
involved,136
integrating,135
break,135
become,135
individual,135
hopeful,135
reflecting,135
aim,134
supportive,134
argument,134
appealing,133
committed,133
tie,133
focused,133
align,133
options,133
remains,133
committee,132
dreams,132
guide,132
though,132
wrap,131
afterwards,131
fresh,131
always,131
leading,130
planning,130
stance,130
performances,130
student,129
suggestion,129
delivers,129
worlds,128
gravity,128
lightheartedness,127
concepts,127
overwhelmed,127
today’s,127
structure,127
tough,127
equip,127
contemporary,126
unfolds,126
saying,126
door,125
win,125
emotionally,124
playful,124
lies,124
strike,124
concerned,124
exciting,123
format,123
comfortable,123
figuring,122
decide,122
insightful,122
heartedness,122
reality,122
catalyst,122
skills,122
position,121
envision,121
poll,121
additional,121
pairing,121
based,120
eager,120
balances,120
prompt,119
capture,119
followed,119
considered,119
careers,119
suggest,118
outline,118
vision,118
stick,117
details,117
last,116
forget,116
spirits,116
majority,116
encapsulates,116
stimulate,114
struggles,113
showcase,113
we’ll,113
image,111
progress,111
framework,111
subject,111
empowers,111
chosen,111
acknowledging,110
arise,110
wonder,110
oneself,110
art,110
structured,110
combination,109
gathering,109
deserves,109
class,108
shows,108
use,107
undeniably,107
voice,107
years,107
related,107
talk,107
fair,107
nuanced,107
gap,106
here’s,106
concede,106
entertains,106
fitting,106
getting,105
voices,105
weigh,105
conviction,105
tackling,105
substantial,104
possibly,104
transitioning,104
albeit,104
graduating,104
selection,104
miss,104
seen,103
inclusive,103
agreement,103
introduce,103
sparked,102
screen,102
cater,102
various,102
foundation,102
every,102
learn,102
losing,101
respond,101
perfectly,101
instill,100
including,100
rapidly,100
prioritizing,100
host,99
enjoying,99
laugh,99
levels,99
combined,99
happen,99
character,99
feminism,98
mix,98
culture,98
add,98
throughout,98
topic,98
diving,98
solely,98
leaves,98
outcome,98
leaders,98
imagination,97
reminder,97
draft,97
prompting,97
influence,97
seem,97
facilitating,97
wonderful,97
increasingly,97
hosting,96
thoughtfully,96
camaraderie,96
risk,95
kids,95
stronger,95
unforgettable,95
goes,95
imagine,94
series,94
combines,94
dynamic,94
change,94
combine,93
mentioned,93
tools,93
hopefully,92
helping,92
raises,92
traditional,92
humanity,92
experiencing,91
intriguing,91
academic,91
factor,91
peers,91
hard,91
springboard,91
immense,91
free,91
accessibility,91
mindset,90
watch,90
thoughtfulness,90
equipping,90
stress,89
weighed,89
sway,89
hybrid,89
shaped,89
contexts,89
maintaining,89
confronting,89
friendship,89
prepared,88
hoping,88
recognizing,88
reaching,87
introducing,87
must,87
framed,87
changing,87
drama,87
deliver,87
supporting,87
upcoming,86
needed,86
parallels,86
anything,86
overlook,85
opening,85
exposing,85
discourse,85
consequence,85
angles,84
furthermore,84
graduates,84
taking,83
outside,83
commentary,83
question,83
filmmaking,83
happy,82
less,82
invite,82
college,82
term,82
entertained,82
daunting,82
uniquely,82
prefer,81
uniqueness,81
leads,81
cultivate,81
charm,81
phenomenon,80
form,80
juncture,80
evident,80
contribute,80
complement,80
minds,80
creation,80
qualities,79
got,79
admirable,79
inclined,79
range,79
ask,79
pushing,79
push,79
respects,79
masterpiece,78
escape,78
theme,78
figure,78
okay,78
takeaways,78
strikes,78
brief,77
clearly,77
emotions,77
intensity,77
brilliant,77
goals,77
along,77
collective,77
eye,77
raise,77
pushes,77
technological,77
full,76
wider,76
authenticity,76
opinion,76
surface,76
elevate,76
soundtrack,75
delivering,75
invested,75
favor,75
enlightening,75
leans,74
thing,74
diversity,74
it’ll,74
ramifications,74
global,74
element,73
suggestions,73
sacrificing,73
curiosity,73
younger,73
differing,73
greater,73
consideration,72
instance,72
reconsider,72
explored,72
closely,72
revisit,72
cinema,72
send,71
optimistic,71
whichever,71
layers,71
representation,71
exceptional,71
compared,71
mention,71
due,70
merge,70
sides,70
play,70
whole,70
multifaceted,70
represents,70
unwavering,70
cusp,70
already,69
formative,69
gain,69
steadfast,69
firstly,69
they’ve,69
creatively,69
ponder,68
underestimate,68
helps,68
thinks,68
simply,68
apply,68
aiming,67
forth,67
pertinent,67
enough,67
entry,67
audiences,67
leadership,66
stories,66
–,66
organize,66
stay,66
sincerely,66
you’d,66
themed,66
guided,66
conclusion,66
heavily,66
merging,66
nolan's,66
striking,65
workshop,65
seriously,65
visual,65
passionately,65
discussed,65
genuine,65
nolan,65
q&a,64
convey,64
organizing,64
overshadowing,64
capacity,64
upbeat,64
selecting,64
grow,64
embraces,63
approaches,63
one’s,63
highlighted,63
run,63
talking,63
crafting,63
classroom,63
build,63
overlooked,63
body,62
workshops,62
thrilled,62
beauty,62
extend,62
crafted,61
effort,61
pick,61
schoolers,61
drafting,61
comprehensive,61
response,61
pitch,61
catchy,61
short,61
1,61
preference,61
greatly,61
approaching,60
lightness,60
shy,60
2,60
3,60
agency,59
raised,59
versus,59
captivating,59
aware,59
little,59
thematic,59
timely,59
stimulating,59
endeavors,59
responsible,59
wholeheartedly,59
convince,59
top,59
side,58
piece,58
motivate,58
evoke,58
unwind,58
safe,58
imaginative,58
achievement,58
philosophical,58
stem,58
multiple,58
wouldn’t,58
openly,57
develop,57
significantly,57
night,57
pretty,57
appeals,57
upon,57
listen,57
legacy,57
sets,56
touching,56
oppenheimer's,56
period,56
quick,56
masterful,56
appreciation,56
stemming,55
proceed,55
landscape,55
artistic,55
building,55
small,55
includes,55
proposing,55
honest,55
easier,55
overly,55
citizens,55
select,55
week,54
resolution,54
respectful,54
wide,54
optimism,54
everyone's,54
page,54
flexibility,54
example,54
works,54
media,53
cover,53
weightiness,53
results,53
stressful,53
everyone’s,53
takes,53
least,53
roll,53
despite,53
require,52
segment,52
projects,52
spotlight,52
heard,52
weave,52
lighten,52
credits,52
unparalleled,52
finalizing,51
encouragement,51
inevitably,51
simultaneously,51
wrapped,51
line,51
incorporates,51
vibrancy,51
doubt,51
hit,51
route,50
bond,50
layer,50
separate,50
heading,50
craft,50
fondly,50
blended,50
climate,50
artistry,50
teens,49
momentum,49
live,49
equipped,49
brought,49
contrast,49
putting,49
guest,49
initiate,49
continuing,49
involve,49
call,49
inclusivity,49
drawing,49
exactly,49
emerge,49
taps,48
keeps,48
matters,48
coexist,48
materials,48
disagree,48
nurturing,48
substance,48
paired,48
introduction,48
missing,47
debate,47
affect,47
keen,47
articulated,47
seniors’,47
forge,47
plans,47
shapes,47
shines,47
packed,47
pop,47
robust,47
messaging,47
nostalgia,47
compromising,47
venture,47
resonance,46
deals,46
immensely,46
satisfy,46
4,46
backdrop,46
honoring,46
repercussions,46
centered,45
motivated,45
meets,45
transitions,45
awesome,45
project,45
floor,45
cherish,45
unpack,45
dealing,45
burden,45
weighing,45
shine,45
core,45
picture,45
learned,44
pursue,44
gets,44
supplementary,44
responses,44
seeking,44
communication,44
type,44
action,44
holistic,44
avenue,44
avenues,44
uplifts,44
mark,44
questioning,44
notch,44
fields,44
crossroads,43
ties,43
captivate,43
pressing,43
fascinating,43
relaxed,43
they’d,43
celebrated,43
continued,43
pair,43
encouraged,43
verge,43
caters,43
several,43
situations,43
takeaway,43
truths,43
boundaries,42
rooted,42
highly,42
wait,42
turns,42
instilling,42
naturally,42
success,42
wish,42
analyze,42
lie,42
dilute,42
becoming,41
begin,41
meaningfully,41
brainstorming,41
kinds,41
everyday,41
chapters,41
shouldn’t,41
possibilities,41
evolving,41
ambitions,41
layered,41
pre,41
suggesting,40
fact,40
notion,40
focuses,40
deepen,40
started,40
clearer,40
sessions,40
conveys,40
standing,40
maturity,40
intention,40
relation,40
sentiment,40
effects,40
commit,39
dismissing,39
alive,39
looks,39
poses,39
featuring,39
forefront,39
somber,39
ensures,39
ideal,39
across,39
visions,39
involving,39
figures,39
define,38
vehicle,38
happiness,38
satisfies,38
style,38
ones,38
course,38
job,38
arrive,38
spirited,38
contemplate,38
richness,38
package,38
seek,38
remarkable,38
changes,37
catch,37
dream,37
included,37
energize,37
authentic,37
accompany,37
screenings,37
tied,37
bigger,37
acknowledges,37
major,37
war,37
concept,36
beginning,36
aligned,36
gateway,36
powerfully,36
respective,36
box,36
adds,36
strength,36
taken,36
beliefs,36
plays,36
nice,36
teachers,36
forum,36
meaning,35
reasoning,35
humorous,35
clips,35
enjoyed,35
conform,35
whimsical,35
fundamental,35
voting,35
alternative,35
champion,35
realize,35
contemplation,35
inclination,35
demands,35
scale,35
represented,34
amazing,34
pursuit,34
monumental,34
doors,34
delving,34
loud,34
polling,34
double,34
nuances,34
entirely,34
tying,34
tool,34
quality,34
bright,34
mental,34
struggle,34
conclude,34
scientists,34
speak,33
drawn,33
guiding,33
buzz,33
offered,33
mindedness,33
sentiments,33
lines,33
actively,33
groups,33
ears,33
generate,33
movie's,33
5,33
bridging,33
adding,33
commend,33
articulate,33
base,33
superior,33
gripping,33
uncertainties,32
growing,32
burdened,32
center,32
amidst,32
heartfelt,32
achieves,32
energetic,32
welcoming,32
home,32
grasp,32
handle,32
shown,32
schedule,32
faculty,32
relationships,31
huge,31
outlook,31
underestimating,31
blends,31
resources,31
mirror,31
selected,31
close,31
featured,31
music,31
intimidating,31
pave,31
holding,31
rewarding,31
impart,31
although,31
suitable,31
levity,31
it'll,31
life's,31
communicate,31
programming,31
bonding,31
phenomenal,31
workforce,31
biopic,31
barbie's,30
speakers,30
expose,30
challenged,30
worthwhile,30
thinkers,30
advocacy,30
provokes,30
portrayal,29
direct,29
turning,29
debates,29
mere,29
note,29
aesthetic,29
lay,29
fruitful,29
freedom,29
constraints,29
adventure,29
crowd,29
paramount,29
establish,29
exchange,29
transcends,29
days,29
nuclear,29
effective,29
compromises,29
enriches,29
urgency,29
directed,29
condition,29
carve,28
someone,28
intricacies,28
logistics,28
clarity,28
prompted,28
participate,28
digestible,28
differences,28
fits,28
storyline,28
timeline,28
initial,28
turn,28
encompasses,28
standards,28
examine,28
relates,28
accept,28
darker,28
contributions,28
longer,27
approached,27
impending,27
teaches,27
courage,27
shift,27
freely,27
immediately,27
preparation,27
accomplish,27
uncertainty,27
suited,27
requires,27
certain,27
mixing,27
state,27
provided,27
arrange,27
innovators,27
capturing,26
complements,26
components,26
stages,26
reconvene,26
medium,26
motivation,26
speaker,26
enhancing,26
vibes,26
culturally,26
grateful,26
single,26
couple,26
unfold,26
variety,26
addition,26
times,26
component,26
solidify,26
efforts,26
dismiss,26
design,26
enthusiastic,26
outstanding,26
intricate,26
program,26
weaving,25
leverage,25
perception,25
perceptions,25
draws,25
thoroughly,25
applications,25
encapsulate,25
reminding,25
intent,25
necessity,25
try,25
spot,25
we’d,25
motivating,25
dig,25
teaching,25
cohesive,25
situation,25
digest,25
forms,25
i’ve,25
depicted,25
contemplating,25
tells,25
nothing,24
educators,24
pivot,24
reflected,24
accomplishes,24
pathway,24
edge,24
contend,24
forming,24
wins,24
poignant,24
molds,24
drive,24
introspective,24
underlying,24
impressive,24
alone,24
kick,24
meant,24
wrestle,24
primarily,24
friendships,24
standstill,24
convictions,24
addressed,24
embody,24
sort,24
career,24
becomes,24
dimensions,24
extraordinary,24
films’,23
inform,23
purposes,23
participation,23
rolling,23
imparting,23
organized,23
detract,23
supplemental,23
teenagers,23
colors,23
proposed,23
land,23
adventures,23
dedicated,23
account,23
responds,23
halfway,23
whereas,23
popular,23
launching,23
examining,23
expressing,23
unity,23
ongoing,23
deadline,23
grounded,23
portrays,23
panels,23
subsequent,23
emerging,23
stakes,23
entire,22
selves,22
communal,22
associated,22
expect,22
successful,22
easily,22
front,22
yield,22
showcased,22
instigate,22
settle,22
optional,22
daily,22
broad,22
energized,22
analysis,22
standpoint,22
delightful,22
constantly,22
act,22
dynamics,22
casual,22
outcomes,22
simple,22
scenarios,22
clever,22
worldview,22
regard,22
tap,22
informal,22
oppenheimer’s,22
beforehand,22
duality,22
ambiguity,22
skill,22
tale,22
forces,22
intellect,22
examples,22
created,21
tries,21
understood,21
doll,21
memory,21
introduces,21
finally,21
relax,21
nearing,21
promising,21
barriers,21
difference,21
organically,21
harness,21
facilitated,21
differently,21
chat,21
centerpiece,21
scheduling,21
worried,21
calls,21
cast,21
aligning,21
complementary,21
driven,21
reinforce,21
ripple,21
lift,21
existential,21
women,21
belonging,21
knowing,21
innovative,21
tell,21
masterclass,21
catering,21
uncomfortable,21
exposure,21
nolan’s,21
dense,20
ease,20
pursuing,20
serving,20
letting,20
igniting,20
mirrors,20
fulfilling,20
gravitas,20
desires,20
aren’t,20
sticking,20
went,20
generated,20
added,20
unable,20
ends,20
reinforcing,20
stone,20
implement,20
socially,20
readiness,20
esteem,20
health,20
weightier,20
officially,20
spur,20
festive,20
applicable,20
illustrates,20
resonating,20
educate,20
won’t,20
aesthetics,20
spectrum,20
laid,20
knows,20
covered,20
comfort,20
covers,20
match,20
somehow,20
equips,20
opposed,20
areas,20
cautionary,20
laughs,19
inspirational,19
handed,19
confidently,19
distinct,19
receive,19
track,19
references,19
defining,19
faces,19
maximize,19
stalemate,19
dreaming,19
collectively,19
older,19
intersect,19
deal,19
professional,19
appreciated,19
chord,19
exams,19
life’s,19
breakout,19
hits,19
capable,19
prioritizes,19
barbie’s,19
singular,19
unexpected,19
urging,19
groundbreaking,19
involves,19
large,19
pull,19
compare,19
boost,19
currently,18
passions,18
asking,18
viable,18
hesitant,18
closer,18
cleverly,18
intertwine,18
cases,18
aside,18
femininity,18
celebrations,18
integral,18
achieved,18
undertones,18
tones,18
momentous,18
led,18
lecture,18
brilliance,18
sight,18
onto,18
quandaries,18
overwhelmingly,18
denying,18
relating,18
assemblies,18
perceive,18
appropriate,18
inherently,18
diminish,18
varied,18
farewell,18
pose,18
discusses,18
presentations,18
impressions,18
allure,18
generations,18
central,18
inquiry,18
integrity,18
classes,17
exposed,17
plenty,17
steadfastness,17
deter,17
hands,17
reinforces,17
equality,17
dolls,17
alternatives,17
lack,17
secondly,17
burdensome,17
complicated,17
respecting,17
fellow,17
remind,17
educates,17
wrapping,17
manages,17
arts,17
invitation,17
running,17
tremendous,17
structuring,17
initially,17
source,17
amongst,17
positions,17
merely,17
shot,17
overlooking,17
welcome,17
mature,17
infuse,17
techniques,17
philosophy,17
history's,17
rapid,17
mixed,16
reasonable,16
championing,16
appreciating,16
instills,16
readily,16
triumphs,16
teach,16
backgrounds,16
portrayed,16
surely,16
curriculum,16
empathy,16
smile,16
cultivates,16
wrong,16
react,16
utilizing,16
excels,16
discovering,16
enabling,16
foundational,16
nonetheless,16
supported,16
woven,16
wondering,16
groundwork,16
energizing,16
outlining,16
valued,16
breaks,16
unite,16
eventually,16
amid,16
beautiful,16
alright,16
sheer,16
team,16
educating,16
suggested,16
lost,16
reactions,16
posed,16
decides,16
priority,16
overview,16
destruction,16
mutual,16
near,16
refine,16
complete,16
weapons,16
responsibly,16
successes,16
father,16
utilize,16
examination,16
date,16
closing,16
rationale,15
resonant,15
processes,15
conventional,15
generation's,15
seamlessly,15
similarly,15
places,15
undeniable,15
underestimated,15
strengthen,15
brilliantly,15
reiterate,15
echo,15
smaller,15
integrated,15
color,15
reservations,15
positioned,15
spent,15
champions,15
parallel,15
needing,15
reconsidering,15
explain,15
parts,15
information,15
unfortunately,15
anyone,15
historically,15
humanity's,15
ownership,15
supports,15
evening,15
aid,15
warfare,15
extends,15
curate,15
intentions,15
missed,15
redefine,14
writing,14
flow,14
committing,14
flowing,14
trust,14
conduct,14
lastly,14
secondary,14
extremely,14
comedy,14
active,14
flick,14
subtly,14
overwhelm,14
spades,14
volumes,14
limited,14
proud,14
navigated,14
enriched,14
promise,14
hopes,14
laying,14
lose,14
warmth,14
road,14
strategy,14
heads,14
couldn’t,14
priorities,14
valuing,14
embedded,14
youthful,14
placing,14
excites,14
concerning,14
fundamentally,14
overshadowed,14
movie’s,14
steer,14
aimed,14
studies,14
universal,14
grounding,14
smiles,14
academically,14
interpretations,14
features,14
feasible,14
mold,14
stir,14
section,14
remaining,14
encountering,14
reason,14
coupled,14
respectfully,14
manhattan,14
score,14
compels,14
contrasting,14
urge,14
helpful,14
stark,14
invoke,14
higher,14
politics,14
list,13
illustrate,13
evaluate,13
disconnected,13
revel,13
admit,13
familiar,13
elicit,13
era,13
successfully,13
democratic,13
left,13
hearts,13
acknowledged,13
demographic,13
thus,13
camp,13
insistence,13
bold,13
nuance,13
stimulation,13
glimpse,13
broadly,13
enhances,13
absorb,13
surveying,13
emphasized,13
threshold,13
embarking,13
specifically,13
settings,13
wisdom,13
defense,13
persuade,13
involvement,13
nurture,13
ignites,13
precisely,13
designed,13
represent,13
sake,13
essentially,13
issue,13
types,13
interaction,13
swayed,13
pleasure,13
outweigh,13
undermine,13
easy,13
linking,13
immersive,13
rally,13
masterfully,13
shying,13
examines,13
greatness,13
contextualize,13
upliftment,13
emotion,13
stimulates,13
thursday,13
demonstrate,13
reference,13
ended,13
demand,13
differ,13
relief,12
organic,12
infectious,12
placed,12
smoothly,12
truth,12
facilitates,12
diluting,12
guess,12
result,12
necessarily,12
amplify,12
cultivating,12
anxiety,12
other's,12
influenced,12
marks,12
channel,12
sweet,12
launch,12
timing,12
fuel,12
notes,12
recent,12
outlined,12
ending,12
initiative,12
revisiting,12
confronts,12
explorations,12
tonight,12
matches,12
compelled,12
inherent,12
surprise,12
uncertain,12
authentically,12
accomplished,12
felt,12
effect,12
watched,12
stems,12
fast,12
motion,12
inherit,12
gearing,12
comedic,12
purely,12
theater,12
flip,12
developing,12
tailored,12
eyes,12
listening,12
poised,12
lays,12
clarify,12
creator,12
solutions,12
adjustments,12
advancing,12
transcend,12
await,12
ethically,12
owe,12
substantive,12
straightforward,12
legacies,12
grapples,12
promotional,12
scenes,12
mini,12
gear,12
distant,11
alienate,11
interactions,11
ideals,11
joys,11
background,11
determine,11
clip,11
universally,11
preferred,11
stretch,11
maintains,11
paving,11
female,11
glance,11
conducting,11
precedence,11
sending,11
pulling,11
developmental,11
linger,11
ultimate,11
haven’t,11
acceptable,11
rigorous,11
general,11
friends,11
aspire,11
intrigued,11
collaboratively,11
healthy,11
overstated,11
forging,11
contender,11
alienating,11
living,11
lends,11
icebreaker,11
navigates,11
facets,11
depths,11
creators,11
whose,11
enduring,11
partnership,11
influences,11
expand,11
link,11
additions,11
intertwines,11
alike,11
recognizes,11
pathways,11
apart,11
breakthroughs,11
nostalgic,11
headed,11
besides,11
food,11
superficial,11
comparison,11
individualism,11
reconcile,11
practice,11
dark,11
bill,11
opting,11
minded,11
tomorrow,11
informs,11
stellar,11
genius,11
witnessing,11
acting,11
bridges,11
political,11
paced,11
morally,11
typical,11
formats,11
wealth,10
aspiration,10
coordinate,10
struck,10
advantage,10
receptive,10
objectives,10
persistence,10
demonstrates,10
foremost,10
mindful,10
hugely,10
shortly,10
ups,10
multi,10
finish,10
dampen,10
uses,10
bases,10
carving,10
determination,10
agreed,10
tension,10
method,10
it’d,10
positioning,10
flexible,10
stresses,10
pressured,10
laughing,10
noting,10
capitalize,10
lenses,10
picking,10
meanings,10
earlier,10
contains,10
phases,10
worked,10
contemplative,10
asks,10
akin,10
encompass,10
comparing,10
society's,10
lived,10
revolve,10
staying,10
articulating,10
conveying,10
basis,10
community's,10
talks,10
review,10
harder,10
initiatives,10
mentioning,10
incite,10
sit,10
rigor,10
ball,10
constructs,10
worthy,10
factors,10
pursuits,10
participants,10
lacks,10
votes,10
parent,10
starters,10
6,10
tapping,10
trivia,10
intersection,10
passive,10
assess,10
prove,10
triumph,10
sacrifice,10
ignore,10
field,10
advantages,10
likewise,10
changed,10
teamwork,10
performance,10
internal,10
artistically,10
whimsy,9
nicely,9
covering,9
vivid,9
meanwhile,9
fulfill,9
write,9
traits,9
contrasts,9
reinforcement,9
captivates,9
recognition,9
gauging,9
that'll,9
digs,9
warm,9
elsewhere,9
bombarded,9
milestones,9
majority's,9
reminds,9
tapestry,9
impacting,9
approachability,9
deciding,9
built,9
finalized,9
winning,9
agreeing,9
bonds,9
affirmation,9
pad,9
viewed,9
occur,9
joyfully,9
heartwarming,9
reacts,9
excite,9
diminishing,9
tends,9
newfound,9
wrestling,9
email,9
smart,9
redefining,9
gloss,9
aims,9
centers,9
lands,9
critique,9
pure,9
distribute,9
throw,9
dose,9
happening,9
club,9
joint,9
nevertheless,9
ride,9
fashion,9
second,9
dissect,9
status,9
quo,9
promotion,9
noteworthy,9
intertwining,9
slightly,9
photo,9
kickoff,9
gaining,9
fleeting,9
zones,9
spurred,9
sciences,9
striving,9
intertwined,9
independence,9
rare,9
ideally,9
lasts,9
worldviews,9
influential,9
witness,9
fabric,9
luck,9
inquiries,9
anticipate,9
onboard,9
unmatched,9
external,9
detailed,8
inclusion,8
myriad,8
togetherness,8
took,8
planned,8
disengagement,8
plates,8
builds,8
conformity,8
catalyze,8
breath,8
air,8
opt,8
imparts,8
evokes,8
patience,8
reaffirm,8
sidelining,8
exist,8
intact,8
selections,8
fostered,8
motivational,8
collaborations,8
online,8
introductory,8
tougher,8
crave,8
cost,8
retain,8
lifts,8
typically,8
launchpad,8
scenario,8
nurtures,8
realizations,8
somewhat,8
study,8
entice,8
marking,8
urgent,8
chart,8
adapt,8
capability,8
captured,8
focal,8
school's,8
digital,8
drafted,8
channels,8
done,8
nail,8
strategies,8
blast,8
negate,8
adolescence,8
deny,8
united,8
revolves,8
concrete,8
pitching,8
hitting,8
intelligence,8
genres,8
limitations,8
agreeable,8
semester,8
seeds,8
escapism,8
unprecedented,8
booth,8
looming,8
timeless,8
fraught,8
complementing,8
counterpoints,8
craftsmanship,8
failure,8
tech,8
makers,8
filmmakers,8
existence,8
breathtaking,8
discoveries,8
almost,8
conscientious,8
raw,8
platforms,8
standout,8
runs,8
raising,8
co,8
conveyed,8
discount,8
elevates,8
alumni,8
practical,8
quotes,8
consumerism,8
fantasy,7
array,7
collect,7
quest,7
burdens,7
fuller,7
immediacy,7
communicates,7
straight,7
walking,7
solemn,7
unconventional,7
zeitgeist,7
canvas,7
considers,7
imposes,7
expects,7
conforming,7
massive,7
impose,7
stuff,7
validated,7
counterbalance,7
attendees,7
pass,7
separately,7
teenage,7
sorts,7
pride,7
strive,7
weaves,7
outing,7
script,7
movement,7
guides,7
fond,7
introduced,7
believing,7
circles,7
hash,7
liberating,7
audience's,7
psychological,7
join,7
marry,7
affirming,7
firsthand,7
nights,7
pace,7
consciousness,7
accomplishment,7
didn’t,7
accompanies,7
prevalent,7
confined,7
leveraging,7
infusing,7
nudging,7
fine,7
summarize,7
puts,7
looked,7
pondering,7
compete,7
methods,7
enable,7
local,7
steering,7
thrilling,7
packaged,7
lifting,7
pique,7
peer,7
epic,7
abstract,7
recommendation,7
adjust,7
afraid,7
outlines,7
acclaimed,7
juxtaposition,7
pulls,7
stays,7
proposition,7
surprising,7
wield,7
guidance,7
unified,7
detail,7
resonated,7
morale,7
wonderfully,7
overshadows,7
bogged,7
disservice,7
conscious,7
production,7
conflicts,7
urges,7
mistakes,7
citizenship,7
illustrating,7
illuminate,7
academia,7
recount,7
foresee,7
starts,7
invention,7
broaden,7
stop,7
communicating,7
word,7
adamant,7
grand,7
paralleling,7
foresight,7
prefers,7
anchored,7
facts,7
that’ll,7
answer,7
realm,7
punch,7
splitting,7
experienced,7
acknowledgment,7
spaces,7
briefly,7
imminent,7
positives,7
multimedia,7
group's,7
man,7
anecdotes,7
available,7
happens,7
etc.),7
arrangement,7
participating,7
informative,7
wants,7
outweighs,6
arranging,6
weeks,6
unknown,6
loose,6
anxieties,6
rigid,6
exceptionally,6
cornerstone,6
toll,6
culmination,6
imperative,6
circumstances,6
handles,6
intimidation,6
connectivity,6
playfulness,6
exemplifies,6
confirm,6
contributing,6
hadn’t,6
underline,6
exercise,6
dress,6
scope,6
prior,6
gatherings,6
barrier,6
solidifying,6
sees,6
harsh,6
regroup,6
reveal,6
incorporated,6
sole,6
styles,6
links,6
dots,6
consistent,6
tackled,6
toy,6
achieving,6
widely,6
perceived,6
classrooms,6
flourish,6
flair,6
lifetime,6
oriented,6
attract,6
cerebral,6
year's,6
rooting,6
satisfying,6
weighs,6
centering,6
staff,6
venturing,6
distinctive,6
adequately,6
wraps,6
cheerful,6
quiz,6
infused,6
recently,6
hate,6
notions,6
unless,6
assure,6
attending,6
integrates,6
drives,6
inject,6
video,6
compile,6
split,6
tremendously,6
conducive,6
insecurities,6
ton,6
intersects,6
inadvertently,6
tweak,6
evolution,6
lots,6
tiktok,6
families,6
strictly,6
pause,6
candidate,6
jumping,6
evolves,6
segue,6
loop,6
expected,6
benefiting,6
characters’,6
planting,6
realms,6
motivations,6
lend,6
proactive,6
enlighten,6
encapsulating,6
bat,6
appears,6
understandings,6
enlightened,6
conjunction,6
exercises,6
specifics,6
opened,6
taste,6
never,6
flows,6
envisioning,6
anticipation,6
divide,6
favoring,6
carefully,6
movies’,6
innovations,6
risks,6
arm,6
gray,6
understated,6
marries,6
counter,6
affects,6
arising,6
used,6
pros,6
touchstone,6
environmental,6
conflict,6
gladly,6
tangible,6
partner,6
cillian,6
frames,6
precipice,6
via,6
games,6
data,6
(options,6
dramatic,6
segments,6
rehearsal,6
minutes),6
limit,5
coin,5
re,5
thrive,5
invigorated,5
energizes,5
delivery,5
craving,5
overarching,5
easing,5
echoes,5
shoulders,5
release,5
season,5
disengaged,5
stake,5
guns,5
dimensional,5
multitude,5
dampening,5
invokes,5
posing,5
trends,5
horizon,5
thorough,5
arguably,5
twist,5
driving,5
cross,5
defined,5
boards,5
prospect,5
shed,5
descriptions,5
boxes,5
duty,5
forums,5
academics,5
tragedy,5
meantime,5
rotating,5
crises,5
seminar,5
lightly,5
classmates,5
follows,5
sends,5
fluff,5
disconnect,5
delivered,5
relationship,5
surround,5
accompanying,5
believer,5
disengage,5
wishing,5
somewhere,5
garnered,5
friendly,5
plain,5
respected,5
ice,5
recommend,5
chase,5
harnessing,5
fears,5
anytime,5
generates,5
leap,5
uniting,5
searching,5
fare,5
attendance,5
limiting,5
taught,5
stressed,5
dialog,5
talked,5
winner,5
fulfills,5
school’s,5
grab,5
assignment,5
establishing,5
boils,5
wholly,5
thereby,5
realizing,5
received,5
expressed,5
critiques,5
numerous,5
motivates,5
cohort,5
announcement,5
classic,5
toolkit,5
accepting,5
comparative,5
paint,5
assert,5
comfortably,5
document,5
concise,5
name,5
charge,5
nod,5
attributes,5
exchanges,5
setup,5
struggling,5
interpretation,5
alignment,5
minute,5
forcing,5
counterpoint,5
arming,5
humanity’s,5
propel,5
resolve,5
dance,5
problems,5
detracting,5
consequential,5
regret,5
interplay,5
logistical,5
irreplaceable,5
round,5
isolation,5
unifying,5
landscapes,5
harmonize,5
negotiate,5
unlike,5
aspiring,5
objective,5
measure,5
contributes,5
interpret,5
known,5
pointing,5
inhabit,5
reveals,5
directing,5
world's,5
joyfulness,5
spread,5
played,5
tally,5
person,5
trajectory,5
invigorating,5
companion,5
intended,5
morals,5
cons,5
contextualizing,5
backing,5
technical,5
sections,5
summary,5
tasks,5
altogether,5
answers,5
unintended,5
suits,5
passively,5
reconnect,5
strongest,5
comments,5
historic,5
debating,5
people's,5
negative,5
marrying,5
identify,5
enables,5
murphy,5
biography,5
technology's,5
rehearse,5
applying,5
behavior,5
discover,5
exhibition,5
persuasive,5
contagious,5
embraced,5
arises,5
gears,5
convincing,5
envisioned,5
funny,5
generally,5
continues,5
absorbing,5
jubilant,5
google,5
evaluating,5
elicits,5
announcements,5
strategize,5
engagingly,5
access,5
alleviate,5
packs,5
derive,5
non,5
supposed,5
ages,5
realization,4
structures,4
unsure,4
submit,4
helped,4
anchor,4
accommodate,4
afternoon,4
historian,4
alternatively,4
undertone,4
standalone,4
load,4
discourage,4
description,4
adaptability,4
generating,4
drastically,4
embedding,4
dramas,4
neglecting,4
images,4
limits,4
virtues,4
magic,4
altering,4
resource,4
carrying,4
playing,4
guilt,4
retains,4
outfits,4
multidimensional,4
landed,4
complicates,4
brighten,4
interact,4
tandem,4
pointed,4
cap,4
four,4
beneath,4
shifting,4
dedicate,4
gently,4
circle,4
illustrated,4
either/or,4
thrives,4
synergy,4
tunes,4
decorations,4
communities,4
shadow,4
reserve,4
teaming,4
jobs,4
agenda,4
undermining,4
derived,4
teacher,4
literature,4
civic,4
undervalue,4
prioritized,4
overcoming,4
bounce,4
treat,4
beginnings,4
vastly,4
service,4
amusement,4
mine,4
workable,4
supplement,4
arcs,4
popularity,4
imagery,4
leaned,4
wording,4
chose,4
world’s,4
extract,4
auditorium,4
vulnerability,4
honesty,4
reframe,4
dilemma,4
combo,4
gone,4
please,4
obligations,4
mentally,4
elevating,4
brand,4
hook,4
dragging,4
stressing,4
garner,4
natural,4
probably,4
nudges,4
facilities,4
prep,4
widespread,4
confusing,4
tune,4
emerges,4
boldly,4
fuels,4
remarkably,4
principles,4
exchanging,4
count,4
initiating,4
early,4
favorite,4
effortlessly,4
careful,4
outlet,4
saw,4
conclusions,4
charged,4
directions,4
language,4
accompanied,4
evolve,4
tailor,4
boosting,4
spring,4
varying,4
designing,4
initiated,4
appear,4
intricately,4
fence,4
bound,4
latter,4
handling,4
lifelong,4
apparent,4
globally,4
signifies,4
broadening,4
model,4
inheriting,4
produce,4
finishing,4
garners,4
ambitious,4
potent,4
enrichment,4
gleaned,4
compellingly,4
matched,4
acts,4
standard,4
threads,4
previous,4
faceted,4
horizons,4
settled,4
instagram,4
extra,4
useful,4
honored,4
intentional,4
mutually,4
underscore,4
refining,4
immerses,4
societies,4
candid,4
dry,4
delicate,4
ambiguities,4
persuaded,4
meetings,4
bad,4
advances,4
statement,4
screened,4
10,4
historians,4
genre,4
rite,4
passage,4
glean,4
possesses,4
professionally,4
gained,4
explaining,4
venue,4
you’ll,4
compass,4
snacks,4
suppose,4
unconvinced,4
portion,4
analytical,4
artists,4
director,4
conversational,4
amenable,4
caliber,4
properly,4
peace,4
rough,4
disappointed,4
justice,4
importantly,4
junction,4
excellence,4
tempting,4
justify,4
appropriateness,4
graduated,4
geared,4
displayed,4
lets,4
integration,4
secure,4
palatable,4
attempt,4
witty,4
kickstart,4
facilitator,4
theory,4
enticing,4
linked,4
whenever,4
extent,4
heavyweight,4
laden,4
retaining,4
torn,4
company,4
sensitivity,4
documentary,4
suit,4
internalize,4
old,4
judgment,4
fairly,4
fall,4
charms,4
props,4
intentionally,4
managed,4
infuses,4
15,4
finals,4
sways,4
hanging,4
lock,4
overtly,4
biographical,4
actionable,4
(open,4
response),4
system,4
inventions,4
dedicating,4
reaches,4
capacities,4
ignored,4
engagements,4
decades,3
programs,3
clubs,3
contacts,3
written,3
respite,3
cathartic,3
examinations,3
fruition,3
romp,3
exclusive,3
warrant,3
student's,3
mixture,3
breathe,3
motivator,3
strict,3
brighter,3
chaotic,3
bunch,3
adventurous,3
offerings,3
actual,3
gaps,3
vantage,3
comforting,3
comparisons,3
whoever,3
studying,3
adjusting,3
employs,3
formation,3
flaws,3
saving,3
ambiance,3
other’s,3
definition,3
capabilities,3
phrase,3
assembly's,3
number,3
imprint,3
undergo,3
rests,3
hopefulness,3
alternating,3
family,3
physics,3
findings,3
recognized,3
burdening,3
reserved,3
toys,3
referencing,3
hammer,3
understands,3
reflectively,3
promises,3
merges,3
criteria,3
cause,3
depict,3
portray,3
moderator,3
enjoys,3
ms,3
thompson,3
knack,3
updated,3
increasing,3
elegantly,3
approval,3
shifts,3
says,3
expressions,3
icebreakers,3
tons,3
fertile,3
public,3
elaborate,3
intrinsic,3
dissecting,3
instant,3
assist,3
stifle,3
juxtapose,3
frameworks,3
states,3
consult,3
trend,3
reception,3
continuously,3
settling,3
vein,3
whirlwind,3
sell,3
effectiveness,3
depending,3
ignited,3
revolving,3
distance,3
warrants,3
gave,3
skin,3
anxious,3
allowed,3
unites,3
lower,3
prepping,3
locking,3
version,3
maximizes,3
books,3
diverge,3
forced,3
veering,3
grew,3
upfront,3
scales,3
lately,3
lingering,3
assistance,3
unrealistic,3
closed,3
assign,3
sequence,3
participatory,3
reassess,3
juxtaposes,3
avoid,3
dates,3
conversely,3
interconnected,3
interwoven,3
alternate,3
rallying,3
intensely,3
chances,3
disregard,3
rethink,3
counselors,3
usual,3
birdwatching,3
validation,3
resilient,3
contest,3
deepening,3
magnificent,3
request,3
waiting,3
counterarguments,3
pieces,3
insist,3
converge,3
shedding,3
interconnectedness,3
retelling,3
simplify,3
analyzing,3
colleagues,3
activism,3
bolster,3
fire,3
undertake,3
assembly’s,3
landmark,3
sitting,3
maintained,3
required,3
symbolizes,3
applied,3
correctly,3
span,3
meditation,3
failures,3
individually,3
definitive,3
check,3
compel,3
holistically,3
black,3
white,3
improve,3
affecting,3
precursor,3
order,3
sparkles,3
buzzing,3
representing,3
relying,3
forthcoming,3
extensively,3
pacing,3
game,3
adjustment,3
target,3
zone,3
joining,3
rainbows,3
equal,3
tastes,3
shares,3
partnering,3
entail,3
surpasses,3
inputs,3
catching,3
sophistication,3
cooperative,3
strides,3
impressed,3
defer,3
portraying,3
ample,3
coordinating,3
ethos,3
simplifying,3
degree,3
transformational,3
heighten,3
obvious,3
duties,3
resolute,3
proper,3
distractions,3
gentle,3
testament,3
conducted,3
formal,3
bullet,3
7,3
half,3
thematically,3
transform,3
person's,3
search,3
encountered,3
compares,3
bear,3
counterpart,3
expanding,3
demanding,3
productively,3
correct,3
wake,3
consume,3
showed,3
deliberate,3
implementing,3
function,3
18,3
s,3
heightened,3
bomb's,3
proceeding,3
surprised,3
embodying,3
discomfort,3
riveting,3
hidden,3
lineup,3
title,3
personalities,3
ingenuity,3
test,3
articulates,3
sheds,3
imperfections,3
crafts,3
turmoil,3
pitfalls,3
skim,3
quizzes,3
communicated,3
pleased,3
packing,3
impeccable,3
spectacle,3
thereafter,3
pitched,3
another's,3
caught,3
bravery,3
chatting,3
strategically,3
impress,3
imagining,3
intermission,3
viewings,3
underway,3
rigors,3
depiction,3
tried,3
tumultuous,3
vibrance,3
facilitators,3
came,3
breather,3
served,3
boys,3
girls,3
negatively,3
dealt,3
modify,3
months,3
familiarity,3
psyche,3
versatility,3
statistics,3
testimonials,3
rate,3
intrigue,3
childhood,3
enlightenment,3
relish,3
lessen,3
intimidated,3
trailers,3
held,3
eventual,3
eagerness,3
satisfied,3
desperately,3
skipping,3
opposing,3
credit,3
stations,3
trauma,3
posters,3
generational,3
visualize,3
finds,3
minutes,3
pm,3
official,3
sticks,3
detached,3
decided,3
rightly,3
intimately,3
gathered,3
confronted,3
stuck,3
cherishing,3
underscores,3
recall,3
adapting,3
wall,3
anchoring,3
logic,3
triggered,3
mindsets,3
thread,3
tailoring,3
surrounds,3
outright,3
festival,3
favored,3
stylish,3
acclaim,3
promoted,3
knowledgeable,3
subtle,3
formulate,3
regularly,3
morning,3
attachment,3
(15,3
(30,3
metaphor,3
learners,3
(e.g,3
timelines,3
provocative,3
problem,3
kindly,3
spotlighting,3
opposite,3
ballot,3
mechanism,3
wednesday,3
instinct,3
echoed,3
ago,2
comic,2
brave,2
swaying,2
premier,2
polls,2
sold,2
speaking,2
fueling,2
fiercely,2
loves,2
scholarly,2
precede,2
vice,2
versa,2
applaud,2
removed,2
sideline,2
crisis,2
fronts,2
sought,2
steeped,2
relevancy,2
expectation,2
converse,2
avoiding,2
resulting,2
labels,2
thankful,2
uncover,2
marvel,2
mirroring,2
rules,2
witnessed,2
bleak,2
roots,2
arrived,2
grabs,2
magical,2
consumer,2
chaos,2
immersing,2
throwing,2
seamless,2
utilizes,2
predefined,2
arrangements,2
thoroughness,2
disciplines,2
wrestles,2
victories,2
feast,2
reminisce,2
radar,2
bonus,2
store,2
energies,2
satirical,2
interpersonal,2
rightfully,2
processing,2
responsive,2
transformation,2
teen,2
freshness,2
prominently,2
contextual,2
invigorates,2
sum,2
save,2
commemorate,2
reminded,2
reprieve,2
sincerity,2
capstone,2
density,2
constrained,2
injects,2
radiates,2
disengaging,2
cuts,2
cooker,2
member,2
binary,2
gradually,2
universe,2
display,2
comment,2
evening's,2
earnest,2
purposefully,2
dictate,2
smooth,2
provocation,2
craves,2
isolating,2
staunchly,2
concluding,2
earned,2
dampens,2
amount,2
heft,2
fill,2
bearing,2
disregarding,2
validate,2
sprinkle,2
logistically,2
pivoting,2
collected,2
emails,2
subverts,2
summer,2
usually,2
trade,2
shining,2
endorse,2
systems,2
evolved,2
fairest,2
transforms,2
huh,2
splash,2
women’s,2
satire,2
encapsulated,2
managing,2
environments,2
announce,2
palpable,2
underpinning,2
vitality,2
extraordinarily,2
hot,2
wit,2
artfully,2
told,2
flesh,2
contact,2
shorter,2
breakfast,2
ferris,2
bueller's,2
mediums,2
complemented,2
circling,2
practicing,2
tip,2
neglect,2
merged,2
parameters,2
undecided,2
formulating,2
streamline,2
distributing,2
control,2
purposeful,2
deserving,2
seemingly,2
stones,2
iconic,2
revealing,2
resistance,2
contrary,2
excerpts,2
distill,2
appetite,2
intersections,2
routine,2
loaded,2
mask,2
anymore,2
skew,2
checks,2
youth's,2
heartening,2
costume,2
introductions,2
fan,2
expresses,2
territory,2
scene,2
prolong,2
dovetails,2
unpredictable,2
consistency,2
master,2
shut,2
adulting,2
theoretical,2
attentive,2
exposes,2
sharpen,2
severity,2
hero,2
sidestepping,2
outlooks,2
bar,2
resembles,2
arguing,2
armed,2
grace,2
individual's,2
stopping,2
mainly,2
movements,2
continuity,2
persists,2
wellbeing,2
rolled,2
threading,2
awaiting,2
marked,2
enthusiastically,2
coupling,2
underscoring,2
iron,2
iterate,2
deepens,2
park,2
jot,2
attractive,2
backed,2
repeating,2
debrief,2
awe,2
relational,2
schools,2
disagreement,2
comparable,2
requiring,2
expense,2
darkness,2
cautious,2
principal,2
campaign,2
teaser,2
snippets,2
posts,2
schedules,2
wellness,2
ii,2
constant,2
kindle,2
undergoing,2
flashy,2
trendy,2
forever,2
fervor,2
nourish,2
recounting,2
understandably,2
wave,2
party,2
dynamically,2
entails,2
catalyzing,2
dares,2
unintentionally,2
pledge,2
cohesively,2
palette,2
costs,2
sunshine,2
mesh,2
remarks,2
reserving,2
cut,2
welfare,2
innovation's,2
possess,2
haunting,2
boasts,2
narratively,2
fellowship,2
golden,2
spin,2
debriefing,2
reaction,2
contextually,2
nourishment,2
unpacks,2
agrees,2
paints,2
creatives,2
worries,2
destructive,2
worse,2
independent,2
caring,2
mirrored,2
underplay,2
scientist,2
ethicist,2
advantageous,2
excluding,2
aspirational,2
pressed,2
departure,2
translating,2
attuned,2
storylines,2
brightness,2
extension,2
concluded,2
born,2
assume,2
predict,2
moderated,2
melding,2
preparations,2
department,2
creations,2
gallery,2
newsletters,2
mid,2
relies,2
appreciates,2
sidestep,2
dear,2
originating,2
prelude,2
assurance,2
graciously,2
philosophies,2
applies,2
rise,2
pivoted,2
fallout,2
endeavor,2
echoing,2
asset,2
warming,2
mentors,2
brightly,2
excellently,2
versatile,2
attempting,2
adult's,2
essays,2
politically,2
scientifically,2
lights,2
unbelievably,2
catalysts,2
stances,2
grave,2
harmonizing,2
tier,2
breakthrough,2
seeks,2
hesitate,2
happyness,2
titles,2
exhilarating,2
window,2
distraction,2
degrees,2
science's,2
manage,2
greatest,2
man's,2
tend,2
scheduled,2
broadens,2
innovate,2
influencing,2
prevailing,2
interweaving,2
facet,2
reckon,2
surveyed,2
constraint,2
masterpieces,2
imminently,2
instigating,2
writings,2
polished,2
hashtag,2
majority’s,2
exhilaration,2
neither,2
personalized,2
reevaluate,2
outreach,2
immerse,2
devoted,2
fold,2
vitally,2
statements,2
intricacy,2
international,2
sobering,2
unrest,2
unpacking,2
relieve,2
stretches,2
validity,2
therapeutic,2
textbooks,2
accurately,2
betterment,2
investment,2
maturing,2
pack,2
everything’s,2
imposed,2
pans,2
everywhere,2
recap,2
force,2
affirm,2
detracts,2
preserves,2
story's,2
adamantly,2
solemnity,2
carefree,2
coursework,2
accordingly,2
practically,2
wise,2
else's,2
sent,2
vessel,2
grown,2
distinctly,2
character's,2
indifferent,2
roadmap,2
overloaded,2
refreshingly,2
fulfillment,2
momentary,2
engrossing,2
reframed,2
advance,2
encounters,2
prevent,2
daunted,2
(select,2
prowess,2
quirky,2
courses,2
humorously,2
juggling,2
analyzes,2
treasure,2
richly,2
experts,2
quickly,2
understandable,2
exceeds,2
didactic,2
grander,2
attend,2
original,2
hype,2
coping,2
staggered,2
flipped,2
promotions,2
turnout,2
organizations,2
increase,2
deadlines,2
targets,2
allocating,2
tricky,2
rehearsed,2
quiet,2
café,2
examined,2
manageable,2
opener,2
seed,2
lifted,2
equate,2
intimate,2
receives,2
finest,2
siding,2
demographics,2
hurrah,2
satisfactory,2
transpired,2
concludes,2
representations,2
sorted,2
preachy,2
targeting,2
analyses,2
distract,2
glossed,2
perseverance,2
considerate,2
policy,2
preserving,2
clash,2
enlightens,2
collecting,2
vividly,2
parties,2
saturated,2
civil,2
bet,2
ripe,2
renowned,2
pushed,2
journal,2
prominent,2
lending,2
surprisingly,2
contributors,2
learnings,2
lightheartedly,2
sophisticated,2
oppose,2
pictures,2
touchpoint,2
professions,2
battles,2
jump,2
swing,2
guarantee,2
community’s,2
doubts,2
soliciting,2
deliberation,2
observers,2
showings,2
conditions,2
synthesize,2
operating,2
surveys,2
sugarcoat,2
emotive,2
supplementing,2
reluctant,2
spearhead,2
ai,2
stills,2
polish,2
flat,2
characteristics,2
devoid,2
abound,2
gravitate,2
conscience,2
closure,2
utilized,2
exact,2
denied,2
assuming,2
distribution,2
flyer,2
gift,2
lined,2
hone,2
conceding,2
drill,2
carried,2
arms,2
granting,2
destinies,2
practicalities,2
happily,2
indirectly,2
captivated,2
countless,2
enormous,2
unforeseen,2
concurrently,2
return,2
roundtable,2
doom,2
culminating,2
joke,2
oftentimes,2
adversity,2
highs,2
lows,2
rarely,2
fittingly,2
outlets,2
remembering,2
midst,2
dominate,2
wonders,2
limitless,2
suitability,2
reinforced,2
constructively,2
surroundings,2
permission,2
branch,2
disarm,2
enhanced,2
questionnaire,2
unlikely,2
animated,2
animation,2
cares,2
bid,2
bittersweet,2
weights,2
inundated,2
alienated,2
waters,2
society’s,2
secret,2
dwell,2
liberation,2
motifs,2
redefines,2
owning,2
body’s,2
oppenheimer),2
chasing,2
explanation,2
(barbie),2
(oppenheimer),2
waves,2
affirmations,2
steam,2
festivity,2
unapologetically,2
judgmental,2
adolescents,2
pink,2
abandoning,2
harmonious,2
(like,2
devise,2
favorable,2
meld,2
shadows,2
unify,2
vs,2
chore,2
fleshing,2
audience’s,2
materialism,1
broaching,1
exuberance,1
cornerstones,1
brainstormed,1
expert,1
excitedly,1
detraction,1
viral,1
educated,1
soft,1
heaps,1
tests,1
judgments,1
cooperation,1
book,1
industry,1
ignoring,1
fresher,1
undervalued,1
rejuvenate,1
likelihood,1
enlivened,1
perfection,1
presentation's,1
extricated,1
kid's,1
moves,1
wheels,1
recommendations,1
seeding,1
charismatic,1
dilutes,1
import,1
efficacy,1
assigning,1
weren’t,1
advanced,1
reap,1
flooded,1
absurdity,1
shells,1
dazzling,1
overestimating,1
pinch,1
opts,1
buoyancy,1
modified,1
narrow,1
partly,1
recommended,1
yielding,1
interlude,1
reigns,1
supreme,1
recharge,1
overlap,1
eloquent,1
negativity,1
translate,1
produced,1
argued,1
battle,1
equity,1
terming,1
educative,1
i’re,1
sensible,1
sometime,1
norm,1
experiment,1
slower,1
endless,1
there'd,1
fearless,1
apt,1
unknowns,1
intending,1
enliven,1
checking,1
finale,1
consulting,1
siblings,1
loom,1
headfirst,1
fantastical,1
mainstay,1
quandary,1
lighterhearted,1
suffocating,1
disarming,1
depends,1
quests,1
grades,1
abstracting,1
reconsidered,1
intersecting,1
drop,1
methodology,1
novel,1
moderate,1
she’s,1
she’d,1
referring,1
doorways,1
sequel,1
stirred,1
specialized,1
brewing,1
gut,1
confrontational,1
talents,1
apprehensive,1
accountable,1
underneath,1
cherished,1
buoyed,1
believes,1
opposition,1
reply,1
reveling,1
none,1
smashing,1
melancholic,1
demystify,1
praise,1
dare,1
appropriately,1
buy,1
lovingly,1
enact,1
earns,1
e,1
deftly,1
summaries,1
designate,1
hashing,1
savoring,1
circulate,1
print,1
sentences,1
disseminate,1
posting,1
grabbing,1
pin,1
fitness,1
delicately,1
reaping,1
forgoing,1
liberated,1
exceedingly,1
bestow,1
unfortunate,1
gotten,1
reflectiveness,1
pro,1
palate,1
cleanser,1
repetitive,1
discovers,1
root,1
competitive,1
curating,1
signals,1
dread,1
storytelling's,1
channeling,1
resort,1
people’s,1
overemphasizing,1
reassurance,1
suppress,1
rotation,1
📽️,1
calendars,1
introspectively,1
handedness,1
unlock,1
dovetail,1
resorting,1
youtube,1
leverages,1
entrenched,1
synergizing,1
foot,1
curiosities,1
soundtracks,1
representative,1
distinctions,1
tweaks,1
consumption,1
extended,1
dominated,1
potentials,1
steers,1
lectures,1
imaginations,1
broach,1
replicate,1
mostly,1
hitters,1
roof,1
veers,1
bombards,1
inspiriting,1
forged,1
ideologies,1
coalesce,1
dancing,1
offhandedly,1
trials,1
compiling,1
representatives,1
toxicity,1
instilled,1
death,1
convoluted,1
submitting,1
delights,1
tempted,1
depicting,1
collateral,1
deliverable,1
confining,1
behaviors,1
buoyant,1
pleaser,1
birds,1
switching,1
attentiveness,1
undercut,1
optimize,1
allocate,1
youngsters,1
angst,1
whet,1
daring,1
skirting,1
decreased,1
decent,1
optimal,1
rebel,1
plea,1
hitter,1
tolerance,1
inside,1
baggage,1
edward,1
spoke,1
oversimplifying,1
refreshed,1
cream,1
administrators,1
&,1
code,1
children,1
interns,1
requisite,1
straying,1
dreamhouse,1
strategizing,1
sync,1
responding,1
lunch,1
glossing,1
masculinity,1
sensibly,1
proven,1
straw,1
heavyweights,1
pads,1
drowning,1
considerable,1
develops,1
personality,1
citizen,1
settles,1
condensed,1
storyteller,1
solemnities,1
unfiltered,1
warranted,1
unseen,1
gratifying,1
nourishing,1
gratitude,1
romanticizes,1
hinder,1
ion,1
mentorship,1
villain,1
complimentary,1
law,1
agents,1
spans,1
selling,1
sided,1
calling,1
appease,1
elegant,1
lightest,1
despair,1
difficulties,1
preparedness,1
underselling,1
liners,1
practices,1
wrestled,1
wielding,1
agent,1
met,1
abilities,1
freedoms,1
blossom,1
toast,1
probe,1
coexists,1
sorrow,1
amplified,1
crossover,1
maximum,1
knock,1
stimulus,1
tenacity,1
sidetrack,1
pioneers,1
segueing,1
ensue,1
insistent,1
suspense,1
compassionate,1
trial,1
ingredients,1
collide,1
posit,1
interactively,1
fervent,1
dialogic,1
military,1
unrivaled,1
developments,1
innovating,1
adhering,1
financial,1
sectors,1
arenas,1
poignantly,1
analogies,1
paradoxical,1
humankind,1
privacy,1
filmography,1
dash,1
meeting’s,1
thisvoting,1
meticulously,1
sensational,1
knew,1
existed,1
elevated,1
manifested,1
planted,1
redirect,1
20th,1
century,1
mistake,1
wear,1
begins,1
occasions,1
governed,1
splendor,1
timed,1
toughest,1
spurs,1
grounds,1
mission,1
exclusively,1
vast,1
likes,1
furthers,1
amalgamation,1
youths,1
acquire,1
orchestrating,1
downplay,1
entertainment's,1
precedent,1
touched,1
revolutionary,1
scheme,1
rave,1
reviews,1
feasibility,1
oversimplify,1
precision,1
patriotism,1
honed,1
robustly,1
observe,1
unproductive,1
blush,1
halls,1
persistent,1
plane,1
secured,1
expertly,1
research,1
interface,1
sketch,1
saturday,1
haunted,1
sugar,1
coated,1
established,1
leader,1
knocks,1
ethicists,1
unfolding,1
cake,1
eat,1
receiving,1
safer,1
sea,1
heroism,1
curtain,1
consumers,1
foreshadowing,1
politicians,1
oversimplified,1
faith,1
paves,1
shades,1
savvy,1
dire,1
yearning,1
exemplary,1
globalization,1
arose,1
learns,1
governance,1
understandingly,1
empathetically,1
necessitate,1
indelible,1
necessitated,1
demonstrated,1
nudge,1
cognizant,1
fluid,1
mediation,1
teases,1
destroy,1
navigation,1
premise,1
hardly,1
peril,1
skeptics,1
av,1
equipment,1
functional,1
informing,1
enlist,1
tactics,1
roadblocks,1
reconnecting,1
nest,1
worksheets,1
utmost,1
heaviest,1
problematic,1
foundations,1
admittedly,1
occasional,1
borrowing,1
advocated,1
exudes,1
wavelengths,1
spectrums,1
spreading,1
anonymous,1
enrichments,1
foregoing,1
diversion,1
evidence,1
contemporaries,1
words,1
principle,1
hinges,1
harnessed,1
mitigate,1
converging,1
grappled,1
ambiguous,1
unforgiving,1
interweave,1
severely,1
tested,1
rejecting,1
sport,1
buffs,1
complications,1
stunningly,1
swirling,1
slight,1
existing,1
embodied,1
exploratory,1
tide,1
professionals,1
unicorns,1
overcomplicating,1
bounds,1
protagonist,1
aids,1
graphics,1
devote,1
succession,1
pinpoint,1
shortlist,1
contenders,1
coco,1
soul,1
asked,1
treated,1
uhelping,1
pales,1
frankly,1
sacrifices,1
multidisciplinary,1
glorifying,1
stewardship,1
fathom,1
lightens,1
wwii,1
hardships,1
primes,1
entitlement,1
guarantees,1
surprises,1
indulging,1
neat,1
counterintuitive,1
superbly,1
permeate,1
lying,1
diversify,1
awaits,1
franchise,1
workplaces,1
footprints,1
fail,1
(perhaps,1
educator),1
unanimously,1
structural,1
inner,1
diluted,1
designs,1
organizational,1
guidelines,1
improving,1
compulsory,1
lifestyle,1
romanticizing,1
rife,1
astonishing,1
consequent,1
queries,1
observations,1
excel,1
revitalize,1
divert,1
submissions,1
timeliness,1
perceiving,1
reminiscent,1
total,1
switch,1
deserved,1
vibrate,1
phenomena,1
icon,1
promised,1
definite,1
kicks,1
gonna,1
block,1
therein,1
esprit,1
de,1
vivre,1
pays,1
staunch,1
daunts,1
relations,1
stumbled,1
scrutiny,1
longing,1
smarter,1
who've,1
heroes,1
admired,1
became,1
women's,1
backup,1
fuses,1
sounding,1
videos,1
imposing,1
kickass,1
comradery,1
oppressive,1
sensitivities,1
intermissions,1
skimp,1
lectured,1
picked,1
posted,1
welcomes,1
complicate,1
exit,1
catastrophe,1
impassion,1
history’s,1
distinguished,1
educationally,1
earthly,1
assertion,1
contained,1
refocus,1
imparted,1
collaborated,1
hop,1
repeatedly,1
aiding,1
intimidates,1
label,1
attraction,1
multilayered,1
elated,1
plant,1
extracurricular,1
who’ll,1
completed,1
targeted,1
biggest,1
unanimous,1
(provide,1
films.),1
(short,1
provided),1
shock,1
eliminate,1
vie,1
locally,1
undercuts,1
technology’s,1
wherever,1
entrepreneurship,1
plan's,1
impacted,1
credibility,1
dearly,1
candle,1
attest,1
punctuate,1
upliftingly,1
upholding,1
expressive,1
graduates’,1
tonality,1
rejoice,1
undue,1
freeing,1
preclude,1
anticipating,1
founded,1
attribute,1
conceptually,1
efficiently,1
advertise,1
misses,1
goodbye,1
segues,1
identified,1
usher,1
coincide,1
prom,1
inevitable,1
recipe,1
it'd,1
envelope,1
anticipatory,1
controversies,1
defying,1
funnel,1
idealized,1
destiny,1
stack,1
fortitude,1
schooler,1
deadlock,1
dialoguing,1
ephemeral,1
randomly,1
shies,1
relaxation,1
painted,1
attracting,1
healthier,1
viewers’,1
pokes,1
charming,1
artful,1
tendency,1
repeat,1
multiplicity,1
bulletin,1
teasers,1
teasing,1
panelists’,1
sponsor,1
countdown,1
cool,1
reels,1
panelist,1
confirmations,1
murphy's,1
hosted,1
stretching,1
modifying,1
overlay,1
assists,1
20,1
house,1
apartment,1
fueled,1
happier,1
gracefully,1
busy,1
unofficial,1
beings,1
centralize,1
disputes,1
measures,1
incites,1
orchestrate,1
trivializing,1
dances,1
task,1
envelops,1
hallways,1
sculpt,1
connector,1
portrait,1
continually,1
harboring,1
steady,1
astray,1
proved,1
dichotomy,1
changer,1
imagines,1
tradition,1
group’s,1
quicker,1
releasing,1
simplicity,1
mindless,1
revise,1
quirks,1
weighted,1
smiling,1
quoting,1
rings,1
appreciatively,1
optimistically,1
intersperse,1
photos,1
touchpoints,1
projecting,1
meditations,1
rival,1
reevaluating,1
employ,1
sincere,1
listened,1
uninterrupted,1
transforming,1
behold,1
doubling,1
fodder,1
seizing,1
innate,1
cognitive,1
intensive,1
favorably,1
embolden,1
pressuring,1
evenings,1
hours,1
undivided,1
reputation,1
stirs,1
booster,1
songs,1
convo,1
reliant,1
symbolizing,1
curricula,1
arrives,1
writers,1
execute,1
blowing,1
mindfulness,1
disposal,1
relinquish,1
spinning,1
unwilling,1
affected,1
partway,1
overflowing,1
kindness,1
soften,1
visit,1
throws,1
regather,1
governmental,1
radically,1
travel,1
winds,1
extending,1
adopting,1
interweaves,1
permits,1
wishes,1
outpace,1
teeming,1
sharpens,1
climax,1
uneasy,1
sooner,1
private,1
spheres,1
breadth,1
catastrophic,1
unsettling,1
frivolous,1
delineated,1
causes,1
rewards,1
tighten,1
(multiple,1
choice),1
(scale,1
5),1
(yes/no),1
efficient,1
metaphors,1
friday,1
galvanize,1
awaken,1
confines,1
longest,1
tribulations,1
lifestyles,1
conceptual,1
arrival,1
seat,1
(2,1
hours),1
refresh,1
artworks,1
bingo,1
mingling,1
minor,1
persuasion,1
argumentation,1
relativity,1
past's,1
juxtaposing,1
rushes,1
info,1
broken,1
mull,1
pairs,1
outlast,1
voters,1
stylized,1
achievable,1
delay,1
budding,1
discernment,1
invoking,1
synthesis,1
drag,1
literacy,1
intrigues,1
prevail,1
confer,1
assembling,1
attached,1
probes,1
simpler,1
murals,1
former,1
backdrops,1
versions,1
molding,1
dismissed,1
honing,1
histories,1
experimentation,1
weapon,1
mass,1
threaten,1
exhibited,1
straddles,1
frivolity,1
blockbuster,1
causing,1
harm,1
assesses,1
intend,1
mixer,1
attributing,1
prioritization,1
execution,1
consciously,1
riding,1
guise,1
realism,1
unaddressed,1
synopses,1
devastating,1
staging,1
harmony,1
awakening,1
instincts,1
plot,1
socio,1
independently,1
flies,1
grip,1
uphold,1
expands,1
collate,1
sequential,1
muddle,1
immersion,1
hybridizing,1
horrors,1
doorstep,1
showroom,1
convincingly,1
sensing,1
sow,1
outset,1
fallibility,1
overload,1
festivals,1
instantly,1
renewed,1
directors,1
preliminary,1
overlooks,1
demonstrating,1
persuading,1
creativity),1
journey?”),1
coherence,1
prepped,1
compliments,1
contextualizes,1
daytime,1
preserve,1
caution,1
afterthought,1
cheerfulness,1
alter,1
asserting,1
area,1
indulge,1
similarities,1
wartime,1
maturely,1
celebrative,1
queued,1
previously,1
assets,1
meeting's,1
chasm,1
widening,1
overlaps,1
opportune,1
hesitation,1
adult’s,1
readings,1
tentatively,1
outshines,1
empowerment),1
rates,1
announcing,1
incentive,1
card,1
reminders,1
dwindle,1
weekend,1
week’s,1
underrepresented,1
god,1
keys,1
currents,1
describe,1
fluffy,1
bending,1
proposals,1
headway,1
easiest,1
cores,1
negotiations,1
preceding,1
pilot,1
fiber,1
reshaped,1
frequently,1
cheer,1
illuminates,1
mobilize,1
mesmerizing,1
curriculums,1
stubborn,1
treating,1
isolated,1
implemented,1
odds,1
cultivated,1
continual,1
earnestness,1
fingers,1
instigates,1
runtime,1
imagined,1
awry,1
offs,1
strategic,1
scientist's,1
price,1
fighting,1
critics,1
truthfully,1
rising,1
diametrically,1
linear,1
extrapolate,1
birth,1
exemplified,1
understate,1
comprehension,1
cutting,1
commanding,1
dangers,1
affinity,1
chronicles,1
empathetic,1
affairs,1
irrespective,1
inflexible,1
emulates,1
doorway,1
capitalizes,1
batch,1
emphatic,1
interactivity,1
bare,1
blurred,1
unbelievable,1
testimonies,1
past’s,1
training,1
invoked,1
depressing,1
terrifying,1
gloom,1
unprepared,1
solvers,1
nearly,1
endorsing,1
pain,1
cheering,1
minimizing,1
changemakers,1
evoked,1
curse,1
foregrounds,1
shelved,1
industries,1
modernity,1
wiser,1
charisma,1
escapade,1
jovial,1
shame,1
reshape,1
seminars,1
suspenseful,1
visionaries,1
fatherly,1
fixed,1
tire,1
listing,1
warning,1
ceding,1
entwined,1
meticulous,1
louder,1
charting,1
systemic,1
periods,1
interviews,1
enrichening,1
solicit,1
‘barbie,1
’,1
oppenheimer”’s,1
humanities,1
profession,1
triggers,1
harbor,1
report,1
harmoniously,1
banter,1
timelessness,1
contemporarily,1
fraction,1
oppositional,1
divergence,1
polarized,1
championed,1
dividing,1
smartest,1
enters,1
profiles,1
pencil,1
dualities,1
watered,1
distracts,1
hinge,1
transformed,1
diffuse,1
tragic,1
filmgoers,1
reframing,1
liked,1
exhibits,1
illuminating,1
individualistic,1
viewer,1
displays,1
joyousness,1
difficulty,1
convergence,1
decisive,1
progressive,1
reminiscing,1
savor,1
encompassing,1
ryan,1
rejuvenating,1
appealingly,1
powerpoint,1
slot,1
enhancements,1
telling,1
insignificant,1
diminishes,1
fight,1
defines,1
appearances,1
skews,1
sorting,1
predominantly,1
contributed,1
reimagine,1
abundance,1
deterring,1
sharp,1
kickstarting,1
reluctance,1
seize,1
diminished,1
size,1
soothe,1
17,1
and女性,1
embarks,1
compromised,1
misaligning,1
‘feel,1
good’,1
sidesteps,1
splendidly,1
etc,1
shifted,1
symbol,1
candidness,1
thrill,1
defeated,1
invited,1
restrictive,1
exhausted,1
demographic’s,1
commonalities,1
(through,1
(with,1
diverging,1
implicitly,1
stigma,1
bottom,1
sidelined,1
folks,1
pertain,1
normalizes,1
adeptly,1
probing,1
bypassing,1
flips,1
itinerary,1
beloved,1
arranged,1
evoking,1
revitalized,1
unengaged,1
remote,1
dictates,1
tiptoe,1
packaging,1
remembrance,1
lease,1
teenager,1
vibrantly,1
wanna,1
cohesion,1
preferring,1
that’d,1
allegory,1
quit,1
unlocking,1
hospice,1
coordinator,1
situate,1
drafts,1
mixes,1
advocates,1
room’s,1
harbors,1
messy,1
translates,1
concession,1
culminates,1
sign,1
venues,1
traditionally,1
pedagogical,1
cloud,1
inclusiveness,1
whereby,1
anthem,1
weathering,1
storms,1
populations,1
muddy,1
skirt,1
leveraged,1
prism,1
corresponds,1
schoolwork,1
puzzled,1
preserved,1
indication,1
assures,1
sequences,1
thumbs,1
student’s,1
maximizing,1
whilst,1
headspace,1
grants,1
rom,1
sneaking,1
unleash,1
swamped,1
refreshment,1
reactive,1
proactively,1
glorifies,1
kids’,1
plate,1
slide,1
handout,1
summarizes,1
jotting,1
(barbie,1
/,1
(1,1
scale),1
crazy,1
pleasing,1
reignites,1
pillars,1
personalize,1
assignments,1
finesse,1
interlink,1
continuation,1
solidarity,1
uptake,1
sequentially,1
summarizing,1
crunch,1
spending,1
exhausting,1
electrifying,1
bouncing,1
socialized,1
flawlessly,1
claiming,1
swoop,1
lit,1
deconstructs,1
blow,1
healing,1
designated,1
spontaneous,1
tired,1
tentative,1
contradiction,1
downs,1
amplifying,1
romantic,1
foreground,1
legitimate,1
capitalism,1
imaginings,1
ensemble,1
children's,1
potency,1
conduit,1
stubbornness,1
senior's,1
fuse,1
cleaning,1
largely,1
setbacks,1
benchmark,1
squared,1
succeeds,1
harshness,1
playfully,1
ken,1
treats,1
lemonade,1
popcorn,1
polarizing,1
dipping,1
tall,1
extracting,1
unlocks,1
tilt,1
conflicting,1
radical,1
lessons–what,1
mash,1
sation,1
swings,1
belong,1
wavelength,1
characteristic,1
intercapping,1
fondness,1
fabulous,1
barbie),1
loudly,1
footing,1
conditioned,1
warmly,1
bask,1
deceptively,1
networks,1
bombarding,1
coffee,1
pledging,1
immeasurable,1
identifying,1
orienting,1
territories,1
slow,1
boxed,1
lovely,1
nowadays,1
describing,1
variables,1
walls,1
walked,1
refresher,1
heat,1
explorative,1
triggering,1
timings,1
regular,1
reconvening,1
upper,1
metaphorical,1
explicitly,1
grant,1
turned,1
connectedness,1
trait,1
models,1
feminine,1
generosity,1
depicts,1
segway,1
mapping,1
grim,1
parting,1
accessibly,1
laughed,1
artwork,1
tank,1
childhoods,1
forgo,1
plunge,1
rigidly,1
replacement,1
milder,1
motives,1
criticism,1
confusion,1
complicating,1
rely,1
pluralism,1
lesser,1
necessitates,1
affirmative,1
bears,1
pronged,1
fly,1
objectively,1
news,1
mainstream,1
defy,1
downplaying,1
compressing,1
widest,1
invest,1
smartly,1
liberty,1
completing,1
numbers,1
highbrow,1
rocks,1
pca,1
worthwile,1
shirking,1
flavor,1
enveloping,1
inversion,1
buoy,1
escapist,1
preparatory,1
loving,1
affiliation,1
distinction,1
rewriting,1
cartoon,1
underclassmen,1
moods,1
fails,1
unwrapping,1
hovering,1
bogging,1
transmitting,1
realistically,1
basic,1
generation’s,1
tribute,1
eliciting,1
schooling,1
spectacularly,1
affirms,1
indicates,1
apply),1
creator's,1
productivity,1
transparent,1
cleverness,1
removes,1
laptop,1
men,1
comprehend,1
interacting,1
figured,1
immersed,1
wearing,1
expecting,1
journeyed,1
proves,1
dissuade,1
committee's,1
gentler,1
indisputable,1
accolades,1
preoccupied,1
recommending,1
pulse,1
