students,11397
seniors,8780
themes,7877
think,7359
believe,7074
appreciate,5985
film,5768
discussions,5407
way,5296
experience,4888
feel,4717
still,4621
self,4517
world,4147
will,3931
see,3768
important,3745
empowerment,3689
critical,3608
discussion,3502
might,3484
truly,3386
adulthood,3215
understand,3200
lives,3037
identity,3024
joy,2874
responsibility,2870
it’s,2858
conversations,2732
school,2700
engaging,2663
engage,2600
value,2577
high,2570
consider,2556
perhaps,2552
meaningful,2508
offers,2412
choice,2404
historical,2403
open,2401
choices,2367
prepare,2366
resonate,2335
films,2312
may,2293
complexities,2280
opportunity,2257
movie,2221
perspective,2213
importance,2209
create,2159
future,2156
thoughts,2118
find,2109
moral,2084
ethical,2074
approach,2072
understanding,1986
decision,1920
essential,1900
thinking,1898
fun,1884
societal,1884
thank,1875
assembly,1836
forward,1827
deeper,1820
impact,1814
lessons,1809
make,1784
i’m,1778
depth,1771
life,1768
provide,1755
creativity,1751
conversation,1744
uplifting,1738
want,1719
around,1714
crucial,1679
face,1672
encourages,1669
explore,1656
especially,1652
challenges,1642
reflection,1631
significant,1615
personal,1608
genuinely,1599
profound,1572
thoughtful,1533
consequences,1529
acceptance,1523
inspire,1500
strongly,1478
young,1461
complex,1460
transition,1459
weight,1455
well,1446
time,1442
really,1436
dialogue,1429
celebration,1419
respect,1390
individuality,1384
futures,1384
step,1383
certainly,1375
idea,1365
making,1361
need,1342
deeply,1326
provides,1318
discovery,1303
reflect,1301
moment,1299
growth,1287
best,1285
ethics,1283
insights,1281
unique,1268
issues,1266
vital,1266
history,1253
together,1241
engagement,1241
relatable,1239
experiences,1228
points,1224
valuable,1220
let’s,1217
sense,1214
resonates,1201
thought,1194
implications,1192
balance,1188
serious,1183
context,1175
decisions,1164
something,1155
foster,1153
potential,1144
willingness,1142
relevant,1109
choose,1098
hope,1098
present,1098
adults,1097
compromise,1094
us,1083
messages,1075
ground,1071
dilemmas,1065
critically,1060
positive,1051
encourage,1049
right,1043
agree,1035
said,1024
help,1022
expectations,1020
hear,1016
actions,1011
love,1010
perspectives,1010
atmosphere,1007
hi,1006
leave,998
passion,986
ultimately,963
embrace,946
heavy,946
presents,945
pivotal,941
roles,936
identities,935
lead,934
commitment,933
spark,931
responsibilities,925
exploration,922
navigate,921
fostering,913
among,911
impactful,910
even,902
light,900
narrative,898
creating,890
come,885
event,879
point,871
serve,869
next,864
real,855
topics,852
indeed,850
stage,841
different,837
take,831
society,827
today,825
connection,819
emotional,818
worry,812
offer,808
clear,807
ideas,805
incredibly,802
allowing,801
willing,800
firmly,797
educational,795
common,785
deep,781
without,780
discussing,776
questions,775
now,771
encouraging,765
entertainment,763
elements,763
follow,759
ensure,752
celebrate,746
celebratory,743
vibrant,741
providing,738
lighter,737
environment,733
ways,732
afterward,717
allows,710
great,705
provoking,705
focus,700
feeling,698
ensuring,696
yes,686
memorable,685
recognize,681
scientific,681
level,672
one,671
journey,668
lasting,668
significance,661
connect,657
graduation,654
discuss,653
empowering,653
humor,652
ahead,650
trying,650
excited,646
joyful,644
exploring,644
challenge,642
completely,641
message,637
equally,634
spirit,634
better,616
powerful,615
belief,614
beyond,614
strong,613
celebrating,613
accessible,612
much,611
aspects,607
looking,605
coming,604
presented,604
plus,602
many,600
moreover,593
enriching,593
community,592
confidence,591
look,587
merits,582
brings,578
yet,578
wonderful,567
screening,567
shape,565
preparing,565
move,564
absolutely,563
considering,560
benefit,559
bring,557
finding,548
chance,547
often,541
enthusiasm,534
incorporate,533
relatability,532
positivity,530
hearted,527
reflections,526
group,526
showing,523
feels,522
inspired,518
rather,514
towards,509
realities,507
stand,506
paths,505
narratives,502
advocate,501
activities,496
current,495
passionate,492
rich,492
regarding,492
compelling,490
go,478
challenging,477
innovation,475
undoubtedly,470
events,468
achievements,467
dedication,465
plan,465
keep,460
viewing,458
work,455
aligns,453
share,453
continue,453
i’d,451
choosing,450
toward,444
everyone,443
broader,439
glad,439
human,439
pressures,438
inspiration,437
invites,435
navigating,435
care,429
particularly,428
heavier,424
hold,422
openness,422
highlight,421
journeys,421
hearing,421
embark,419
desire,414
laughter,413
you’re,413
allow,411
addressing,411
worth,402
norms,401
nature,401
support,400
empower,400
aspirations,399
reach,399
morality,395
entertaining,392
space,390
one's,389
particular,387
gender,385
pta,384
presenting,383
chapter,380
remain,380
given,375
surrounding,375
kind,374
serves,374
manner,371
grapple,371
maybe,368
grappling,367
learning,366
provoke,365
filled,365
enter,364
soon,363
valid,361
frame,360
seeing,360
vote,360
merit,355
storytelling,354
lighthearted,352
confront,349
emphasize,348
occasion,347
encounter,347
there’s,346
appeal,344
today's,344
people,341
final,341
weighty,339
tone,338
invaluable,337
must,336
creative,336
post,334
finalize,333
definitely,333
development,333
show,332
fosters,331
quite,331
we’re,330
comes,330
brink,329
place,328
complexity,326
consensus,325
made,324
transitional,321
moments,321
resilience,321
blend,321
meeting,321
carry,320
film's,320
stepping,316
embracing,316
addresses,315
heart,315
science,315
additionally,310
middle,310
commendable,310
enjoyable,304
long,304
fear,303
awareness,302
interests,302
later,302
within,301
considerations,301
incorporating,300
bridge,300
admire,299
firm,299
lens,298
matter,298
content,296
lean,296
values,296
fully,294
rounded,294
speaks,293
reflects,292
past,292
away,291
facing,290
parents,286
enrich,285
inspiring,285
express,284
proposal,284
colorful,283
alongside,283
set,280
intellectual,280
expression,278
possibility,277
ability,276
youth,276
viewpoint,275
movies,275
focusing,274
facilitate,274
phase,273
audience,273
moving,273
found,273
two,272
collaborative,272
collaboration,271
relevance,271
power,269
uplift,269
promotes,268
fantastic,267
enjoy,266
acknowledge,265
seems,264
opinions,264
individuals,264
beautifully,263
new,263
dives,263
age,259
convinced,257
rest,255
true,254
process,253
accountability,253
day,252
reached,252
delves,252
shared,252
uplifted,251
first,251
enjoyment,251
viewpoints,250
specific,250
advocating,249
sure,248
offering,248
sometimes,246
equip,245
overshadow,244
effectively,244
advancements,244
aspect,243
shaping,243
address,242
terms,241
needs,241
introspection,240
sounds,239
necessary,239
arguments,239
foundation,239
relate,238
dreams,237
honors,237
gather,236
ambition,234
celebrates,233
students’,233
benefits,233
eager,233
beneficial,231
empowered,230
that’s,230
panel,229
social,229
ready,228
part,228
concern,225
emphasis,225
concerns,223
touch,222
they’re,222
holds,221
leaning,221
setting,220
give,220
story,220
gravity,220
year,218
immediate,218
difficult,218
collaborate,217
know,216
informed,216
carries,215
tackles,215
key,214
years,214
opportunities,213
enhance,213
always,212
remains,212
role,212
inspires,211
skills,211
generation,211
maintain,211
sharing,210
envision,210
excitement,209
accomplishments,209
working,209
conviction,209
captures,208
possible,207
hopeful,207
excellent,207
knowledge,207
propose,206
bit,206
giving,206
adult,206
angle,204
connections,203
technology,203
reflective,202
guide,202
potentially,201
individual,201
highlights,200
joyous,200
impression,200
going,199
dialogues,198
table,197
platform,197
far,197
essence,196
others,195
refreshing,195
honor,195
feelings,195
lesson,194
embodies,194
transformative,193
inviting,193
view,192
overwhelming,191
direction,191
balanced,191
starting,191
heaviness,190
education,190
supportive,190
profoundly,190
end,189
primary,188
steps,188
strengths,188
prepares,188
sparks,188
back,187
subjects,186
include,186
faced,186
promoting,185
survey,185
delve,184
entering,184
concerned,182
richer,181
juncture,180
they’ll,180
today’s,179
tackle,178
perfect,178
option,178
achieve,177
dual,177
energy,177
cultivate,176
align,176
approachable,175
lot,175
we’ve,175
confident,175
catalyst,175
integrating,175
senior,174
input,174
wonder,174
leaders,174
goal,173
instead,173
room,173
following,173
collaborating,173
argue,173
constructive,173
integrate,173
purpose,173
larger,173
regardless,173
framing,172
solution,172
framework,172
sound,171
opens,171
additional,170
steadfast,170
showcasing,170
prioritize,169
diverse,168
feedback,168
wanting,168
views,167
suggestion,167
head,167
advancement,167
insight,166
promote,166
members,165
directly,165
overall,165
another,164
lies,164
highlighting,164
means,164
path,162
selection,161
atomic,161
using,160
balancing,159
behind,158
visually,157
blending,157
able,157
prompts,156
you’ve,156
don’t,156
characters,156
creates,156
positively,155
emphasizes,155
productive,155
instill,155
bringing,154
what’s,154
main,153
put,153
whatever,152
undeniably,152
equipping,152
uniqueness,151
thoughtfully,151
wish,151
spirits,151
seen,151
combining,150
whether,150
sparking,150
impasse,150
feature,150
authenticity,149
case,149
vision,149
arise,149
throughout,148
material,148
emphasizing,147
visuals,147
minds,147
bomb,147
invite,145
personally,145
encapsulates,144
qualities,144
tools,144
mind,141
watching,141
pressure,140
intellectually,139
reality,139
draw,139
committed,139
memories,139
stunning,138
isn’t,138
respectful,137
seriousness,137
though,137
session,136
fit,135
responsible,135
reminder,135
empowers,135
become,134
lightheartedness,134
options,134
argument,134
say,134
showcases,134
followed,134
various,134
prepared,134
interactive,134
oneself,134
hand,133
furthermore,133
exposing,133
entertain,133
gathering,133
likely,133
humanity,133
touches,132
topic,131
committee,131
focused,131
stereotypes,131
impacts,131
learn,130
needed,130
dive,130
explores,129
confronting,129
suggest,129
acknowledging,129
reflecting,129
voices,129
format,129
involved,128
recognizing,128
makes,128
shake,128
cinematic,128
good,128
collective,127
greatly,127
either,127
deserve,127
helping,127
progress,127
comfortable,126
consequence,126
including,125
engages,125
emotionally,125
wholeheartedly,124
ignite,124
shaped,124
diversity,123
reasons,123
heartedness,122
strike,122
film’s,122
door,122
concepts,122
proceed,122
start,122
admirable,121
stance,121
meet,121
passionately,121
intense,121
can’t,121
playful,120
subject,120
optimistic,120
substantial,120
stimulate,120
milestone,120
contemporary,120
interested,120
everything,120
cultural,119
reaching,119
citizens,119
closely,118
keeping,118
i’ll,117
details,117
student,117
similar,117
differing,117
entertains,117
graduate,117
voice,116
weigh,116
intriguing,116
chosen,116
interest,116
discourse,115
special,115
preferences,115
overlook,115
nuanced,115
viewers,115
stands,115
global,115
brainstorm,114
leaving,114
leading,114
immense,114
raises,114
overwhelmed,113
solely,113
gauge,113
change,113
planning,113
response,113
remember,112
contribute,112
prompt,111
outline,111
walk,111
prioritizing,110
evident,110
image,110
gives,110
agreement,110
formative,109
lively,109
selecting,109
aim,109
sparked,109
increasingly,109
related,108
showcase,108
pleasure,107
every,107
modern,107
peers,107
reconsider,107
deserves,107
breaking,106
hard,106
shows,106
thrilled,106
sincerely,106
appealing,106
consideration,105
mood,105
tie,105
greater,104
connecting,103
let,103
combination,103
doesn’t,103
series,103
explored,102
one’s,102
mentioned,102
insightful,102
complement,101
period,101
ramifications,101
goals,100
outcome,100
pairing,100
last,100
agency,100
fitting,100
big,98
inclusive,98
landscape,98
j,98
robert,98
tackling,97
play,97
enlightening,97
based,97
position,97
worlds,97
inclined,97
afterwards,97
rapidly,97
supporting,96
upcoming,96
theme,96
eye,96
draft,96
possibly,96
changing,96
risk,95
delivers,95
accessibility,95
albeit,95
upon,95
miss,95
engaged,95
presentation,94
hosting,94
nurturing,94
introducing,94
attention,94
unfolds,94
tough,94
majority,94
curious,93
facilitating,93
prompting,93
technological,93
starter,92
workshop,92
imagination,92
careers,92
considered,92
raised,91
continued,91
encouragement,91
emotions,91
poll,91
cater,91
mindset,91
suggestions,91
inevitably,90
equipped,90
hello,90
workshops,90
raise,90
lightness,89
leadership,89
exciting,89
continuing,89
term,89
combined,88
delightful,88
activity,88
coexist,88
connected,88
influence,88
already,87
stories,87
actually,87
connects,86
structure,86
introduce,86
develop,86
require,86
capture,85
thoughtfulness,85
optimism,85
combine,85
select,85
decide,85
forget,84
represents,83
happy,83
board,83
camaraderie,83
question,83
legacy,83
seem,82
revisit,82
cusp,82
fresh,82
gap,82
grateful,81
gain,81
screen,81
stronger,81
nuances,81
leaves,80
matters,80
balances,80
transitions,80
uniquely,80
charm,80
full,79
outside,79
affect,79
hospice,79
perfectly,79
contexts,79
enjoying,79
parallels,78
character,78
entry,78
goes,78
capacity,78
immensely,78
grow,78
overlooked,78
holistic,77
daunting,77
leans,77
arrive,77
experiencing,77
pertinent,77
leads,77
listen,77
ponder,77
hybrid,77
truths,77
stay,77
venture,76
academic,76
transitioning,76
multifaceted,76
friendship,76
solid,76
notion,76
taking,75
stress,75
oppenheimer's,74
separate,74
comprehensive,74
women,74
organizing,74
wider,74
unwavering,74
conclusion,74
pursue,73
heavily,73
compared,73
endeavors,73
overshadowing,73
structured,72
combines,72
traditional,72
use,72
build,72
along,72
graduating,71
hoping,71
levels,71
opinion,71
brought,70
host,70
instilling,70
incredible,70
instance,70
losing,70
things,70
emerge,69
maintaining,69
paramount,69
live,69
communication,69
contemplation,69
highlighted,69
meaningfully,69
concede,68
courage,68
respects,68
merge,68
guided,68
beauty,68
okay,68
shy,68
respond,68
convey,68
clearly,67
impart,67
dream,67
taken,66
class,66
struggles,66
interesting,66
acknowledges,66
motivate,66
graduates,66
significantly,66
learned,66
creation,66
thematic,66
we’ll,66
whichever,66
shapes,66
break,65
diving,65
helps,65
conclude,65
representation,65
form,65
lines,65
add,65
intricacies,65
feminism,64
uplifts,64
ambitions,64
pressing,64
art,64
begin,64
push,64
less,64
poignant,64
discussed,63
avenue,63
forum,63
angles,63
opening,63
heartfelt,63
approaches,63
extend,63
timely,62
evolving,62
free,62
achievement,62
elevate,62
core,62
weave,62
ask,62
contemplate,62
substance,62
forge,61
laugh,61
genuine,61
heard,61
richness,61
stick,61
dynamic,61
offered,61
stimulating,60
talk,60
aiming,60
firstly,60
forth,60
springboard,60
forefront,60
cherish,60
seek,60
sides,60
anything,60
framed,60
strength,59
body,59
building,59
life's,59
piece,59
conveys,59
guiding,59
safe,59
weightiness,59
articulated,59
simply,59
chapters,58
despite,58
favor,58
requires,58
centered,58
amidst,58
drawing,58
prefer,58
evoke,57
touching,57
weighed,57
send,57
brief,57
surface,57
merging,57
invested,57
merely,57
due,57
grasp,57
authentic,56
approaching,56
themed,56
curiosity,56
someone,56
organize,56
responses,56
seeking,56
watch,56
articulate,56
stem,56
preference,56
range,56
sway,56
–,56
verge,55
resonance,55
wrap,55
everyone's,55
underestimate,55
enriches,55
belonging,55
multiple,55
fruitful,55
advocacy,55
run,55
visions,55
robust,55
repercussions,55
maturity,55
rooted,54
uncertainties,54
imaginative,54
vibrancy,54
aware,54
openly,54
accompany,54
creatively,54
effects,53
sentiments,53
intensity,53
adventures,53
mix,53
honoring,53
effort,53
avenues,53
plans,53
deliver,53
enough,53
includes,53
pushing,52
contrast,52
incorporates,52
remarkable,52
you’d,52
week,52
younger,52
dedicated,52
sentiment,52
roll,52
condition,52
intention,51
unparalleled,51
short,51
conform,51
embraces,51
communicate,51
stemming,51
exchange,51
guest,51
missing,51
strikes,50
focuses,50
college,50
classroom,50
foundational,50
supplementary,50
involving,50
possibilities,50
lay,50
crossroads,50
resolution,50
finalizing,50
although,50
shines,50
shown,49
they’ve,49
blended,49
initiate,49
contributions,49
happen,49
groundwork,49
flexibility,49
mean,49
selves,49
lie,49
inclusivity,49
encompasses,49
sacrificing,49
appreciation,49
efforts,49
program,49
credits,49
i’ve,48
burden,48
fair,48
ones,48
equips,48
seniors’,48
small,48
sets,48
kids,48
hopefully,48
compromising,48
dilute,48
poses,48
speakers,48
win,47
carve,47
line,47
reasoning,47
coordinator,47
factor,47
drawn,47
wisdom,47
spirited,47
teachers,46
represented,46
introduction,46
escape,46
esteem,46
brilliant,46
levity,46
standing,46
element,46
meant,46
confidently,46
portrayed,46
wouldn’t,46
crafting,46
2,46
programming,46
dimensions,46
realize,46
performances,46
backdrop,45
hearts,45
suitable,45
crafted,45
mindedness,45
apply,45
mental,45
fellow,45
action,45
project,45
cinema,45
outlook,45
1,45
champion,45
prompted,45
mention,44
define,44
growing,44
suggesting,44
nurture,44
pave,44
drafting,44
situations,44
beliefs,44
ideal,44
close,44
inform,44
times,44
layers,44
deals,44
example,44
figure,43
exactly,43
motivated,43
somber,43
craft,43
wait,43
climate,43
empathy,43
skill,43
entertained,43
philosophical,43
war,43
3,43
sessions,43
cinematography,43
christopher,43
paired,42
provided,42
route,42
aligned,42
imagine,42
commentary,42
page,42
portrayal,42
volunteer,42
thinks,42
changes,42
monumental,42
voting,42
becoming,42
exceptional,42
celebrated,42
alternative,42
convince,42
call,42
urgency,42
wrapped,41
act,41
motivation,41
uncertainty,41
brainstorming,41
floor,41
calls,41
success,41
ongoing,41
addition,41
keen,41
bright,41
commend,41
thinkers,41
little,40
materials,40
valued,40
audiences,40
job,40
barbie's,40
captivating,40
handle,40
projects,40
spent,40
receive,40
bridging,40
educators,40
doubt,40
segment,40
saying,40
figures,40
beginning,39
compromises,39
life’s,39
impending,39
tied,39
cover,39
relationships,39
striking,39
versus,39
drama,39
schedule,39
teaching,39
fundamental,39
thoroughly,39
involve,39
primarily,39
encouraged,39
single,39
demands,39
naturally,39
entirely,39
enjoyed,39
selected,39
scale,39
takes,39
dismiss,38
account,38
disagree,38
beautiful,38
complementary,38
teenagers,38
preparation,38
delving,38
here’s,38
yield,38
proposing,38
generate,38
unity,38
innovative,38
artistic,38
pair,38
heading,38
thus,37
components,37
respectfully,37
large,37
putting,37
results,37
pushes,37
fascinating,37
respective,37
deepen,37
pick,37
intricate,37
urge,37
mere,37
mirror,37
whole,37
takeaways,37
resources,37
unforgettable,36
constraints,36
tool,36
teaches,36
daily,36
several,36
depicted,36
getting,36
convictions,36
simultaneously,35
featuring,35
state,35
center,35
appreciated,35
layered,35
nonetheless,35
whimsical,35
visual,35
wonderfully,35
groups,35
4,35
clarity,35
enhancing,35
uncomfortable,35
pursuit,34
films’,34
collaboratively,34
polling,34
pursuing,34
culture,34
supports,34
surely,34
fondly,34
delivering,34
participation,34
variety,34
superior,34
course,34
unable,34
reminding,33
collectively,33
imparting,33
dismissing,33
easier,33
shine,33
seriously,33
happiness,33
messaging,33
inclination,33
complicated,33
exposure,33
successes,33
examination,33
stages,32
questioning,32
masterpiece,32
everyday,32
teens,32
pre,32
burdened,32
generations,32
artistry,32
weighing,32
figuring,32
relates,32
boundaries,31
screenings,31
examine,31
effective,31
started,31
health,31
doors,31
outcomes,31
highly,31
entire,31
inspirational,31
emerging,31
relaxed,31
mark,31
concerning,31
worldview,31
quick,31
filmmaking,31
fields,31
molds,30
introspective,30
logistics,30
suited,30
debate,30
double,30
captivate,30
trust,30
appeals,30
provokes,30
tremendous,30
speaker,30
standards,30
necessity,30
reiterate,30
everyone’s,30
friendships,30
gravitas,30
kinds,30
concept,30
professional,30
grounding,29
differ,29
worthwhile,29
embedded,29
actively,29
darker,29
evening,29
affirming,29
layer,29
fulfilling,29
ensures,29
tying,29
spur,29
integrity,29
holding,29
weaving,29
conscientious,29
challenged,29
ties,29
analysis,29
teach,29
rewarding,29
areas,28
satisfy,28
honestly,28
certain,28
taps,28
invitation,28
reflected,28
distinct,28
readiness,28
storyline,28
upbeat,28
reconvene,28
currently,28
intentions,28
overly,28
capable,28
stressful,28
defense,28
type,28
femininity,28
extraordinary,28
educate,28
stakes,28
imposes,27
defining,27
detract,27
shouldn’t,27
places,27
media,27
intent,27
lack,27
equality,27
complements,27
affirmation,27
near,27
source,27
nuclear,27
mature,27
bond,27
contemplating,27
developing,27
amongst,27
embarking,27
uncertain,27
initially,27
commit,27
faces,27
side,27
meets,27
opting,27
revel,27
nolan's,27
compels,27
welcome,26
undeniable,26
strive,26
alone,26
examining,26
makers,26
appropriate,26
alive,26
picture,26
freedom,26
gateway,26
strengthen,26
believing,26
stimulates,26
clips,26
honest,26
lighten,26
analyze,26
satisfies,26
included,26
lovely,26
tries,25
champions,25
adding,25
mindful,25
box,25
letting,25
subsequent,25
embody,25
supported,25
difference,25
heartening,25
issue,25
threshold,25
remind,25
gained,25
mutual,25
draws,25
prioritizes,25
capturing,25
freely,25
harness,25
demand,25
warmth,25
closer,25
speak,25
showcased,25
expose,25
vibe,25
settle,25
desires,25
arrange,25
wide,25
turning,25
major,25
joys,25
alternatives,25
scientists,25
drive,24
dynamics,24
supplemental,24
resonant,24
portrays,24
associated,24
cohesive,24
night,24
passions,24
bigger,24
championing,24
road,24
fast,24
immediately,24
welcoming,24
shift,24
transcends,24
instigate,24
duality,24
resonating,24
ownership,24
unpack,24
timeline,24
fundamentally,24
communal,24
weightier,24
least,24
approached,24
days,24
imperative,24
allure,24
respecting,23
stalemate,23
created,23
demonstrates,23
singular,23
discovering,23
humorous,23
examples,23
healthy,23
establish,23
unwind,23
positions,23
overwhelm,23
adds,23
please,23
ignites,23
asking,23
grounded,23
digestible,23
talking,23
ears,23
front,23
shying,23
spotlight,23
aims,22
partnership,22
base,22
fact,22
dealing,22
totally,22
stems,22
underlying,22
scheduling,22
enthusiastic,22
proposed,22
worthy,22
owe,22
responsibly,22
nostalgia,22
pathway,22
serving,22
priority,22
woven,22
career,22
relation,22
clearer,22
compelled,22
vehicle,22
unite,22
exposed,22
takeaway,22
launching,22
easily,22
aligning,22
transcend,22
purposes,22
reasonable,22
socially,22
blends,22
illuminate,22
panels,22
adequately,22
urging,22
involves,22
packed,21
workforce,21
nice,21
intertwine,21
delighted,21
nurtures,21
schoolers,21
initial,21
regard,21
intersect,21
faculty,21
festive,21
utilize,21
reinforce,21
tells,21
powerfully,21
achieves,21
cultivating,21
imparts,21
reconsidering,21
looks,21
differences,21
q&a,21
direct,21
knowing,21
seeds,21
implement,21
constantly,21
structuring,21
featured,21
oppenheimer’s,21
confronts,21
integral,21
fabric,21
tapestry,20
meaning,20
diminish,20
expressing,20
aspire,20
energize,20
centerpiece,20
forming,20
closing,20
educating,20
forms,20
suggested,20
precisely,20
across,20
minded,20
varied,20
upliftment,20
enable,20
reason,20
specifically,20
coordinate,20
forces,20
momentous,20
5,20
foremost,20
simple,20
pitch,20
curriculum,20
works,20
historically,20
inherit,20
timeless,20
underestimating,20
boost,19
struggle,19
perceive,19
differently,19
amid,19
lift,19
ambiguity,19
pivot,19
overstated,19
enhances,19
female,19
effect,19
inherent,19
led,19
burdens,19
nevertheless,19
mirrors,19
plays,19
educates,19
scenarios,19
quality,19
intelligence,19
conveying,19
ideals,19
persuade,19
triumphs,19
listening,19
placed,19
parallel,19
strategy,19
history's,19
intellect,19
addressed,19
recognizes,19
organized,19
extends,19
debates,19
note,19
reactions,19
expressions,19
formats,19
reservations,19
worldviews,19
gloss,19
humanity's,19
whereas,18
package,18
objectives,18
introduces,18
developmental,18
applicable,18
standpoint,18
date,18
burdensome,18
explain,18
pathways,18
grapples,18
reinforcing,18
solidify,18
momentum,18
unfold,18
anxiety,18
underestimated,18
match,18
inherently,18
warfare,18
traits,18
becomes,18
communities,18
component,18
outlining,18
conformity,18
cases,18
understated,18
invoke,18
understood,18
instills,18
participate,18
ease,18
warm,18
elicit,18
longer,18
accept,18
inadvertently,18
existential,18
maximize,18
bonding,18
innovators,18
informs,18
sufficiently,18
catalyze,17
dreaming,17
facilitated,17
finish,17
staying,17
contend,17
perception,17
men,17
laid,17
home,17
receptive,17
tomorrow,17
firsthand,17
status,17
enriched,17
sight,17
doll,17
flow,17
valuing,17
caters,17
turns,17
it’ll,17
relating,17
solutions,17
informal,17
explorations,17
togetherness,17
comfort,17
refine,17
exemplifies,17
active,17
marks,17
stimulation,17
outweigh,17
reinforces,17
facets,17
central,17
posed,17
inquiries,17
wrestle,17
discoveries,17
limitations,16
wishing,16
remaining,16
accomplish,16
impressive,16
motivating,16
style,16
heartwarming,16
ultimate,16
intersection,16
deal,16
overshadowed,16
thrive,16
extremely,16
gets,16
fits,16
influenced,16
keeps,16
placing,16
dense,16
evokes,16
conduct,16
scenario,16
encapsulate,16
features,16
articulating,16
reconcile,16
expect,16
lost,16
deadline,16
outlined,16
fulfill,16
initiatives,16
tremendously,16
coupled,16
overlooking,16
strategies,16
witness,16
rapid,16
left,16
weapons,16
masterful,16
legacies,16
cheerful,16
promising,15
settings,15
lose,15
land,15
responds,15
advantages,15
contrasting,15
nothing,15
carefully,15
writing,15
email,15
opposed,15
paced,15
enabling,15
nearing,15
tap,15
energetic,15
stresses,15
escapism,15
pleased,15
accomplishes,15
rationale,15
memory,15
marry,15
represent,15
quo,15
colors,15
morally,15
conveyed,15
illustrate,15
decides,15
navigated,15
agreeable,15
clarify,15
ends,15
won’t,15
breakout,15
priorities,15
analytical,15
opt,15
processes,15
burdening,14
encountering,14
spectrum,14
illustrates,14
alienating,14
viable,14
types,14
diluting,14
initiative,14
overview,14
digest,14
myriad,14
steadfastness,14
interactions,14
pull,14
impressions,14
thorough,14
energized,14
influences,14
landscapes,14
acceptable,14
it'll,14
paving,14
youthful,14
accompanying,14
thanks,14
facilitates,14
bolster,14
we’d,14
leverage,14
aspiration,14
await,14
driven,14
witnessed,14
reminds,14
movie's,14
infusing,14
celebrations,14
encompass,14
available,14
poised,14
precedence,14
conjunction,14
stark,14
parts,14
nolan,14
higher,14
existence,14
medium,13
laying,13
laughs,13
admit,13
inquiry,13
rigor,13
timing,13
universal,13
unexpected,13
brighter,13
comparison,13
informative,13
background,13
hands,13
interaction,13
coordinating,13
urgent,13
worked,13
launchpad,13
motion,13
secure,13
plenty,13
denying,13
limited,13
enduring,13
relax,13
substantive,13
cultivates,13
experienced,13
meetings,13
volunteering,13
food,13
dig,13
catchy,13
steer,13
linking,13
witnessing,13
vibes,13
rigid,13
insistence,13
deter,13
phases,13
turn,13
covers,13
aren’t,13
desperately,13
charge,13
envisioning,13
diminishing,13
stone,13
seamlessly,13
expressed,13
edge,13
prospect,13
frameworks,13
demonstrate,13
adventure,13
planting,13
examines,13
mixed,13
joyfully,13
lived,13
united,13
matches,13
infuse,13
cast,13
amazing,13
urges,13
tones,13
discover,13
confronted,13
echo,13
required,13
rare,13
realm,13
sacrifice,13
lifelong,13
ripple,13
manhattan,13
revisiting,13
pursuits,12
sends,12
formation,12
try,12
complementing,12
catering,12
emphasized,12
independence,12
sheer,12
music,12
authentically,12
womanhood,12
counterbalance,12
quest,12
igniting,12
proactive,12
backgrounds,12
needing,12
bonds,12
gently,12
overwhelmingly,12
brilliantly,12
added,12
meantime,12
aside,12
pressured,12
chase,12
fostered,12
aesthetics,12
positioning,12
enables,12
couple,12
sort,12
navigates,12
design,12
pose,12
assemblies,12
mixing,12
typically,12
joint,12
designed,12
inclusion,12
applications,12
acknowledged,12
representations,12
determine,12
team,12
barriers,12
loud,12
afraid,12
theater,12
expand,12
exercise,12
soundtrack,12
contributes,12
quandaries,12
separately,12
unified,12
broaden,12
era,12
exceptionally,12
consequential,12
continues,12
array,12
brilliance,12
abstract,12
studies,11
attract,11
intertwined,11
establishing,11
tends,11
enlightenment,11
underscores,11
phenomenon,11
contextualize,11
participants,11
striving,11
mutually,11
lenses,11
impose,11
interpretations,11
steeped,11
conducting,11
join,11
done,11
generated,11
motivational,11
whimsy,11
thing,11
clever,11
sole,11
hesitant,11
sit,11
merges,11
aesthetic,11
successful,11
interplay,11
top,11
struck,11
tell,11
dose,11
appears,11
nostalgic,11
promise,11
finally,11
frames,11
thereby,11
forging,11
onto,11
redefine,11
intimidating,11
achieved,11
wrapping,11
headed,11
behavior,11
easy,11
successfully,11
honored,11
intertwines,11
excels,11
biopic,11
undermine,11
multi,11
prove,11
tailored,11
politics,11
delicate,11
outweighs,11
secondary,11
utilizing,11
fraught,10
preparedness,10
factors,10
patience,10
boldly,10
familiar,10
focal,10
glance,10
resource,10
partner,10
redefining,10
playfulness,10
prevalent,10
manages,10
numerous,10
narrow,10
integration,10
realization,10
wrestling,10
contributing,10
appreciating,10
gift,10
selections,10
accompanies,10
uses,10
positioned,10
builds,10
risks,10
somehow,10
similarly,10
initiated,10
validated,10
persistence,10
standstill,10
morale,10
comforting,10
harmonize,10
eyes,10
scenes,10
briefly,10
juxtaposition,10
purely,10
integrated,10
spurred,10
alienate,10
lays,10
capability,10
girls,10
rigorous,10
duty,10
ample,10
broadly,10
canvas,10
readily,10
references,10
couldn’t,10
greatness,10
assess,10
favoring,10
motivations,10
dramatic,10
generation's,10
fruition,10
companion,10
took,10
children,10
shed,10
beginnings,10
sincerity,10
standalone,10
achieving,10
identify,10
infectious,10
spaces,10
study,10
guidance,10
tangible,10
discount,10
ethically,10
sidelining,10
missed,10
dampen,9
external,9
reference,9
mold,9
segue,9
realizing,9
consciousness,9
recommendation,9
centering,9
perceptions,9
adjustments,9
notes,9
wealth,9
channel,9
practice,9
movie’s,9
re,9
masterfully,9
understands,9
raising,9
rally,9
track,9
reveal,9
complemented,9
chose,9
color,9
eventually,9
negate,9
philosophy,9
hopes,9
charming,9
invigorate,9
tale,9
school's,9
friends,9
review,9
contrasts,9
round,9
seminar,9
accomplished,9
beforehand,9
lifting,9
unknown,9
got,9
notions,9
searching,9
situation,9
flexible,9
collaborations,9
sticking,9
exams,9
democratic,9
captivates,9
invigorated,9
historic,9
illustrating,9
subtly,9
somewhat,9
interconnected,9
world’s,9
compare,9
comprehend,9
evolve,9
anticipate,9
assert,9
solemn,9
worried,9
avoiding,9
lecture,9
grand,9
limit,9
outlines,9
mistakes,9
deciding,9
derive,9
anchored,9
motivates,9
proud,9
summarize,9
thursday,9
respite,9
elevating,9
academically,9
alignment,9
halfway,9
jubilant,9
early,9
buzz,9
echoes,9
imprint,9
tandem,9
secondly,9
disconnected,9
smoothly,9
conversely,9
smaller,9
optional,9
walls,9
holistically,9
handed,9
nicely,9
superficial,9
peace,9
craftsmanship,9
father,9
barbie’s,9
innovations,9
linger,9
arts,9
harder,9
discomfort,9
arm,9
field,9
recognition,9
arising,9
interact,9
influential,9
accomplishment,9
world's,9
covered,9
somewhere,8
latter,8
intertwining,8
conforming,8
psychological,8
adolescents,8
intended,8
peer,8
absorb,8
mission,8
essentially,8
communicates,8
shortly,8
order,8
volumes,8
intimidated,8
result,8
careful,8
altering,8
breath,8
air,8
lends,8
imaginations,8
individualism,8
maintains,8
centers,8
flourish,8
sincere,8
votes,8
justice,8
invention,8
evaluate,8
online,8
besides,8
carrying,8
specifics,8
transform,8
conflicts,8
undertones,8
living,8
comparisons,8
aimed,8
culmination,8
ended,8
objective,8
children's,8
smiles,8
planned,8
transformation,8
chord,8
covering,8
cleverly,8
lend,8
civic,8
distant,8
bear,8
capacities,8
transformational,8
alike,8
data,8
scope,8
parent,8
elaborate,8
pad,8
practical,8
dark,8
initiating,8
unfortunately,8
photo,8
preferred,8
capitalize,8
occur,8
bridges,8
straightforward,8
embodied,8
other's,8
fuel,8
local,8
liberating,8
community's,8
engagements,8
ending,8
agreeing,8
renewed,8
sobering,8
ideally,8
destruction,8
delivered,8
capabilities,8
definitions,8
gripping,8
persuaded,8
happening,8
advances,8
elevates,8
tension,8
poignantly,8
compass,8
zones,8
foresee,8
equal,8
failures,8
lacks,8
asks,8
sending,8
mentors,8
stays,8
awaiting,8
arriving,8
aid,8
nuance,8
groundbreaking,8
fond,8
lets,7
imminent,7
suits,7
diverge,7
react,7
group's,7
classes,7
agreed,7
resilient,7
used,7
dissect,7
laden,7
dolls,7
wise,7
disengage,7
anyone,7
counterpoint,7
teamwork,7
kick,7
newfound,7
overarching,7
hit,7
generating,7
incorporated,7
organically,7
digs,7
solidifying,7
ups,7
busy,7
accepting,7
sake,7
interwoven,7
jumping,7
considers,7
methods,7
general,7
popular,7
demanding,7
rite,7
passage,7
typical,7
broad,7
pros,7
earlier,7
they’d,7
limits,7
society's,7
reprieve,7
useful,7
spot,7
portraying,7
via,7
tapping,7
bound,7
warrant,7
citizenship,7
sheds,7
arrived,7
akin,7
amenable,7
organic,7
realizations,7
wondering,7
excite,7
unintentionally,7
encompassing,7
write,7
awaits,7
watched,7
satisfied,7
summary,7
vulnerability,7
gentle,7
reconnect,7
swayed,7
correctly,7
tend,7
wrong,7
adjust,7
marking,7
runs,7
helpful,7
rise,7
exchanging,7
flowing,7
coffee,7
leveraging,7
continuously,7
hesitate,7
internalize,7
enlighten,7
advantage,7
lifts,7
splitting,7
invigorating,7
milestones,7
adapt,7
attributes,7
model,7
touchstone,7
processing,7
candid,7
contains,7
strictly,7
incite,7
excites,7
exist,7
surveying,7
animation,7
dedicating,7
conflict,7
recount,7
insist,7
testament,7
compel,7
formulate,7
instrumental,7
cost,7
disservice,7
information,7
introduced,7
fulfills,7
ripe,7
globally,7
irreplaceable,7
synergy,7
downplay,7
cooperation,7
depths,7
invokes,7
unless,7
necessarily,7
facilitators,7
prioritized,7
pride,7
changed,7
unprepared,7
unmatched,7
horizons,7
preview,7
contemplative,6
anxious,6
magic,6
bold,6
anticipation,6
spring,6
crave,6
entails,6
confines,6
returning,6
distraction,6
illuminating,6
spades,6
principles,6
exclusive,6
paralleling,6
other’s,6
recommend,6
programs,6
validity,6
disengagement,6
thankful,6
aspirational,6
embedding,6
impacted,6
possesses,6
bombarded,6
flair,6
derived,6
paves,6
craving,6
anchor,6
confined,6
wording,6
complete,6
fine,6
tune,6
academia,6
affirm,6
dedicate,6
conventional,6
facilities,6
adolescence,6
involvement,6
wins,6
pique,6
discourage,6
acclaimed,6
countless,6
veering,6
territory,6
universally,6
faith,6
tumultuous,6
rotating,6
ignore,6
counterpoints,6
independent,6
glean,6
surroundings,6
committing,6
intersections,6
translate,6
recent,6
attendance,6
abundance,6
imagery,6
iconic,6
meanwhile,6
implementing,6
flows,6
discusses,6
compassion,6
gray,6
return,6
inhabit,6
advocates,6
determination,6
illustrated,6
fears,6
proceeding,6
introductory,6
undergoing,6
steering,6
deepening,6
rights,6
integrates,6
farewell,6
compile,6
alternating,6
distinctly,6
viewer,6
animated,6
knows,6
fulfillment,6
twist,6
comedy,6
revolve,6
oh,6
check,6
suit,6
promotion,6
potent,6
guilt,6
sections,6
officially,6
armed,6
accepted,6
marrying,6
nod,6
infused,6
unintended,6
invoking,6
culturally,6
running,6
immersing,6
circles,6
follows,6
gladly,6
encapsulating,6
hate,6
answer,6
symbolizes,6
handling,6
alumni,6
problems,6
gaps,6
enrichment,6
conscious,6
garners,6
casual,6
updated,6
didn’t,6
grappled,6
cautionary,6
arming,6
political,6
captured,6
comprehension,6
bomb's,6
synthesize,6
representing,6
directed,6
amplify,6
link,6
grasping,6
oversimplifying,6
pondering,6
nudging,6
dialog,6
advancing,6
tackled,6
leap,6
convincing,6
bases,6
vivid,6
glimpse,6
booth,6
immersive,6
juxtaposing,6
expense,6
crowd,6
conscience,6
rests,6
approachability,6
stretch,6
aftermath,6
fleeting,6
shorter,6
motivator,6
exuberance,6
lastly,6
ambiance,5
mine,5
whoever,5
looming,5
ignited,5
styles,5
premise,5
performance,5
wellness,5
received,5
vulnerable,5
classmates,5
evaluating,5
quickly,5
breaks,5
circle,5
assistance,5
steadfastly,5
midst,5
unrealistic,5
immerse,5
fall,5
shifting,5
unapologetically,5
harmonious,5
catch,5
toy,5
evolved,5
vast,5
distribution,5
target,5
forcing,5
engagingly,5
extensive,5
destinies,5
impressionable,5
negotiating,5
meanings,5
labels,5
year's,5
whirlwind,5
divergent,5
gleaned,5
tonight,5
breadth,5
shifts,5
trends,5
reinforcement,5
hesitation,5
palpable,5
stifle,5
system,5
heads,5
articulation,5
kindness,5
shoulders,5
sorts,5
gaining,5
referencing,5
segments,5
method,5
arranging,5
permission,5
slightly,5
honesty,5
strengthens,5
pairs,5
cons,5
refining,5
manifest,5
neglecting,5
wishes,5
applied,5
demonstrating,5
distribute,5
broadens,5
wednesday,5
findings,5
goodbye,5
documentary,5
formal,5
smile,5
huge,5
seeks,5
channels,5
reconvening,5
plant,5
6,5
starters,5
pure,5
carving,5
precipice,5
outstanding,5
cross,5
pm,5
boosting,5
colleagues,5
reserving,5
feasible,5
hash,5
trauma,5
attachment,5
&,5
facts,5
description,5
notable,5
concise,5
list,5
ethos,5
marked,5
fuller,5
fill,5
commonality,5
develops,5
assurance,5
viewed,5
resolve,5
embodying,5
triumph,5
touched,5
metaphor,5
struggling,5
truth,5
alright,5
attending,5
agenda,5
familiarity,5
drafted,5
cherished,5
person,5
foundations,5
history’s,5
carefree,5
unlike,5
spend,5
managed,5
minute,5
cornerstone,5
forums,5
fashion,5
joyfulness,5
faceted,5
mixture,5
coupling,5
agents,5
turbulent,5
demographic,5
divide,5
packaged,5
natural,5
indispensable,5
past's,5
societies,5
converge,5
sways,5
learnings,5
noteworthy,5
area,5
unforeseen,5
black,5
white,5
section,5
discernment,5
counterarguments,5
tasked,5
weaves,5
outlet,5
glossed,5
whose,5
teachings,5
relationship,5
grave,5
dots,5
assignments,5
elsewhere,5
unpredictable,5
riveting,5
seize,5
innovation's,5
sidestep,5
opened,5
immerses,5
propels,5
number,5
prior,5
stellar,5
thematically,5
evidence,5
supplement,5
produce,5
games,5
stretches,5
inner,5
deepens,5
warrants,5
obligation,5
charms,5
enticing,5
quotes,5
maintained,5
lifetime,5
respected,5
aids,5
delight,5
access,5
inheriting,5
supplementing,5
constructs,5
participating,5
dead,5
poets,5
parties,4
effectiveness,4
grown,4
curate,4
thereafter,4
comfortably,4
judgments,4
advance,4
intrigued,4
second,4
unprecedented,4
expects,4
winning,4
cares,4
marketing,4
extract,4
thrives,4
noting,4
throw,4
reacts,4
apprehension,4
laughing,4
proposition,4
suspect,4
built,4
possess,4
contender,4
endeavor,4
flick,4
craves,4
palatable,4
formalize,4
teacher,4
attractive,4
healing,4
platforms,4
established,4
compellingly,4
map,4
affecting,4
dread,4
reel,4
manage,4
adjusting,4
juxtapose,4
satisfactory,4
ice,4
nights,4
kindly,4
continually,4
split,4
grace,4
fronts,4
shares,4
intentionally,4
anxieties,4
conducive,4
compassionate,4
reaches,4
fabulous,4
save,4
relevancy,4
months,4
official,4
apparent,4
relief,4
outreach,4
individually,4
contributors,4
playfully,4
uphold,4
disarm,4
accommodate,4
venturing,4
uniting,4
boys,4
adamant,4
recognized,4
dictate,4
18,4
lessen,4
crises,4
etc.),4
hits,4
grab,4
revolves,4
evolution,4
autonomy,4
favored,4
illuminated,4
optimal,4
collecting,4
delivery,4
afternoon,4
emotion,4
recommending,4
altogether,4
props,4
showings,4
devoted,4
connectivity,4
unfolding,4
validating,4
happens,4
word,4
handles,4
strongest,4
gauging,4
assist,4
realms,4
dress,4
enchanting,4
flesh,4
tasks,4
plates,4
scheduled,4
systems,4
characters’,4
contained,4
coordinators,4
defined,4
charged,4
stimulated,4
assembly's,4
confrontation,4
loving,4
validate,4
lightening,4
immediacy,4
arises,4
starts,4
disregard,4
ceremony,4
imposed,4
rife,4
onboard,4
morals,4
multitude,4
critique,4
divert,4
evolves,4
exploratory,4
energies,4
reveals,4
journaling,4
genders,4
older,4
accountable,4
wants,4
comparing,4
never,4
movement,4
negativity,4
inundated,4
previous,4
beloved,4
courageous,4
weighs,4
came,4
importantly,4
generational,4
arrangement,4
portray,4
confusing,4
models,4
wisely,4
persists,4
deny,4
empathize,4
undermining,4
environmental,4
theoretical,4
you’ll,4
(and,4
desired,4
drives,4
structures,4
accompanied,4
excellence,4
transforming,4
artistically,4
rival,4
luck,4
ingenuity,4
gear,4
philosophies,4
internal,4
extent,4
bad,4
fairly,4
enlightens,4
throws,4
foresight,4
pieces,4
boils,4
man,4
waiting,4
summarizing,4
acting,4
examined,4
fare,4
alter,4
professionally,4
betterment,4
breakthroughs,4
identifying,4
relies,4
acknowledgment,4
haven’t,4
academics,4
wellbeing,4
varying,4
harsh,4
decorations,4
preparations,4
changemakers,4
mindfulness,4
detail,4
credit,4
mainstream,4
dimension,4
went,4
mini,4
navigation,4
co,4
intrinsic,4
launch,4
exposes,4
affects,4
energizing,4
taught,4
resolute,4
contagious,4
influencing,4
posing,4
rooting,4
requiring,4
promises,4
investment,4
junction,4
summaries,4
’,4
read,4
walks,4
hanging,4
environments,4
slogans,4
salient,4
meld,4
pushed,4
appropriately,4
reaction,4
lightweight,3
thrilling,3
mentioning,3
constraining,3
definition,3
bittersweet,3
vividly,3
intend,3
extension,3
critiques,3
conclusions,3
passively,3
happyness,3
perseverance,3
surveys,3
gathered,3
version,3
solicit,3
dear,3
abound,3
disconnect,3
showed,3
biographical,3
overshadows,3
judgment,3
concrete,3
revelations,3
softer,3
schedules,3
affirmations,3
affirms,3
begins,3
purposeful,3
humbly,3
opposing,3
expressive,3
fills,3
setup,3
guides,3
histories,3
contextualizing,3
partnering,3
captivated,3
portal,3
distributing,3
encountered,3
interactivity,3
reassures,3
sidelined,3
production,3
character's,3
reassurance,3
semester,3
consolidate,3
crossover,3
looms,3
leaned,3
held,3
gatherings,3
linked,3
vs,3
behalf,3
observed,3
decided,3
auditorium,3
venue,3
statement,3
counter,3
reminded,3
responding,3
harmonizes,3
dilemma,3
straight,3
branch,3
reconnecting,3
exclude,3
oriented,3
limitless,3
lightly,3
retention,3
reshape,3
beacon,3
exists,3
shades,3
remarkably,3
intimidation,3
overcoming,3
intimidate,3
noted,3
interpersonal,3
solidarity,3
graduated,3
disappointing,3
felt,3
extending,3
earnest,3
pitting,3
detached,3
comparable,3
chat,3
(feel,3
why!),3
(examples,3
tweak,3
language,3
explaining,3
tweaks,3
finalized,3
inclusiveness,3
cultivated,3
rely,3
concludes,3
childhood,3
others’,3
underway,3
consumer,3
identified,3
validation,3
shedding,3
practicing,3
’s,3
confirm,3
listing,3
group’s,3
festivities,3
cooperative,3
formidable,3
disengaged,3
periods,3
quirks,3
explanation,3
announcements,3
born,3
reframes,3
google,3
friday,3
30,3
hour,3
healthier,3
recall,3
dramas,3
presentations,3
solidly,3
packs,3
title,3
mapping,3
dates,3
stirring,3
negotiation,3
folks,3
progression,3
research,3
intimate,3
garner,3
afford,3
offerings,3
sweet,3
walking,3
designing,3
originality,3
formed,3
cherishing,3
founded,3
developed,3
exemplified,3
accommodates,3
enthusiastically,3
understandings,3
superb,3
outset,3
recently,3
pitching,3
scene,3
targeted,3
chasing,3
favorite,3
surprise,3
compliment,3
designate,3
display,3
raw,3
measure,3
relational,3
links,3
intact,3
reassess,3
independently,3
says,3
shop,3
eliciting,3
principle,3
digital,3
visualize,3
approval,3
guns,3
trigger,3
lightens,3
dissecting,3
arranged,3
spectacular,3
brand,3
unify,3
resonated,3
synthesis,3
opposition,3
dance,3
warmly,3
criteria,3
unknowns,3
rethink,3
boxes,3
search,3
relish,3
analyses,3
harnessing,3
pass,3
surpass,3
usher,3
reverberate,3
decades,3
multidimensional,3
hinder,3
lightest,3
appear,3
chart,3
revealing,3
deliberate,3
tougher,3
knowledgeable,3
families,3
volunteers,3
lasts,3
moderated,3
calling,3
wield,3
humanity’s,3
momentary,3
exercises,3
embraced,3
initiates,3
limiting,3
communicated,3
benefiting,3
detailed,3
price,3
worries,3
greatest,3
negative,3
crisis,3
chaotic,3
skirt,3
inventions,3
skillfully,3
sensitive,3
necessitates,3
playing,3
taxing,3
arcs,3
expected,3
lingering,3
pin,3
sciences,3
paints,3
signifies,3
grant,3
spurs,3
policy,3
artwork,3
comedic,3
dilutes,3
repeats,3
pronounced,3
sources,3
exchanges,3
reckoning,3
debating,3
apart,3
loved,3
awakening,3
uncover,3
attempting,3
wholly,3
stir,3
remembering,3
contain,3
passive,3
called,3
innovate,3
allowed,3
technology’s,3
analyzing,3
rolling,3
words,3
committee's,3
obligations,3
magnitude,3
individual's,3
achievable,3
youths,3
technologies,3
adopt,3
socio,3
impacting,3
phenomenal,3
arrangements,3
inevitable,3
reminiscent,3
pretty,3
greeting,3
request,3
stones,3
window,3
basic,3
lights,3
control,3
favorably,3
count,3
synthesizing,3
deliberation,3
creators,3
indelible,3
bravery,3
pertain,3
intelligent,3
perceived,3
posters,3
death,3
negotiate,3
skim,3
coordination,3
man's,3
nolan’s,3
root,3
contextual,3
surround,3
culminating,3
assure,3
disappointed,3
marries,3
wake,3
devastating,3
ii,3
actionable,3
unifying,3
biggest,3
joining,3
staff,3
person's,3
repeating,3
endure,3
negatively,3
gravitate,3
considerable,3
liberation,3
galvanize,3
conflicting,3
prominent,3
skeptical,3
acts,3
intersects,3
welcomes,3
massive,3
forced,3
arguably,3
eagerness,3
revitalized,3
force,3
alleviate,3
creations,3
essays,3
echoed,3
hefty,3
mindsets,3
speaking,3
articulates,3
distance,3
counselors,3
multimedia,3
judgmental,3
attached,3
audience's,3
unpacking,3
propel,3
prevail,3
favors,3
dividing,3
attendees,3
ambiguities,3
dampening,3
positives,3
buy,3
trivializing,3
promoted,3
smiling,3
candor,2
apt,2
realism,2
displayed,2
restrictive,2
(as,2
detracts,2
exhausted,2
test,2
bolsters,2
tailor,2
club,2
expertise,2
preliminary,2
promptly,2
people’s,2
hitting,2
strengthening,2
funny,2
subtle,2
implore,2
richly,2
informing,2
society’s,2
seminars,2
proposals,2
fusion,2
applaud,2
intensely,2
sorrow,2
magnified,2
torn,2
task,2
simplicity,2
catalysts,2
regroup,2
yearn,2
people's,2
switching,2
gears,2
underpins,2
respectfulness,2
fortifying,2
introspect,2
previously,2
member,2
emboldened,2
constrained,2
intrigues,2
reclaiming,2
ages,2
morning,2
school’s,2
characteristics,2
standpoints,2
fantasy,2
constructing,2
solace,2
adversity,2
virtues,2
wit,2
logic,2
correct,2
destiny,2
anytime,2
sensible,2
broadening,2
risking,2
increasing,2
potentials,2
feminist,2
toughest,2
yields,2
proves,2
lighterhearted,2
wholesome,2
mirroring,2
receptiveness,2
transforms,2
shove,2
reception,2
punch,2
sparkles,2
opted,2
dealt,2
consult,2
attraction,2
debrief,2
liberated,2
boosts,2
stopping,2
loose,2
hook,2
robustly,2
subsequently,2
outfits,2
heavyweight,2
directs,2
discouraged,2
collect,2
alternatively,2
confining,2
rotation,2
advocated,2
willingly,2
learns,2
frivolous,2
hadn’t,2
souls,2
bat,2
cohesion,2
coordinates,2
envisioned,2
tragedies,2
noble,2
additions,2
cohesively,2
smart,2
emerges,2
brightness,2
welcomed,2
delightfully,2
stereotypical,2
teachable,2
persist,2
lesser,2
persistent,2
discouraging,2
hindering,2
digging,2
prevails,2
original,2
fearlessly,2
imagining,2
ambitious,2
interacting,2
continuous,2
intentional,2
portrayals,2
effortlessly,2
kickstart,2
catching,2
safety,2
sober,2
lunch,2
recap,2
phrase,2
sent,2
seed,2
quintessential,2
ballot,2
endured,2
pause,2
stifled,2
representative,2
prefers,2
breaker,2
written,2
7,2
polish,2
guess,2
amplifies,2
reinforced,2
chaos,2
foregoing,2
owning,2
service,2
equation,2
enlightened,2
zest,2
community’s,2
bypass,2
anticipated,2
realizes,2
competition,2
converging,2
talks,2
announcement,2
availability,2
summer,2
seamless,2
horizon,2
tight,2
pta's,2
friendly,2
tall,2
resorting,2
stations,2
detailing,2
roots,2
organization,2
applying,2
camp,2
undervaluing,2
weeks,2
campaign,2
posts,2
snippets,2
ambassadors,2
assigning,2
telling,2
old,2
bandwidth,2
gracefully,2
boards,2
radiates,2
juxtaposed,2
specialize,2
crossing,2
overhead,2
defines,2
fantastical,2
footing,2
absolute,2
companionship,2
defy,2
simplistic,2
undervalue,2
proposes,2
commemorate,2
joyously,2
preserving,2
thrill,2
jot,2
versions,2
soak,2
affirmed,2
pace,2
romp,2
freeing,2
golden,2
consistently,2
mixes,2
spin,2
forged,2
suggests,2
devoid,2
impressed,2
entail,2
candidate,2
binary,2
picking,2
decisively,2
unfolded,2
puts,2
wonders,2
parents’,2
17,2
preserve,2
headline,2
replicate,2
(a,2
5),2
(open,2
response),2
assessing,2
hinges,2
fulfilled,2
waters,2
feed,2
crux,2
tech,2
icebreaker,2
assembling,2
sees,2
considerate,2
isolation,2
reserve,2
observing,2
fuels,2
talked,2
density,2
viewings,2
dimensional,2
widely,2
geared,2
culminate,2
wall,2
complications,2
limitation,2
competing,2
duties,2
embed,2
insecurities,2
surprised,2
precious,2
tally,2
pointed,2
downplaying,2
text,2
moods,2
guests,2
correlate,2
dominate,2
persuasive,2
breathtaking,2
q&as,2
aspiring,2
entrenched,2
vitally,2
taste,2
dramatically,2
engender,2
triggered,2
interspersing,2
nudges,2
paradigm,2
developments,2
humans,2
tragedy,2
stressing,2
rippling,2
flavor,2
concerted,2
courageously,2
determining,2
undertake,2
constructively,2
prime,2
name,2
yoga,2
veer,2
rightfully,2
switch,2
cues,2
dares,2
drastic,2
painted,2
shadows,2
preserves,2
neither,2
earnestly,2
substantially,2
cognitive,2
decompress,2
abilities,2
dreamers,2
differentiate,2
storylines,2
country,2
entwine,2
toolkit,2
receiving,2
resolutely,2
caliber,2
aboard,2
bill,2
accommodating,2
web,2
avoid,2
equitable,2
clip,2
degree,2
genius,2
underselling,2
repeat,2
moved,2
interweave,2
solidified,2
biography,2
technology's,2
attainable,2
notch,2
swaying,2
fire,2
worse,2
harm,2
hours,2
integrative,2
industries,2
environmentally,2
regretfully,2
candidly,2
straying,2
grounds,2
objections,2
tip,2
scales,2
hesitations,2
equate,2
progressive,2
satisfying,2
strategically,2
generally,2
basis,2
business,2
finishing,2
dignity,2
harmony,2
weighted,2
screened,2
definitively,2
hone,2
slip,2
gritty,2
labor,2
minimize,2
61,2
consistent,2
distinction,2
rallying,2
justify,2
oversimplify,2
facet,2
echoing,2
mrs,2
frequently,2
reassuring,2
anchors,2
imparted,2
absorbing,2
difficulty,2
didactic,2
sadly,2
festival,2
diverting,2
observation,2
empathetic,2
fullness,2
appreciates,2
cinematographic,2
anonymous,2
sowing,2
regret,2
specializes,2
elect,2
problem,2
solving,2
video,2
bypassing,2
endless,2
reckon,2
moves,2
half,2
relying,2
properly,2
unfortunate,2
snacks,2
underscore,2
proper,2
slot,2
granted,2
played,2
awe,2
tempting,2
forthcoming,2
deriving,2
advanced,2
generates,2
selling,2
mainly,2
melds,2
pitfalls,2
staunchly,2
fragile,2
minutes,2
studying,2
ball,2
maturation,2
creator,2
excel,2
answers,2
youngsters,2
ignoring,2
bears,2
barring,2
prominently,2
guarantee,2
depicts,2
zone,2
unproductive,2
realized,2
humanities,2
fuse,2
formulating,2
definitive,2
adapted,2
roadmap,2
unaddressed,2
interlace,2
budding,2
longing,2
forever,2
communicating,2
pulls,2
‘oppenheimer’,2
‘barbie.’,2
‘oppenheimer,2
‘barbie,2
compiled,2
shoes,2
vehicles,2
evoked,2
granting,2
schooling,2
suppose,2
lacking,2
productively,2
prospects,2
caught,2
sometime,2
met,2
techniques,2
despair,2
reframe,2
executing,2
civil,2
reminders,2
formally,2
noticed,2
devise,2
oftentimes,2
yearning,2
concurrently,2
divergence,2
gone,2
mediums,2
escapade,2
amount,2
predominantly,2
shadow,2
bask,2
palette,2
relieve,2
apprehensions,2
grey,2
closed,2
urgently,2
ink_we_can_compromise,2
=,2
(),2
=>,2
pertains,2
pink,2
binds,2
classrooms,2
dialoguing,2
prevailing,2
unlikely,2
party,2
conquer,2
utilizes,2
walked,2
truthful,2
attempt,2
energizes,2
dire,2
circumstances,2
trailers,2
continual,2
consolidating,2
spreading,2
thin,2
incites,2
pigeonhole,2
applies,2
emerged,2
vitality,2
exhibit,2
gallery,2
stakeholders,2
stirs,2
polls,2
toe,2
illuminates,2
outlooks,2
explicitly,2
hosted,2
reply,2
deserving,2
cuts,2
market,2
indicates,2
entirety,2
molding,2
wraps,2
targeting,2
consciously,2
maximizes,2
inject,2
polarized,2
workable,2
arc,2
soften,2
employs,2
administration,2
stressed,2
harmoniously,2
paint,2
utmost,2
freedoms,2
exhibited,2
alternate,2
pulling,2
images,2
altered,2
professionals,2
constraint,2
stake,2
interconnectedness,2
manageable,2
concession,2
invited,2
reevaluate,2
children’s,2
knack,2
it’d,2
tradition,2
underline,2
outright,2
assume,2
roundtable,2
distinctive,2
consume,2
fence,2
extensively,2
adhering,2
depending,2
popularity,2
narrowing,2
progresses,2
orchestrating,2
exchanged,2
panelists,2
known,2
prudent,2
backing,2
receives,2
relaxation,2
excerpts,2
conceding,2
brighten,2
tastes,2
delights,2
rehearse,2
loaded,2
senior’s,2
blossom,2
tense,2
unconvinced,2
revolutionary,2
usual,2
(from,2
remedy,2
invitations,2
posit,2
compete,2
confusion,2
actualization,2
release,2
comments,2
scrutiny,2
unpacked,2
concentrated,2
treasure,2
i’re,1
spectacle,1
abundantly,1
aftereffects,1
landed,1
directions,1
adhere,1
enormous,1
lately,1
palate,1
cleanser,1
sensitivities,1
breather,1
staged,1
adjusted,1
relative,1
jump,1
volunteered,1
heaviest,1
smooth,1
execution,1
objectively,1
adaptable,1
authority,1
titles,1
hardship,1
distributed,1
poetry,1
emails,1
perfection,1
powered,1
pampering,1
unwilling,1
underneath,1
diminishes,1
resulting,1
catharsis,1
perform,1
widespread,1
awaken,1
financial,1
patron,1
aways,1
instincts,1
condenses,1
brave,1
personalities,1
embarked,1
confrontational,1
reviving,1
picked,1
cracks,1
evoking,1
pillars,1
consistency,1
negating,1
explorative,1
stances,1
feeding,1
dictated,1
served,1
distilling,1
practically,1
somberness,1
symposium,1
concluding,1
iron,1
squeeze,1
shaking,1
empowermentthrough,1
total,1
announce,1
accounts,1
incentive,1
card,1
merchandise,1
appropriateness,1
encases,1
continuation,1
buoyantly,1
caretakers,1
turnout,1
freshness,1
adventurous,1
hardly,1
musical,1
gains,1
drafts,1
occasion’s,1
amend,1
sprinkle,1
brainer,1
extra,1
packing,1
weights,1
rigorously,1
realigns,1
flourishes,1
rank,1
unswayed,1
unkind,1
divided,1
counterpart,1
adjustment,1
umbrella,1
diversion,1
tangential,1
indirectly,1
dragging,1
attend,1
rating,1
authors,1
forgo,1
primes,1
patient,1
gearing,1
headspace,1
potency,1
lower,1
permit,1
furthering,1
teenager,1
symbolize,1
rejuvenated,1
empowerment's,1
reiteration,1
restraint,1
reflectiveness,1
strategic,1
placement,1
skin,1
hinted,1
impetus,1
funding,1
departments,1
curricula,1
extracurricular,1
rounds,1
logically,1
rough,1
credibility,1
timelines,1
former,1
army,1
colonel,1
satirizes,1
streamline,1
closure,1
dancing,1
permeates,1
plethora,1
dash,1
stylish,1
daunted,1
manners,1
expectation,1
commemorated,1
imbue,1
borne,1
seated,1
rationally,1
constrict,1
adaptability,1
overtly,1
defies,1
vessel,1
olds,1
tailoring,1
hinting,1
fresher,1
remote,1
textbook,1
defying,1
revolving,1
everybody,1
polished,1
submission,1
intro,1
stuck,1
headway,1
sensory,1
ingredients,1
tilt,1
probably,1
grew,1
depend,1
loudly,1
coaching,1
librarian,1
centralizes,1
confused,1
statements,1
circulate,1
bid,1
overcomplicating,1
beneath,1
rule,1
threads,1
marginalizes,1
collected,1
counteract,1
load,1
assessment,1
stressors,1
barbie*’s,1
anthem,1
whenever,1
booths,1
obligatory,1
limelight,1
dominated,1
intentioned,1
nearly,1
mull,1
prestige,1
determined,1
coalesce,1
professionalism,1
website,1
pay,1
ringing,1
associate,1
casting,1
dances,1
drained,1
user,1
collection,1
rushed,1
praised,1
spontaneity,1
consumed,1
buoyed,1
recharge,1
sleeves,1
siding,1
activism,1
women's,1
piloting,1
strict,1
investigates,1
precise,1
countdown,1
exact,1
flyers,1
bi,1
weekly,1
monitor,1
enjoyability,1
observations,1
refined,1
facilitation,1
skit,1
poem,1
handouts,1
artist,1
nourished,1
ensue,1
teaming,1
student's,1
crafts,1
springboards,1
opposite,1
humanistic,1
straw,1
‘barbie’,1
culminates,1
rounding,1
responsive,1
document,1
restorative,1
increased,1
correctness,1
accessed,1
reasoned,1
humorously,1
waves,1
rehearsal,1
nurtured,1
appreciative,1
duly,1
maximum,1
dismantling,1
spread,1
cloud,1
recipe,1
sheltered,1
synergize,1
socialize,1
offline,1
outdated,1
unsure,1
tomorrow’s,1
essay,1
assignment,1
depiction,1
statistics,1
interweaving,1
shutting,1
headfirst,1
bolstering,1
resurgence,1
trendy,1
likewise,1
completed,1
clash,1
relieving,1
incorporation,1
obstacles,1
lined,1
pointing,1
terrific,1
combating,1
distract,1
interface,1
hears,1
falling,1
biases,1
relevance.),1
(options,1
(multiple,1
choice),1
(scale,1
(yes/no),1
meditation,1
networks,1
storms,1
eclectic,1
diffuse,1
identification,1
temporarily,1
hey,1
feat,1
brightens,1
commonalities,1
supplies,1
colored,1
paper,1
markers,1
bingo,1
minor,1
marvelous,1
game,1
changer,1
commemorating,1
opposites,1
present’s,1
experts,1
icebreakers,1
baseline,1
hallways,1
disagreement,1
ride,1
dreamy,1
researching,1
testimonials,1
preconceived,1
dismantle,1
attire,1
tensions,1
queries,1
illicit,1
population,1
mic,1
station,1
photos,1
keepsakes,1
updates,1
fruit,1
withstands,1
incoming,1
wheelhouse,1
breeds,1
merged,1
shattering,1
activate,1
doubts,1
riddled,1
convincingly,1
dare,1
portion,1
pleasantly,1
garnered,1
personable,1
eloquently,1
logical,1
fluid,1
angst,1
edges,1
seal,1
tricky,1
demographics,1
heady,1
venues,1
cooker,1
shuffle,1
vastly,1
fondness,1
embodiment,1
translating,1
refocus,1
ray,1
rediscovery,1
bravely,1
nationwide,1
scholarly,1
evil,1
yielding,1
grander,1
strengthened,1
rebuttals,1
ephemeral,1
poured,1
enhanced,1
affirmative,1
dearly,1
who've,1
stars,1
commands,1
movements,1
inward,1
systemic,1
actors,1
assumptions,1
realistic,1
intersectionality,1
strives,1
lands,1
investing,1
division,1
rehearsing,1
nailing,1
(your,1
jack!),1
emboldening,1
action!),1
reflectively,1
shelter,1
fiercely,1
entrusting,1
indisputable,1
spearhead,1
shoulder,1
polarizing,1
detracting,1
downplayed,1
softened,1
satiate,1
thirst,1
rarely,1
conceive,1
unravels,1
supplemented,1
contemporaries,1
protective,1
edged,1
resolving,1
surpasses,1
varies,1
precedents,1
emphatically,1
checkpoint,1
conundrums,1
melding,1
heft,1
fallibility,1
enhancements,1
engineering,1
mathematics,1
replaced,1
attempts,1
advising,1
thread,1
medley,1
globe,1
praise,1
odds,1
stock,1
reconciling,1
impeccable,1
bubbly,1
temporary,1
retaining,1
eras,1
interviews,1
astute,1
strikingly,1
tempering,1
sacramental,1
remiss,1
engrossing,1
reviewing,1
fallout,1
bubbling,1
dynamism,1
patiently,1
chime,1
(perhaps),1
expresses,1
justifies,1
future's,1
fidelity,1
deprive,1
lull,1
complacency,1
continuity,1
interwove,1
fragility,1
mistake,1
render,1
searing,1
ultimatum,1
fixated,1
temper,1
wherever,1
fortunate,1
oppressive,1
easiest,1
encode,1
plague,1
profession,1
concur,1
artificial,1
literature,1
trumps,1
indicate,1
unstable,1
bow,1
simpler,1
educationally,1
humility,1
deadlock,1
misinterpret,1
timed,1
maturing,1
late,1
gravely,1
pleasant,1
conducted,1
rightful,1
arouse,1
unequivocally,1
ambiguous,1
observe,1
modify,1
fourth,1
avoided,1
figure's,1
grips,1
dry,1
accordingly,1
relay,1
enormity,1
witnesses,1
frankly,1
rigour,1
judgement,1
sidelines,1
silver,1
touchpoint,1
governance,1
networking,1
contextualizes,1
future’s,1
dot,1
diffusing,1
precedent,1
scout,1
intensive,1
theatre,1
formations,1
cillian,1
murphy's,1
band,1
quartering,1
impossible,1
candidness,1
finest,1
eloquent,1
volatile,1
cheer,1
remembrance,1
misused,1
revolution,1
ideologies,1
veteran,1
leader,1
appealable,1
presently,1
reading,1
glorifying,1
compliments,1
johnson,1
mr,1
lee,1
english,1
adams,1
weekend,1
rate,1
thanking,1
60,1
expertly,1
sign,1
adaptations,1
tenacity,1
significances,1
conceptualize,1
superficially,1
dove,1
reinvestigate,1
commitments,1
glossing,1
philosophically,1
workplaces,1
confess,1
disagreements,1
rendering,1
celebratorily,1
heated,1
leg,1
reliable,1
hidden,1
grit,1
brightly,1
device,1
dichotomy,1
caution,1
bearing,1
defending,1
brace,1
underlining,1
earned,1
entice,1
invariably,1
settling,1
projecting,1
prestigious,1
honorary,1
shame,1
weren’t,1
average,1
routine,1
inflexible,1
restate,1
cooperate,1
tuning,1
attitude,1
navigational,1
endear,1
carved,1
stimulus,1
laudable,1
rediscover,1
landing,1
corresponding,1
irregular,1
interruptions,1
upheld,1
implying,1
sandwiched,1
ai,1
extraordinarily,1
stewardship,1
treatment,1
net,1
frothy,1
merriment,1
locally,1
inch,1
benchmark,1
scheme,1
powerpoint,1
producing,1
delicately,1
trajectory,1
steers,1
spectators,1
translates,1
ripples,1
harnesses,1
uneasy,1
crossroad,1
precede,1
else's,1
mattered,1
misinformation,1
intrinsically,1
satirical,1
substitute,1
ones’,1
15,1
technologically,1
voicing,1
fortify,1
separating,1
filtered,1
distractions,1
sequence,1
simplifying,1
ideological,1
trial,1
injecting,1
educated,1
amquite,1
afterall,1
atom,1
tapped,1
enjoys,1
evergreen,1
cornerstones,1
hope),1
expanding,1
rush,1
planet,1
reality's,1
catastrophic,1
doom,1
elicits,1
designated,1
mostly,1
deviating,1
immersion,1
cohort,1
forgetting,1
uncovered,1
entwined,1
persuasion,1
justifications,1
majority's,1
metaphoric,1
weaponry,1
factual,1
skirting,1
optimized,1
drawback,1
articles,1
hardnesses,1
puzzle,1
forward…,1
synthesizes,1
income,1
tightly,1
likes,1
immersed,1
primed,1
suffice,1
west,1
filmmakers,1
extrapolating,1
doorway,1
celestial,1
majority’s,1
implementation,1
university,1
compasses,1
preparatory,1
sufficient,1
cause,1
analytically,1
provocatively,1
wiser,1
gathers,1
efficiently,1
protagonist,1
accurately,1
proofreading,1
compiling,1
measurable,1
vulnerabilities,1
measures,1
beauties,1
listens,1
instigates,1
runner,1
tried,1
coincide,1
kicking,1
verbally,1
reaffirms,1
symbolism,1
patients,1
highs,1
lows,1
destructiveness,1
politically,1
pop,1
normalizes,1
landmark,1
earnestness,1
bubble,1
attitudes,1
spawned,1
removed,1
applicability,1
vivacious,1
severe,1
remove,1
describe,1
tempted,1
record,1
argued,1
import,1
contingent,1
overstate,1
s,1
another's,1
ngaging,1
unconventional,1
practicality,1
investigate,1
helm,1
unpredictability,1
diverging,1
audiovisual,1
utilized,1
hooks,1
reassessing,1
treating,1
centric,1
seemingly,1
sidetrack,1
gravitating,1
branching,1
ositively,1
scientifically,1
depression,1
isolated,1
mentally,1
propelling,1
sphere,1
fairness,1
supremely,1
breathwork,1
intricately,1
discourses,1
remembers,1
pooling,1
sophisticated,1
increase,1
automatically,1
bouncing,1
relatively,1
jokes,1
consists,1
unnecessary,1
basking,1
claiming,1
tread,1
occurs,1
recharged,1
chapter.i,1
cognizant,1
motivators,1
mingled,1
harmonizing,1
diligence,1
festooned,1
cherishes,1
unquestionably,1
festivity,1
vibrations,1
supportively,1
treats,1
brainstormed,1
watering,1
swift's,1
song,1
conduit,1
believer,1
assigned,1
generation’s,1
unchanged,1
competencies,1
directorial,1
haunting,1
actions’,1
reinvigorated,1
psyche,1
unveil,1
ranging,1
surprising,1
retelling,1
{},1
counterproductive,1
revelry,1
heroism,1
resulted,1
agrees,1
hued,1
tag,1
burst,1
negotiations,1
peel,1
affords,1
embarks,1
reward,1
assembly’s,1
brimming,1
elegance,1
imposing,1
sentimentality,1
utterly,1
prep,1
arms,1
believes,1
mountain,1
finesse,1
ideology,1
kindle,1
driving,1
who’ve,1
revised,1
contenders,1
affection,1
unfiltered,1
provoked,1
outperform,1
disregarded,1
quantify,1
genres,1
advantageous,1
extreme,1
afforded,1
sustainability,1
accentuate,1
fortitude,1
seat,1
ethicist,1
markedly,1
redemption,1
foreseeing,1
wiggle,1
compassionately,1
assertively,1
movies’,1
inequality,1
participatory,1
happier,1
characterizes,1
shield,1
chooses,1
boys),1
spectate,1
overlaps,1
versatile,1
empowerments,1
introspections,1
almost,1
metaphorical,1
connectiveness,1
rousing,1
ensured,1
resiliency,1
understandable,1
attracting,1
mitigate,1
alluring,1
obviously,1
unrestricted,1
sacrificed,1
stirred,1
lifestyle,1
kickoff,1
painful,1
glossy,1
wind,1
blowing,1
posted,1
allyship,1
augment,1
neglected,1
revamp,1
surprisingly,1
rethinking,1
impress,1
sation,1
zeitgeist,1
documentaries,1
disheartening,1
shepherds,1
shining,1
commence,1
deliberately,1
preclude,1
guidepost,1
connectedness,1
reframing,1
anywhere,1
connotations,1
virtually,1
pervasive,1
springs,1
revels,1
possessing,1
participates,1
insists,1
passing,1
lending,1
eclipses,1
conversing,1
pressed,1
coin,1
essentiality,1
hues,1
filming,1
technique,1
underscored,1
participant,1
sunny,1
instigated,1
methodically,1
amicable,1
blur,1
firmer,1
surrounds,1
public,1
encounters,1
enthused,1
centralize,1
establishes,1
ingrained,1
90,1
runtime,1
sell,1
bogging,1
length,1
solidifies,1
imbed,1
fans,1
comedies,1
coexists,1
pack,1
charted,1
coping,1
elemental,1
confrontations,1
incomplete,1
vibrance,1
tribulations,1
principal,1
principal's,1
recruiting,1
afternoons,1
youthfulness,1
accelerating,1
escalate,1
reaffirm,1
instant,1
distinctively,1
unyielding,1
prowess,1
blessing,1
curse,1
threats,1
transparently,1
that'll,1
literacy,1
caring,1
longevity,1
retains,1
anticipatory,1
topical,1
instructive,1
fodder,1
trials,1
inherited,1
rarity,1
introductions,1
season,1
asserting,1
privileges,1
hugely,1
settled,1
mankind’s,1
criticalities,1
budge,1
nations,1
entrance,1
behaviors,1
expands,1
junior,1
rooms,1
extended,1
strategize,1
digesting,1
entertaintment,1
outlets,1
simplifies,1
broaching,1
devising,1
collide,1
planted,1
loss,1
pricks,1
protagonists,1
schools,1
interconnect,1
names,1
nourishing,1
batch,1
precision,1
blockbuster,1
convenient,1
denied,1
hardest,1
recounting,1
oversimplifies,1
endorse,1
reshaped,1
portrait,1
beckons,1
discern,1
purposefully,1
advisory,1
relinquish,1
matched,1
jack's,1
profundity,1
orchestrate,1
harbor,1
engendered,1
clock,1
ticking,1
evenly,1
fictional,1
heights,1
burner,1
voted,1
industry,1
defend,1
preferable,1
evaluations,1
severity,1
expanded,1
elicited,1
evaluation,1
intermediary,1
conserving,1
fail,1
surrender,1
appease,1
spheres,1
consolidation,1
comprehensively,1
drastically,1
stretching,1
masterclass,1
interpretation,1
trivialize,1
attuned,1
retrospective,1
facade,1
undermines,1
inclusively,1
decisive,1
teaser,1
blossomed,1
contacting,1
promotional,1
regularly,1
canvassing,1
adequate,1
mediations,1
resiliently,1
sequencing,1
reinvigoration,1
disposal,1
favorites,1
terribly,1
probe,1
tempered,1
cement,1
etched,1
knowingly,1
keys,1
mirrored,1
intentionality,1
lighting,1
engendering,1
selects,1
breathing,1
student’s,1
expansion,1
staunch,1
adolescent,1
therapeutic,1
unduly,1
studied,1
underscoring,1
slides,1
trivia,1
handout,1
exemplify,1
sync,1
simplified,1
voiced,1
scrutinize,1
transcendent,1
aha,1
oversimplified,1
arenas,1
revealed,1
heightened,1
ins,1
masterwork,1
wherein,1
ushers,1
prelude,1
director,1
executed,1
person’s,1
pains,1
therein,1
pleasures,1
none,1
denser,1
welfare,1
fertile,1
strife,1
inextricable,1
depends,1
overlooks,1
cold,1
geopolitical,1
dangers,1
concretely,1
fervent,1
daniel,1
lewis’s,1
department,1
outlast,1
aired,1
unsettling,1
competency,1
guarantees,1
passed,1
fleshing,1
mural,1
collage,1
stimuli,1
retain,1
heels,1
longstanding,1
waver,1
jointly,1
dictates,1
predefined,1
existing,1
stood,1
innocence,1
ignorance,1
perpetuate,1
rallies,1
astounding,1
actual,1
men),1
creep,1
underplay,1
bounce,1
how’s,1
condo,1
cozy,1
street,1
distress,1
laud,1
news,1
linacy,1
lightened,1
battlefield,1
coordinated,1
abstractly,1
piecing,1
sponsoring,1
directing,1
admittedly,1
rejection,1
approvals,1
subdued,1
competitions,1
usually,1
exit,1
consent,1
logistical,1
divisive,1
narrates,1
disregarding,1
finer,1
hinge,1
bogged,1
infusion,1
corner,1
drawings,1
intimately,1
singularly,1
females,1
son,1
duo,1
mentorship,1
classic,1
demonstrated,1
happily,1
graduation's,1
reduce,1
costume,1
contest,1
cotton,1
candy,1
cupcakes,1
saving,1
inducing,1
reigns,1
apprehensive,1
toll,1
elated,1
knew,1
quirky,1
melancholy,1
hurdles,1
colleague,1
minority,1
traverse,1
chore,1
jotting,1
summarized,1
judges,1
states,1
cramming,1
tilting,1
equilibrium,1
fight,1
touchingly,1
swiftly,1
symbolic,1
exhibits,1
cosmic,1
obvious,1
ardently,1
difficulties,1
who’s,1
pronged,1
friend,1
loom,1
danger,1
dull,1
flip,1
overcome,1
surrounded,1
partake,1
exterior,1
sprinkled,1
repetitive,1
disarms,1
deterring,1
returns,1
twofold,1
vantage,1
resonantly,1
absent,1
fictionalizes,1
ally,1
fullest,1
intermingle,1
gentler,1
absurdities,1
exhilarated,1
event's,1
clubs,1
that’ll,1
elevated,1
nourishes,1
shadowing,1
rejuvenate,1
strenuous,1
joins,1
narrowed,1
pocket,1
adaptation,1
occasions,1
futuristic,1
piques,1
realistically,1
timeframe,1
expressiveness,1
concentrate,1
equity,1
hooked,1
shackled,1
coveys,1
witty,1
reluctant,1
subtleties,1
progressing,1
misses,1
suitability,1
documenting,1
turmoil,1
cloaked,1
reminisce,1
coherence,1
lineup,1
dazzling,1
stifles,1
succeed,1
issues–like,1
equality–that,1
rejuvenating,1
splendidly,1
disconnection,1
anecdotes,1
assign,1
divvy,1
trusting,1
exuded,1
cheering,1
juggling,1
fueling,1
austere,1
stigmas,1
alienation,1
feminine,1
else’s,1
distracting,1
spontaneous,1
whilst,1
outings,1
redirect,1
conversational,1
lure,1
arguing,1
stifling,1
searches,1
expansive,1
soliciting,1
restricts,1
cumbersome,1
combat,1
heartbreaking,1
penetrate,1
buzzing,1
tonight's,1
comparative,1
vow,1
press,1
trait,1
overlap,1
hammer,1
handedness,1
unanimous,1
intrigue,1
safer,1
transparency,1
sorted,1
ushering,1
crown,1
store,1
four,1
exuberant,1
diluted,1
wants_to_end_conversation,1
😊,1
inventive,1
handled,1
frivolity,1
misreading,1
family,1
peels,1
pressurized,1
constrictions,1
accomplishing,1
consumerism,1
looked,1
breathe,1
kindling,1
posting,1
deserved,1
disjointed,1
tunes,1
trip,1
lane,1
parting,1
kinship,1
convene,1
