hey,68
yes,596
really,1610
excited,968
discuss,617
firmly,801
believe,6499
show,365
whimsical,77
movie,2387
delves,318
significant,1414
themes,8242
regarding,453
identity,3450
empowerment,3183
acceptance,1419
issues,1197
resonate,2469
deeply,1163
high,2804
school,2936
seniors,8826
navigate,753
paths,478
thoughts,1846
compared,81
see,3625
one,731
historical,2227
drama,42
think,7694
brings,620
much,566
needed,118
perspective,2069
spark,989
valuable,1159
conversations,2688
among,869
students,11568
understand,2920
coming,716
certainly,1113
presents,861
thought,1336
provoking,818
especially,1586
around,1938
ethics,1295
responsibility,2560
important,3167
subjects,164
senior,210
still,4871
lean,318
towards,538
provides,1220
accessible,657
way,5487
explore,1800
complexities,2008
relatable,1469
contemporary,152
context,1160
touches,114
gender,408
roles,865
self,4249
pivotal,896
phase,330
discovery,1406
unique,1477
teaches,28
lessons,1233
authenticity,103
many,643
young,749
people,216
need,989
hear,766
light,947
hearted,557
film,5757
underlying,29
messages,971
inspire,1456
engage,2445
deeper,1724
levels,74
potentially,217
leading,113
individual,175
journeys,471
projects,59
significance,645
personally,119
audience,415
connecting,110
manner,449
fun,2075
impactful,963
try,9
look,487
engaging,3252
personal,1532
level,724
genuinely,1805
appreciate,5789
idea,1428
finding,496
bridge,333
viewpoints,256
something,1250
iâ€™m,2013
definitely,634
open,2397
exploring,610
present,1098
essential,1715
lead,999
critical,3511
discussions,5859
incorporating,349
might,3532
foster,1161
environment,734
feels,646
inclusive,125
approachable,223
encouraging,740
express,311
without,877
reservation,1
dialogue,1496
vibrant,872
imagery,7
relatability,592
facilitate,476
allowing,821
every,79
student,183
regardless,180
background,12
history,1016
thereâ€™s,364
create,2633
balance,1170
perhaps,2304
mini,9
series,73
featuring,39
films,2569
focusing,259
social,243
constructs,13
experience,5424
strength,27
narratives,516
feel,4129
strongly,1498
selecting,91
compromise,1130
respect,1273
strong,520
stance,153
itâ€™s,2500
clear,723
youâ€™re,432
passionate,415
profound,1482
offers,2353
right,979
transition,1301
adulthood,2831
want,1682
hold,362
ground,1040
addresses,303
uplifting,1678
moment,1151
lives,2792
platform,199
topics,825
may,1972
seem,86
trivial,4
first,289
glance,12
relevant,1211
lived,12
experiences,1437
truly,2502
bring,499
insights,1074
focus,826
solely,108
speaks,281
directly,199
face,1406
takes,41
consider,2424
follow,808
larger,168
discussion,3670
even,984
incorporate,531
elements,838
reflection,1602
another,151
time,1245
set,343
wonder,120
find,1950
watch,53
integrating,161
activities,651
screening,715
relate,247
back,201
perspectives,1022
rationale,10
steadfastness,25
advocating,251
arguments,269
concerning,22
thinking,1814
said,1115
recognize,666
importance,2055
drawn,45
heart,221
resonates,1363
creating,1047
space,429
comfortable,118
expressing,17
identities,1082
inviting,185
balances,91
entertainment,828
relevance,284
connections,211
peers,101
given,362
hesitant,11
concede,100
contemplation,47
crucial,1480
years,122
walk,99
away,300
assembly,1916
feeling,636
empowered,182
connected,85
stories,70
wrap,109
conversation,1792
stronger,81
sense,1179
purpose,130
choose,1005
inspires,173
laughter,341
introspection,276
ultimately,971
unable,18
reach,410
stand,440
advocate,427
selection,152
suitable,62
middle,310
hope,844
least,32
agree,853
nurturing,52
paramount,51
influences,9
moving,304
forward,1792
thank,1536
dedication,429
ensuring,727
meaningful,2445
reached,259
consensus,275
value,2404
storytelling,534
iâ€™ll,132
respectfully,25
choice,2342
believing,27
resonant,26
option,166
current,572
make,1645
decision,1616
soon,332
whatever,136
outcome,75
good,146
direction,255
go,565
hi,985
opinion,77
select,93
perfect,214
approaches,62
concepts,124
adults,584
navigating,445
path,132
plus,738
visuals,216
humor,756
multiple,52
hand,152
remarkable,59
undeniably,143
well,1319
crafted,62
heavy,985
content,374
expose,29
celebratory,984
setting,228
bit,202
intense,147
occasion,300
viewpoint,254
atmosphere,1291
matters,51
immensely,64
exploration,1001
joy,2539
lightness,91
aligns,452
wonderfully,29
celebrating,636
accomplishments,148
learning,287
memories,133
community,675
creativity,2007
pride,4
incredibly,829
stage,748
vital,984
ways,894
milestone,90
event,1065
education,148
enjoyment,246
integrate,150
serious,1352
curriculum,20
outside,82
providing,790
lighthearted,333
yet,525
inspiring,286
particular,361
dynamic,84
considering,549
celebration,1344
completely,611
passion,775
deep,771
appreciation,55
adds,33
weight,1293
argument,137
opportunity,2119
less,87
daunting,79
colorful,288
palate,2
clever,18
encourages,1564
help,1017
alleviate,7
anxiety,12
step,1137
next,841
chapter,335
moreover,555
serving,31
catalysts,7
later,243
goal,164
cherishing,4
growth,1043
relish,5
entirely,43
ruling,1
compelling,573
share,452
shift,42
hearing,355
effort,78
putting,51
crafting,78
position,112
specific,240
indeed,786
merits,613
worry,735
sole,12
overshadow,274
essence,269
graduating,105
brink,318
deserve,137
lifts,5
spirits,89
gives,113
kick,25
enjoy,259
culmination,5
journey,588
nice,19
entertain,130
aspects,612
life,1360
donâ€™t,126
will,3218
hopeful,137
futures,1215
fit,129
concerns,201
instill,115
come,838
together,1277
celebrate,759
creative,393
joyful,549
love,761
ideas,841
rather,523
split,8
patience,11
sincerity,9
beliefs,42
seems,269
point,824
views,172
quite,254
entrenched,6
honor,166
depth,1782
complexity,390
must,205
stick,50
conviction,171
suits,9
nature,495
exactly,47
prepare,1879
take,757
vote,325
democratic,10
approach,2090
clarity,24
unify,6
us,1002
final,398
pta,285
members,123
toward,374
insightful,126
end,181
now,726
resolution,78
everyone,473
involved,149
continue,309
best,1092
overall,174
animation,13
entertaining,453
points,1270
craving,8
allows,728
representation,131
isnâ€™t,116
doll,8
mirror,38
reflecting,121
societal,1968
expectations,1059
ethical,1867
dilemmas,1090
presented,573
canvas,7
interact,7
worth,321
making,1422
memorable,981
convinced,248
willingness,1070
common,725
insist,3
aligned,46
spirit,638
highlights,189
acknowledge,306
theyâ€™re,191
voice,97
understanding,1623
delivers,111
exuberantly,1
uplifts,55
openness,378
shows,110
great,786
commitment,944
maintain,271
invoke,11
doesnâ€™t,113
require,75
complex,1291
deals,40
imaginative,92
ignite,152
positively,132
influence,99
seniorsâ€™,37
potential,1348
inspired,483
uplifted,184
achieves,35
effectively,267
terms,259
bridging,46
norms,491
accompany,60
covered,15
advance,4
ensure,817
ask,70
message,511
leave,1021
challenge,600
lens,314
empowering,548
become,114
input,151
places,18
whatâ€™s,112
voices,134
ones,35
watching,163
opinions,203
matter,291
represents,76
blend,390
diversity,126
individuality,1415
stages,24
tends,7
heavier,411
youth,317
emphasize,298
aspect,258
rallying,4
alone,26
mind,154
put,161
board,132
conducting,11
quick,41
survey,264
prefer,76
honors,163
preferences,163
confident,167
looking,695
seeing,356
goes,81
whichever,55
letâ€™s,1271
aim,149
efficiently,4
sake,18
carries,215
breaking,152
stereotypes,176
today's,387
undoubtedly,440
powerful,520
connect,733
wouldnâ€™t,49
visually,226
captivating,60
expression,372
merit,345
presenting,433
someone,38
military,1
place,316
encourage,1122
emotional,685
intelligence,18
different,879
explores,138
concept,38
adult,211
world,3568
teens,41
communicates,5
transformative,211
quality,28
allow,476
burdened,25
refreshing,235
celebrates,265
considered,87
combining,160
excitement,233
educational,862
paired,45
pairing,124
two,268
intriguing,141
screen,88
power,234
aspirations,442
escape,73
reveals,6
encouraged,35
authentic,50
selves,48
part,185
weightiness,75
joyous,230
lasting,748
impact,1867
special,123
prepared,91
opens,191
intricate,47
moral,1854
ramifications,112
choices,1956
connection,743
equally,602
formative,92
propose,249
necessarily,15
nothing,22
embracing,283
experiential,3
invites,579
affirming,22
emphasizing,171
enjoyable,415
process,218
assure,2
reflect,1287
line,44
entry,75
rotating,3
followed,123
screenings,37
hosting,99
reflective,228
sessions,49
delve,212
cater,91
honoring,50
inherent,29
rich,469
anchored,13
belief,497
juncture,153
often,492
web,6
timely,37
chance,533
break,99
aspire,33
understood,26
sobering,5
embrace,741
dots,10
gradual,1
empower,392
overwhelming,163
passionately,83
door,114
addressing,417
lighter,714
missing,44
readiness,22
thoughtful,1365
proposal,371
featured,28
seminar,8
centered,58
excellent,189
discussing,725
preserves,1
structure,170
primary,265
dive,160
afterward,772
makes,138
reinforce,32
losing,93
plan,588
move,490
collaborative,293
pleased,23
weâ€™ve,165
navigated,9
arrive,57
solution,177
afterwards,86
work,426
finalize,439
details,132
actually,82
narrative,998
challenges,1489
traditional,113
provide,1665
serves,336
gateway,36
inclusivity,83
today,670
sparks,162
additionally,338
promoting,166
engagement,1387
stressful,48
positive,1053
lively,117
balancing,134
appeal,343
framing,220
starter,104
angle,228
took,12
hybrid,76
reasons,173
mentioned,83
earlier,6
organize,68
panel,233
pressures,430
structured,104
include,188
albeit,115
introduce,83
whimsy,25
critically,1021
society,706
fostering,894
doubt,32
raises,88
helps,82
neglecting,3
miss,87
seen,80
vibrancy,68
decisions,978
positivity,442
willing,772
keep,491
use,81
enhances,16
enriching,552
sticking,12
continued,83
means,148
meets,33
persistence,14
thoughtfully,123
implications,1012
prioritize,169
send,57
foundation,132
desire,400
remain,349
committed,126
interests,297
reflects,358
realities,431
necessity,27
intellectual,314
preparation,39
articulated,56
fighting,1
comes,346
struggles,96
film's,412
emphasis,244
mathematical,1
choosing,343
offer,776
vehicle,30
esteem,22
subtly,16
aware,45
citizens,61
apply,42
sometimes,197
unexpected,17
formats,16
wrapped,47
galvanize,1
kind,441
heartfelt,42
emotions,78
remains,192
hoping,66
acknowledging,133
made,277
form,67
movies,361
coexist,77
events,443
validity,7
lose,13
sight,18
holds,191
immense,106
building,41
sparking,177
impasse,163
forthright,1
unwavering,71
faith,4
pieces,4
tied,36
enhance,254
objectives,29
fine,11
authentically,17
type,37
sharing,201
youâ€™ve,101
though,128
feelings,156
imparts,17
conclude,62
collaboration,260
alive,42
future,1851
working,182
benefit,476
absolutely,703
variety,24
dose,13
table,182
creates,183
play,74
safe,50
facets,20
examine,42
placed,19
simultaneously,65
promotes,246
helping,87
real,851
happy,87
uniquely,96
pertinent,96
achieve,184
socio,4
cultural,215
climate,47
taps,28
age,238
group,634
fantastical,3
invite,150
heaviness,185
fosters,445
responsibilities,786
elevates,9
charming,5
imagine,70
free,96
constraints,40
appealing,123
broader,370
warmth,24
preparing,525
valid,392
similar,117
challenging,413
upcoming,93
forge,70
restricted,1
modern,164
freely,34
mutual,18
diverse,236
development,293
recognizing,104
align,180
better,527
offering,240
blended,62
maybe,420
host,74
greater,115
alternatives,15
say,119
encompasses,42
strengths,204
weighty,289
considerations,190
richer,177
sides,59
burgeoning,2
fantastic,404
giving,201
rounded,297
map,6
implement,24
collaborating,362
going,230
logistics,35
rest,197
entering,141
thanks,104
wonderful,255
embodies,186
stunning,208
leaning,233
teaching,26
engages,160
build,42
confidence,314
overly,44
entertained,51
stemming,64
either,99
exchange,68
shape,485
packed,25
charm,91
prompt,144
serve,778
address,256
easier,38
characters,176
represent,22
encounter,295
spectrum,31
values,229
shouldnâ€™t,28
sit,7
showing,582
weâ€™re,341
enjoying,89
eager,170
utilize,18
workshops,81
cover,52
viewing,458
honest,39
vulnerability,6
suggestion,167
concern,209
overwhelm,19
disengage,6
instead,186
design,28
angles,55
playful,143
upon,71
frame,359
facilitating,98
keen,49
enriched,26
combines,60
commendable,323
already,77
disengagement,10
included,34
actively,48
touch,235
ambition,247
leveraging,12
filmâ€™s,196
individually,7
class,102
cherish,43
ongoing,32
valuing,19
framed,82
although,31
ability,234
nuanced,162
decide,100
reflections,521
key,229
dissect,14
dual,199
session,181
optional,18
clips,30
scenes,15
highlight,441
various,126
last,90
enthusiastic,25
implementing,15
diving,69
glad,469
found,272
combined,124
starting,159
following,180
organizing,60
prompts,194
meaningfully,74
intersect,29
participation,55
collaborate,280
throughout,146
unforgettable,55
graduate,102
anything,102
chat,9
surrounding,373
struck,12
everything,143
sure,244
spread,6
word,8
please,22
ahead,517
know,168
tone,414
embark,346
academic,106
achievements,440
raise,93
generation,201
exciting,81
empowers,133
dream,42
big,99
amongst,20
resilient,3
intelligent,2
enthusiasm,381
post,430
tie,91
curious,148
react,11
interactive,184
q&a,52
change,73
fear,255
risking,5
energizes,6
motivates,4
optimism,77
possibility,427
compete,7
pushing,65
articulate,55
takeaways,56
inspiration,316
conformity,24
one's,358
remember,91
enough,49
underestimate,51
champions,25
reinforces,15
agents,3
iâ€™d,402
immediate,247
resilience,187
promote,164
heartedness,131
enables,13
room,158
cultivate,127
dialogues,196
generate,41
inclined,104
energy,201
agency,84
envision,167
brighter,11
optimistic,101
concerned,198
impart,43
whether,151
thatâ€™s,269
additional,134
side,30
provoke,396
maintains,19
particularly,420
increasingly,119
demands,59
resources,50
available,18
enrich,238
taking,65
intertwining,8
initiate,47
closely,189
belonging,49
cusp,111
outlook,41
enable,17
wish,106
sway,78
merging,61
sincerely,93
constructive,175
compelled,26
defining,26
positives,8
encouragement,58
canâ€™t,125
uniqueness,132
weave,62
combine,79
unified,10
gathering,99
broadly,11
reiterate,35
approaching,53
weigh,105
options,159
productive,205
gauge,142
receive,35
prepares,155
feedback,165
eye,81
unfolds,113
seriously,46
biopic,23
satirical,2
frankly,4
beautifully,153
dives,294
connects,103
boundaries,35
redefine,7
success,41
looks,21
incorporates,62
moments,274
fact,42
movie's,19
exceptionally,11
behind,190
bringing,153
true,217
tackles,233
questions,862
showcases,137
human,440
deliver,61
forming,32
format,164
proven,2
younger,48
audiences,51
none,1
imagination,129
live,58
motivational,14
backdrop,42
emotionally,121
accessibility,90
complement,118
received,11
unbounded,1
involves,21
confronting,104
uncomfortable,28
truths,55
ready,213
filled,307
resonating,29
vein,2
barbieâ€™s,12
nuances,67
forth,56
pathway,27
gravitate,7
studentsâ€™,201
blending,172
start,142
elevate,75
tackle,118
accountability,151
multifaceted,115
delving,52
appeals,31
landscapes,18
planning,103
groups,44
immediately,38
trust,27
support,348
voting,31
regroup,6
informative,12
package,30
dreaming,17
tap,16
grappling,355
interest,145
feminist,4
literature,1
supplement,7
benefits,192
marrying,5
initial,29
s,10
seamlessly,12
receptive,29
genuine,61
risk,90
workshop,84
saw,2
topic,105
admire,209
difficult,185
transitioning,119
individualism,13
motivate,48
awareness,238
steer,18
denied,2
confront,314
polarizing,2
steadfast,148
stimulate,122
crossroads,38
sparked,88
sacrificing,62
re,13
evaluate,21
based,110
suggested,22
agreement,93
enlightening,105
differing,98
committee,126
decides,15
leads,76
year,309
limitations,16
carve,30
emphasizes,167
thriving,2
lesson,135
seek,60
informed,148
leaders,114
captures,223
freedom,34
steps,171
extensive,3
case,148
chosen,146
culturally,12
fully,280
precedence,23
listen,50
core,89
collaboratively,18
yield,36
experiencing,69
interested,152
opt,16
reconsider,118
reason,22
drafting,77
involving,52
invested,61
ended,18
give,222
brainstorm,313
turn,13
date,22
heading,36
wait,35
reactions,23
week,61
momentum,41
care,360
meeting,321
storylines,4
intensity,67
subject,101
enter,322
pursuit,30
dreams,157
wide,45
range,53
segment,51
transitional,314
reasoning,61
opening,65
technology,181
state,40
graduation,553
imbue,2
period,87
embedding,6
wonders,5
carry,272
save,4
unity,33
possibly,96
sound,221
thrilled,141
page,61
worlds,94
note,23
close,20
meet,115
runs,7
smoothly,18
notes,9
day,197
aesthetic,40
diminish,22
brilliance,26
fills,2
niche,5
new,195
overstated,15
alongside,297
mental,44
escapism,19
draws,31
shines,23
overwhelmed,125
able,164
establish,28
sort,24
guest,48
speaker,26
bigger,24
sacrifice,11
psychological,9
terrain,1
burden,60
independence,14
principles,4
imperfections,2
quirks,3
balanced,204
effective,33
win,54
parents,222
insight,158
learn,92
rapidly,86
changing,78
profoundly,178
inclusion,14
wherein,3
screened,6
supplementary,56
materials,66
drawing,57
parallels,96
covering,6
stress,63
empathy,31
persuade,13
coordinating,7
clearer,23
picture,33
collective,116
sentiment,52
trying,664
strike,113
health,14
united,11
front,23
contribute,86
gather,175
supportive,136
confidently,29
respectful,75
alienating,13
others,135
other's,18
suggest,123
smaller,21
main,194
sounds,341
solid,108
establishing,12
target,1
focused,124
organized,14
within,302
couple,23
days,38
shoot,1
small,75
aside,23
evenings,1
wednesday,13
thursday,10
people's,6
schedules,2
develop,73
hone,2
timeline,52
lock,2
proceed,87
reaching,85
contagious,1
outreach,7
weâ€™ll,82
forefront,59
arise,136
base,30
standby,1
reconnect,3
responses,59
lot,226
pick,35
dolls,30
feminism,48
todayâ€™s,128
dynamics,26
universally,16
bursting,2
color,6
versus,45
wrapping,12
undermine,10
teenagers,40
always,130
catalyst,175
discourse,136
minds,93
capacity,88
fresh,83
talk,46
participating,8
pronged,1
leverage,18
due,76
notion,86
including,122
showcasing,213
intertwine,23
gap,98
preparatory,2
letting,15
spotlight,54
guide,179
growing,37
entertains,104
educates,16
primed,1
types,20
diverge,5
okay,68
discussed,67
disagree,27
revisit,83
touching,50
writing,40
crowd,6
mean,51
kidsâ€™,3
phenomenon,48
relax,15
reality,127
delivering,65
messaging,58
rejecting,2
theyâ€™ll,182
weighed,59
receptiveness,3
beneficial,213
multitude,8
ignites,26
actions,887
understated,27
things,90
overshadowing,82
linking,16
sensible,2
differ,26
parallel,14
maintaining,168
weaving,46
possible,151
view,178
teenage,3
stem,48
overtly,2
die,1
celebrated,30
remembered,2
spoke,1
consideration,102
evident,111
argue,230
qualities,140
beyond,615
facing,239
aimed,12
audience's,12
needs,254
tailored,15
gets,19
communal,23
brief,98
presentation,125
encapsulates,154
selected,52
engaged,128
affect,68
large,26
theme,93
clearly,79
communicate,27
intentions,37
involve,49
titles,1
along,75
shared,236
responds,6
morality,367
mix,68
easily,20
digestible,21
relaxing,1
long,284
classes,11
imperative,16
grapple,335
fitting,118
molds,32
relaxed,39
activity,100
ties,48
vision,287
function,6
edge,14
direct,22
kids,24
asking,24
question,107
happiness,31
equip,177
tackling,79
opportunities,189
splitting,13
phases,11
pressure,109
conform,38
uncertainty,30
impression,256
juxtaposing,6
weâ€™d,15
went,8
casts,1
firm,260
junction,5
forget,63
differently,23
leaving,92
solidify,36
hereâ€™s,61
layers,76
unlike,9
brilliantly,18
strikes,71
commentary,81
totally,103
triumphs,19
oneself,116
full,75
transcended,1
intended,7
wider,54
demographic,19
surprise,8
initiating,11
figuring,60
media,41
status,15
quo,15
validated,11
backing,4
mindedness,51
wealth,6
shy,85
uses,8
femininity,8
navigation,2
furthermore,134
pervade,1
culture,65
begin,57
transitions,68
frameworks,17
undeniable,22
introduces,25
instance,73
draw,163
faced,144
circles,6
careers,88
seriousness,143
courage,43
consequences,1341
examples,13
figures,32
thoughtfulness,94
brought,71
greatly,104
surface,78
frequently,3
cinematic,251
masterpiece,62
beauty,44
lies,157
humorous,27
intimidating,21
represented,44
pair,52
dig,12
related,120
compare,13
portrayal,39
project,33
reimagine,1
classic,5
fairy,1
tales,2
ideals,17
lightheartedness,148
â€“,70
trivia,3
games,3
skits,1
flesh,8
interesting,104
deadline,26
strictly,5
viewed,6
introspective,36
invokes,8
past,221
liberating,15
realize,38
example,43
1,74
facilitated,11
arrange,31
teachers,48
speakers,34
2,70
barbie's,39
3,65
art,87
poetry,1
essays,2
learned,43
4,53
anchoring,5
laid,23
energetic,19
performances,96
nostalgia,35
mixed,19
twist,6
venture,60
dismantle,1
write,8
standing,33
piece,57
playfully,2
humorously,1
somehow,6
logic,2
picking,5
dear,7
reminder,111
camaraderie,103
weights,2
fair,66
determine,16
achieving,7
let,122
fellow,30
provokes,40
evolution,5
overlooked,76
companion,4
differences,28
thematic,79
contexts,70
framework,184
bridges,14
satisfies,46
grace,1
using,169
priority,21
urgency,43
fulfilling,29
substantial,120
dismissing,26
questioning,33
necessary,201
focal,14
official,12
expressed,14
equal,12
wanting,140
leaves,82
chapters,37
tries,30
define,59
striking,64
attention,121
brilliant,69
focuses,38
consequence,133
mindset,67
harsh,9
avoid,2
keeping,262
poignant,54
anxieties,4
perceived,13
uplift,204
avenues,62
viewers,179
scenario,14
challenged,28
launching,12
pad,7
feature,203
introduced,7
required,9
threshold,16
convince,40
joint,14
contemplate,72
schedule,45
contrasting,20
onto,18
supported,20
youâ€™d,61
respects,80
finalizing,56
added,19
element,57
unpack,42
creatively,69
honestly,35
combination,93
structuring,21
turns,19
several,44
shake,142
reinvents,1
prompting,90
motivated,39
amplify,21
stands,124
grow,44
burdensome,15
capturing,18
adventures,24
accomplishes,22
image,71
adequately,18
equipping,101
embody,25
openly,47
mature,27
capitalizes,1
reimagining,1
lifeâ€™s,26
cathartic,1
release,4
stepping,277
amidst,49
compromising,58
holistic,63
introducing,83
highlighting,170
possibilities,74
tremendously,6
outline,158
caters,28
catchy,34
soundtrack,33
shaped,100
skills,159
happening,5
somber,53
assignments,7
essentially,10
analyze,39
evolving,57
dominated,3
poised,14
landscape,101
establishes,3
likely,131
includes,55
references,13
delights,1
appears,19
defer,3
desires,24
entire,27
flick,5
baggage,3
body,48
exceptional,67
perception,26
mood,123
material,139
unwind,29
determination,15
box,34
meaning,31
intention,47
fervor,3
vehicles,2
delightful,42
rooted,58
chord,20
reflected,33
overlooking,18
everyday,29
sentiments,55
simply,74
analysis,30
loud,14
discount,5
starts,2
center,37
dealing,32
requires,47
sprinkle,2
participants,10
significantly,85
impacts,134
land,21
pitting,2
recognized,7
arises,7
collide,3
attuned,2
fruitful,36
innovative,29
circling,2
conduit,4
paving,13
mutually,13
exclusive,5
companions,1
comforting,8
weighing,38
faculty,17
reconvene,35
conventional,11
manages,13
occur,5
havenâ€™t,11
imprint,9
pondering,14
oneâ€™s,84
festive,32
source,23
extend,71
getting,35
polling,38
exhausted,5
mold,9
story,208
standards,25
contrast,69
admirable,105
critique,12
complements,35
hugely,4
dialectically,1
interpretations,23
ambitions,37
gravity,204
currently,30
forum,49
showings,6
acknowledges,60
distinct,26
contributions,45
pre,49
sets,60
interplay,10
exemplify,4
pursuing,34
equipped,77
welcomes,3
wrestle,21
reasonable,23
comprehensive,81
joys,21
beautiful,28
harmony,2
parties,3
draft,148
approval,8
strengthen,14
convey,68
introduction,80
outlines,9
lays,9
groundwork,27
thus,22
educators,28
lastly,14
works,38
evening,19
cafe,1
refine,25
wrestles,1
varied,27
female,6
underestimated,14
relationships,30
maximize,23
responsible,82
notable,3
covers,23
daily,27
inundated,7
themed,64
blends,25
lingers,6
credits,61
ignored,5
comfortably,5
action,46
instigate,24
components,37
generationâ€™s,5
circumstances,8
imposes,21
restrictions,4
downplay,9
sees,2
capable,22
powerfully,47
wisdom,18
stakeholders,7
unveil,2
community's,4
outlining,33
initiative,18
join,15
welcome,17
itâ€™ll,28
calling,6
conclusion,76
verge,58
evoke,73
foremost,17
struggle,26
excitedly,1
whereas,18
initially,28
linger,22
uncomfortably,1
seeking,60
coupled,19
times,41
wholeheartedly,103
supporting,84
positions,28
colors,14
storyline,27
alternatively,7
scenarios,33
wind,2
purposes,30
timing,19
gearing,4
finals,5
outlet,4
hectic,1
friendship,47
bond,26
scheduling,30
aiming,58
fundamental,32
difference,22
finish,7
embraced,5
promises,5
portrays,24
lie,43
pleasure,49
lands,3
fascinating,47
palette,2
becoming,38
touchstone,7
encapsulate,20
distant,15
darker,26
discouragement,1
readily,16
launch,7
fueling,5
amid,13
mirrors,26
juggle,2
subsequent,25
enchanting,2
doorway,6
naturally,22
explored,92
enthusiastically,5
aesthetics,22
lighten,25
imparting,41
familiar,14
beloved,5
pushes,58
alternative,29
guided,57
settle,22
layered,47
keeps,14
continuing,67
enhancing,36
programming,25
detailed,5
program,36
separate,53
agreeable,16
settled,7
plans,61
unconventional,5
philosophical,48
constantly,19
capture,136
incredible,78
showcase,133
didactic,1
contemplating,32
invitation,21
stresses,4
posed,35
marry,16
guiding,62
adding,39
5,47
individuals,205
shifting,5
shaping,249
addition,40
information,19
edit,1
order,4
filmsâ€™,35
handle,24
sending,9
respond,81
mere,39
transcends,39
exterior,3
commend,39
impending,44
compromises,36
dedicated,30
nudging,5
ideal,47
meant,18
elicit,17
advocacy,75
joyfully,11
hash,3
pressured,12
certain,25
successful,19
knowledge,174
relating,10
dramas,9
inform,34
regard,16
paints,6
thrive,11
imposed,2
laying,15
examining,25
factor,51
relates,24
character,92
pursue,50
boxes,6
leadership,63
equips,39
uncertainties,38
reminded,5
defined,11
demonstrate,13
bold,8
tools,113
intersection,15
underscore,5
paves,7
instilling,47
opposed,10
tandem,18
role,163
entrepreneurship,2
demonstration,1
propelling,2
intuition,3
tells,14
act,26
contributing,5
call,34
intertwines,12
constraining,1
burdens,18
characteristics,2
achievement,63
dismiss,44
visualize,4
pivot,20
catalyze,21
selfhood,1
remind,13
illustrating,10
invaluable,251
evolves,5
ownership,17
visualizing,1
realization,8
creators,14
grasp,27
nearer,1
assert,8
promising,18
mindful,12
blossom,4
unexpectedly,1
energize,20
limits,6
gladly,13
prospect,20
validation,1
passions,20
highly,46
steering,13
richness,53
amusement,3
faces,20
adamant,12
influenced,9
weightier,22
upbeat,33
substance,45
hero,1
successfully,7
dampening,3
adventure,20
shapes,47
discounting,3
mixing,17
conveys,52
opposing,2
stay,56
depicted,44
adapt,6
opposition,2
avenue,73
relation,37
enabling,27
nevertheless,26
prioritizing,106
accommodate,3
preference,78
champion,43
superior,65
passively,3
educative,2
glamorous,1
innovation,580
gain,62
breakout,27
singular,20
accept,23
visions,52
closing,18
revisiting,12
betterment,3
school's,6
immediacy,5
scientific,680
advancement,165
lends,4
reminds,14
springboard,75
excels,16
comedy,10
exclusively,2
appreciated,23
healthy,19
arenâ€™t,14
laugh,60
flexibility,54
graduates,101
smiles,7
allowed,4
hanging,2
vibe,37
wonâ€™t,16
slightly,6
parts,14
supplemental,30
schoolers,19
acceptable,22
wins,9
equality,15
generates,4
doors,36
head,153
standalone,7
associate,1
second,13
proposed,31
pitch,14
little,31
suggestions,102
ears,20
wings,1
history's,14
portrayed,45
constricting,3
guess,11
occasions,6
feasible,14
saying,40
intellectually,152
highlighted,56
confirm,7
counterbalance,15
beginning,32
replete,1
models,4
instrumental,5
staying,6
external,9
generated,11
medium,22
synergy,12
prioritizes,21
likewise,6
gripping,17
toys,7
broad,21
artistry,43
tastes,4
tool,38
empathetic,2
attract,8
rethink,3
intellect,22
discover,10
incubates,1
forms,31
speak,34
zeitgeist,5
monumental,55
proposing,56
ballot,4
recognizable,1
title,2
illuminate,18
equitable,2
attendance,5
presentations,5
talking,22
quotes,12
enriches,27
exemplifies,8
helpful,11
accolades,1
reinforcing,25
bolster,6
expanded,2
visual,73
aids,7
trailers,4
anecdotes,9
illustrate,19
humanize,1
curate,13
assign,7
alternate,4
division,3
dimensions,36
handout,15
resource,5
takeaway,38
developing,26
elite,1
purely,17
endorsing,1
fondly,26
cherished,7
lifetime,5
favor,87
accompanying,11
maturity,49
detracting,9
educating,18
nonetheless,31
displayed,2
issue,23
sparkles,3
breaks,12
embraces,66
forging,12
prevalent,12
eventually,12
style,23
grand,10
scheme,2
whoever,6
run,32
crave,13
adolescents,6
guidance,9
diminishes,1
intensive,1
tapestry,29
starters,13
definition,8
contrasts,11
heavily,61
succession,2
assemblies,20
diverging,2
addressed,25
anywhere,1
earnest,5
ages,4
conveyed,9
instantly,1
stir,9
lighterhearted,1
course,26
overlook,88
despite,66
top,26
teasing,2
condition,45
welcoming,24
impressionable,3
revel,11
uphold,6
mistakes,5
delivered,8
night,31
progress,122
memory,17
evaluated,2
thoroughly,35
embarking,18
tones,27
gently,12
traits,21
bombarded,8
wellbeing,7
risks,14
states,2
unknowns,3
becomes,21
lift,16
bright,29
enveloping,2
endless,1
aspirational,3
robust,60
hurdles,1
overcome,3
burdening,4
implore,3
volumes,15
dedicating,6
urge,31
proud,9
are.would,1
unfortunately,17
inclination,56
unyielding,1
continues,10
shed,5
bound,6
affirmative,1
advancements,205
quest,8
catering,22
rejection,1
precisely,16
tonight,4
explorations,15
lines,38
communication,48
animated,4
myriad,17
craves,4
affirmation,20
digest,11
potent,10
levity,43
says,2
noting,13
instills,21
convictions,28
goals,87
meetings,7
rigorous,22
situation,20
trend,1
practical,12
exposed,10
breakdown,2
constructing,1
poll,94
method,15
comprehensively,3
pave,34
initiatives,25
forums,8
clubs,3
single,20
mention,50
started,43
sections,10
labor,1
efficient,2
efforts,40
flows,14
jot,7
respective,47
compile,8
cohesive,26
shortly,8
perfectly,99
dissuade,1
anchor,6
speaking,5
women's,1
evolved,2
merge,55
admit,16
ball,8
rolling,13
thinks,35
taxing,4
supposed,5
momentous,13
disappointed,2
spent,19
dense,27
emulates,1
aligning,24
reserve,1
study,9
inject,3
youthful,7
reaches,7
walking,8
renewed,6
milestones,6
ushering,1
limitless,8
used,7
push,55
remaining,12
bordering,1
spirited,39
endeavors,91
historically,20
charged,6
generation's,9
inner,2
harmonious,4
underscores,8
wield,3
accountable,2
component,22
suited,37
discusses,6
concluding,11
vivid,3
created,21
perceive,14
inspirational,33
threading,4
leans,61
newfound,9
lack,32
comparison,18
harnessing,2
echoing,8
urging,15
matches,7
celebrations,26
suit,4
beginnings,8
brainstorming,59
spoken,1
fluid,1
standstill,17
hearts,25
workable,6
charts,2
captivate,43
sidelining,10
active,19
never,3
insistence,13
afraid,14
energizing,12
unresolved,1
happily,3
collectively,18
hopefully,59
hello,22
impressive,10
widespread,1
approached,26
illustrated,6
movements,2
expect,21
changes,37
positioning,5
segue,7
philosophies,1
undertones,17
root,2
sitting,3
beforehand,15
curiosity,72
led,19
experts,5
reservations,15
disconnect,4
finally,9
absorb,8
inadvertently,14
barriers,18
showcased,28
conduct,16
route,40
latch,1
dilution,3
strategic,2
receiving,2
diminishing,12
unite,18
multi,24
integration,5
mentally,6
contextualizing,4
ending,5
efficacy,2
model,5
refining,13
enrichens,1
decided,5
hook,4
resonance,80
enthused,1
diametrically,1
structures,6
critiques,4
tomorrow,4
pointed,5
hallmark,1
talked,3
allure,28
consume,2
trusting,2
tough,84
conformist,1
identify,18
women,4
mark,29
plants,1
seeds,8
farewell,6
spaces,6
rite,4
passage,4
solidifying,15
somewhat,16
definitive,7
attributes,12
enlightenment,11
kinds,37
jump,3
motivating,18
proceeding,4
meanwhile,6
unfold,16
families,4
applicable,18
decompress,5
tackled,3
restrictive,4
accompanies,6
booklet,2
deserves,89
unapologetically,10
tier,1
undergoing,5
liberation,2
championing,22
exams,12
looming,9
impose,11
strict,2
intimately,3
mentioning,6
primarily,32
sorts,3
augment,3
inventive,3
interpretation,2
layering,7
advantages,7
resolute,7
togetherness,12
spades,12
surely,28
college,47
applications,15
indulge,1
short,59
deny,9
showed,3
nail,2
theyâ€™ve,42
craft,51
statements,6
entice,1
snacks,5
goodies,1
cookies,3
home,14
tangible,19
detailing,6
administration,5
tasks,10
figure,35
widely,4
brightness,3
suitability,1
distinctly,3
floor,41
anyone,16
satisfying,11
iâ€™ve,17
noticed,2
generating,8
hadnâ€™t,3
hesitate,9
stirred,1
gathered,7
supporters,1
hopes,18
pressing,54
overshadowed,12
constructively,8
manage,4
portray,3
carried,3
marks,7
attitudes,1
objective,9
noted,1
tying,21
scene,6
duality,27
accomplish,19
existential,27
dread,1
diluting,12
disappointing,4
grateful,54
debate,48
breath,8
air,6
smile,11
panels,20
igniting,15
motivation,46
ripe,9
bases,4
longer,13
term,84
left,10
everyoneâ€™s,40
heard,55
intent,28
looked,6
everyone's,49
classroom,42
majority,73
examination,39
contend,46
fits,12
bill,2
magnificently,1
periods,2
chart,6
continually,3
belittles,1
mortality,1
formation,12
phenomenal,11
job,23
quests,1
specifically,22
viable,16
midst,5
educator,2
coin,2
commit,15
raised,75
emerge,43
embodied,9
initiated,11
infused,6
thereby,7
minded,19
considers,7
explain,36
acknowledged,4
confronted,10
rotate,1
imaginations,12
lay,15
conjunction,12
integrity,31
shine,45
rewarding,32
outlined,15
strategy,27
lots,1
science,280
drive,19
artistic,55
rigor,23
taken,51
unpacks,3
awakening,2
diversities,1
poses,31
kindness,5
manifest,5
acknowledgment,5
cautionary,15
tale,17
discovering,15
closer,23
characterized,2
proposition,15
desperately,5
lost,13
resonated,9
firstly,83
music,16
atomic,152
cinema,41
consumed,1
expand,7
capstone,3
enrichment,12
deepen,37
kickoff,3
firsthand,2
recounting,6
chase,7
confines,7
foundational,30
experienced,9
alright,8
satisfactory,2
roll,63
footing,1
zoom,1
coherence,1
flow,15
caught,4
hits,1
placing,22
approachability,10
offered,69
utilizing,13
decisive,5
compels,22
similarly,13
needing,10
fertile,2
ups,5
signifies,1
appreciating,13
heads,6
team,15
youths,3
fantasy,4
amazing,25
laughs,10
teamwork,10
cinematography,114
usually,4
formulating,3
retain,1
magical,3
fronts,6
integral,19
laughing,8
solutions,17
pressuring,1
toll,4
alienate,10
superficial,10
woven,27
imagining,1
rigid,10
classifications,1
observing,2
bonding,19
threads,2
wants,3
fulfills,9
operate,2
emerging,18
comedic,15
tumultuous,5
rights,2
grounded,24
compliments,1
commonality,2
culminating,1
merely,50
beacon,3
inevitable,4
associated,16
dedicate,6
mirroring,8
legacy,93
pass,6
central,26
adopt,3
indirectly,3
holistically,8
realizations,4
echo,17
denying,16
plenty,11
schooling,2
partnership,11
universal,12
checking,1
invited,1
motion,12
distributing,3
lunch,8
informally,1
buzz,7
interactions,8
simple,35
extra,3
results,40
got,16
section,9
formatting,1
online,14
easiest,2
access,6
quickly,6
google,12
user,2
friendly,4
data,6
circle,12
transparency,2
managed,3
straightforward,7
fill,4
broadcast,1
evaluating,9
treat,3
lightening,5
personalities,3
harmoniously,1
tune,10
dark,10
dilute,49
mainly,5
completion,1
aspiration,11
returning,9
opting,16
stems,17
fabulously,1
reassess,4
integrated,7
benefiting,5
morale,8
inaccessible,1
strain,1
encountering,18
suggesting,40
triple,1
preview,2
faceted,14
notions,16
complicated,30
anxious,5
inhabit,11
homework,1
ponder,79
advocates,4
agreeing,9
stylish,2
stressed,7
versatile,2
factors,9
processes,18
assumptions,3
juxtapose,3
contemplations,2
sequentially,1
crux,4
anticipate,9
nicely,6
frames,5
seeks,4
outcomes,34
respecting,24
add,95
practice,2
articulating,7
6,16
ons,1
across,40
foot,2
pigeonhole,3
seemingly,7
holding,22
conversely,8
instant,4
organically,8
fairly,2
informal,16
upfront,4
sent,3
strategize,2
list,20
revealing,2
biases,1
mixture,6
unifying,3
energized,22
anticipation,8
accomplishment,6
expansion,2
adept,2
educate,23
spans,3
oppenheimerâ€™s,23
posters,5
essay,1
playing,7
another's,2
activist,2
professional,22
stellar,7
romp,5
perceptions,15
wondering,4
expressions,9
gravitas,26
analogous,1
non,4
generous,1
ideally,6
unites,1
necessitating,1
honing,1
sheer,17
enjoyed,25
driven,19
genders,2
dimensional,5
cultivating,19
officially,17
redefining,9
ins,1
disheartening,3
array,13
separately,13
thorough,10
hard,70
sufficient,3
grounding,15
diverges,1
magic,6
shown,41
response,66
confusing,3
thoroughness,2
directions,2
wellness,3
succeed,3
stimulates,34
it'll,20
confronts,17
outright,2
pulling,7
encapsulated,4
devoting,1
combating,1
flourish,7
watched,6
comparing,3
teachings,3
attachment,4
centerpiece,29
complemented,5
rally,8
alumni,5
besides,3
collecting,2
digital,15
(like,1
blog,1
forum),1
promotion,7
promotional,17
campaign,3
additions,9
enhancements,2
weeks,2
ample,10
availability,1
email,13
overview,21
committee's,3
plaing,1
reply,2
sign,1
(if,1
streamline,3
responses),1
thanking,2
recipients,1
involvement,13
adjustments,19
compiling,2
government,1
tentative,2
knows,8
meantime,12
number,4
transformed,1
career,20
popular,8
captured,8
book,4
grim,4
palatable,6
threatening,2
load,2
arcing,1
puts,4
spin,5
justice,11
magnetizes,1
leap,7
affects,2
attending,8
recent,10
generations,19
carrying,5
bandwidth,1
reliable,1
friendships,9
planting,5
cherishes,1
recognizes,19
debates,26
chatter,1
participate,34
normalize,1
triumph,7
developed,6
pulls,4
fusion,4
facilitators,21
review,15
assist,4
detail,4
built,8
fruition,8
mixes,3
cleverly,11
pop,20
secondly,15
typically,7
dessert,1
menu,1
sweetness,1
appetite,1
mapping,2
assume,2
daring,1
waves,6
demographics,2
reframe,3
boost,16
chock,1
intact,5
navigates,4
carving,5
oppenheimer's,81
handed,11
spheres,2
inclusiveness,2
academia,6
linked,2
legacies,10
distinctive,4
grass,1
roots,3
smart,4
relief,14
pensive,2
shorter,4
clip,11
allocate,12
30,6
40,3
minutes,15
10,9
15,9
minute,5
20,6
slideshow,4
stereotypical,2
shying,22
erase,1
spur,34
festivities,7
gone,3
pause,6
tell,13
progressive,3
recently,2
masculinity,2
girls,2
boys,2
continuity,1
scope,4
touched,6
counterarguments,4
fabulous,3
charactersâ€™,4
noble,6
fostered,10
expressive,2
reckon,3
deciding,9
assess,20
unearthing,1
control,1
hands,23
account,34
cases,9
whenever,5
unrealistic,2
correct,3
headed,17
consistently,5
fashion,6
leaned,6
introductory,5
alluding,1
whole,41
dismissed,5
envisioning,6
uncover,6
layer,40
interpret,2
contrastingly,1
synthesize,4
undertake,2
pinpoint,2
categories,3
(barbie),2
(oppenheimer),2
persuasive,6
dividing,4
written,5
polish,2
document,5
drafts,4
luck,6
catch,16
inevitably,94
stone,10
relational,3
transformation,4
hitting,7
tuning,1
foundations,4
â€™s,2
appropriate,21
encapsulating,4
gatherings,5
done,11
overlap,5
chaos,1
result,14
impacting,5
predefined,4
echoes,5
maintained,2
presence,1
prompted,34
settings,13
detached,2
marking,4
recommend,2
road,16
boldly,8
aesthetically,1
searching,4
uniformly,1
follows,11
substantive,26
pose,9
knowing,22
examines,13
plates,3
stimulation,14
couldnâ€™t,8
recognition,6
valued,11
â€˜barbieâ€™,3
â€˜oppenheimer,1
â€™,1
impressions,28
political,6
double,33
reconsidering,18
theyâ€™d,9
oppenheimerâ€™,1
chose,9
drafted,6
(select,1
apply),1
(please,1
specify),1
enlighten,7
meanings,4
revised,3
distribute,13
weekend,4
monday,3
witty,5
worthy,15
extremely,17
harder,4
formal,5
casual,8
loose,4
realizes,1
normal,1
felt,5
innovators,26
cost,4
facilitates,10
garner,5
supports,19
partner,7
stimulating,87
integrates,6
eagerness,4
emphasized,9
amenable,7
morals,1
nearing,9
striving,11
general,4
area,1
otherâ€™s,4
company,2
fluidity,4
therapeutic,2
encompass,19
willingly,2
adjust,13
accordingly,3
diverting,1
maturation,3
viewings,1
scheduled,3
splendidly,2
deter,11
theater,5
falls,6
adultâ€™s,1
sincere,7
ultimate,8
lecture,11
expanding,5
distance,3
influencing,7
incorporated,5
portion,6
imperfect,1
anthem,1
scaffold,3
nurtures,12
epic,4
franchise,3
wrestling,10
disconnected,8
year's,1
looms,1
hefty,1
flexible,8
joyously,3
immersive,15
global,97
mentorship,5
bear,7
counselors,3
overcame,1
paralleling,8
cement,1
icing,1
cake,3
wrong,8
witnessed,1
shifts,2
illustrates,24
complementing,5
debating,5
ensures,35
childrenâ€™s,1
semester,6
version,2
divide,6
construct,3
accurately,5
complete,5
tweak,6
styles,5
satisfy,22
playfulness,5
cut,2
arguing,2
gauging,12
inquiry,12
exposure,35
documentary,1
intrigued,11
marries,2
stakes,27
count,4
spectacle,6
link,16
reaction,2
assurance,2
(e.g,6
schoolâ€™s,6
portal,1
collected,1
lets,8
connectivity,9
plays,16
minimizing,5
hindsight,2
studies,20
marketed,1
boils,6
builds,8
sends,6
passes,1
fond,8
carefully,8
honored,6
morning,2
venue,1
hour,6
54,1
hours,2
stagger,1
doable,1
updated,3
healthier,2
recharge,1
rejuvenate,1
dampen,3
swayed,12
detract,20
stalemate,18
else's,2
exposing,135
cultures,2
communities,5
track,13
heightened,3
scale,39
established,5
backgrounds,17
adolescence,4
etc,3
comparisons,5
party,3
eclectic,1
gaining,7
reveal,5
harness,20
eyes,10
centers,9
worried,5
illuminating,10
standpoint,11
realms,2
sandwiching,1
considerate,4
icebreaker,10
competing,2
complementary,33
near,14
yearâ€™s,1
rebellion,1
excite,5
responsibly,18
hesitating,2
straying,3
awe,3
nurtured,3
autonomy,4
exhibited,2
judgment,8
pathways,14
far,149
apart,10
group's,12
hosted,3
academically,11
nourishing,4
demonstrates,16
major,16
wanted,1
drawback,2
chaotic,1
nurture,22
richly,3
hit,12
trivializing,4
bears,1
wraps,5
earnestness,3
society's,6
unsure,3
shoulders,4
almost,5
storm,1
sail,1
lonely,1
validating,1
secondary,16
correctly,12
understands,6
formulate,1
excites,9
collaborations,13
thrilling,3
gallery,2
journaling,7
creations,4
implementation,1
timelines,2
onboard,10
specifying,1
finalized,9
happen,48
wisely,2
obligation,3
invigorated,6
clarify,13
cast,9
bombards,1
narrow,7
definitions,2
deem,2
reframes,1
reconcile,17
societyâ€™s,4
promoted,2
pretty,2
sensing,3
contextualize,17
frank,1
calls,19
harnesses,3
drives,7
broaden,15
stake,3
referring,1
achieved,10
depicts,3
representations,5
portraying,6
interaction,8
genre,3
testament,5
limited,10
pitching,4
sadness,1
preserve,3
unanimously,1
camp,6
intricately,4
imposing,1
varying,6
selections,8
communicating,5
agreed,8
reprieve,4
conveying,16
standout,5
festival,3
guarantees,1
predominantly,4
designed,12
unnecessarily,2
fiercely,3
fuel,9
swung,1
life's,36
positioned,11
jubilant,5
rejoice,1
reception,7
bittersweet,1
alike,7
ethically,10
proximity,1
channels,6
newsletter,4
owning,2
conveniently,1
iconic,2
grown,3
majority's,6
weighs,6
validate,3
happens,9
pickle,1
defying,2
hint,1
usher,1
innate,2
fundamentally,21
achievable,4
asks,19
offerings,5
service,3
dates,2
principle,1
comfort,20
reacting,1
versatility,2
club,6
souls,1
generational,4
identifies,3
neither,5
man,9
woman,2
baking,7
contest,8
briefly,13
outfits,2
bake,2
trip,2
artistically,5
ease,19
handles,4
masterfully,13
unanimous,2
unimaginable,1
description,3
rate,3
representative,2
easy,14
distribution,9
collection,2
explaining,5
b,1
(1,6
interested),1
[1,2
scale],2
(open,4
ended),3
comments,7
concise,3
dictates,2
grapples,12
typical,17
piqued,1
arm,9
witnessing,17
relatably,1
expects,1
bounds,1
surveying,7
prefers,3
extent,9
favorite,8
borrow,1
coordinate,15
expectations),1
modify,7
digitally,1
website,2
via,5
announcements,7
collect,5
announcement,15
platforms,2
pages,2
grabs,2
catching,4
graphic,4
ðŸŽ¥,1
announce,2
[insert,1
here],1
[one,1
today],1
print,1
copies,1
distributed,2
multitiered,1
improving,1
precedent,3
unwelcoming,1
raising,7
correlates,1
capitalize,4
meditation,1
multidimensional,4
attracting,3
intimidated,3
essentials,2
outing,1
friends,11
bonds,4
oppressive,2
match,17
cooperation,5
sophisticated,6
comparative,3
importantly,8
dialog,2
fabulousness,1
strive,14
wise,7
reminiscent,3
undervalue,2
uncertain,13
quandaries,33
provided,40
inputs,3
repeats,2
adapting,2
bat,5
summarize,11
children,2
impacted,5
redefines,1
ends,23
winning,4
parent,10
informs,9
war,29
tremendous,23
lifting,8
fulfill,10
delighted,4
revelations,4
lightheartedly,1
intentionally,4
reduce,2
intimidation,4
breadth,4
effectiveness,3
sources,3
conversational,5
co,9
summarizing,2
arriving,2
grew,3
urges,9
preconceived,3
analytical,18
requirement,1
invigorating,10
nostalgic,7
inherently,24
altogether,3
downs,3
adamantly,2
successes,8
thankful,3
anew,1
cheerful,10
commemorate,2
worked,6
contains,4
defense,17
grave,8
staunchly,3
cultivates,17
influential,9
analyzing,9
thing,12
utmost,2
bogged,6
reminders,4
discourage,3
justify,3
hot,1
validates,4
warm,20
weaves,9
moderated,6
guides,8
appreciates,4
charge,9
happier,2
effects,39
unparalleled,67
super,3
siding,1
innovations,14
evokes,6
vibes,11
deal,12
odds,2
fearlessly,2
verbally,1
processing,8
polls,4
conscious,11
tapping,4
reinforcement,7
held,8
vibrance,6
mocking,1
musical,2
repercussions,54
injecting,1
rank,1
flowing,11
paint,2
suggests,2
chatting,2
figured,1
elevating,8
longing,1
recommendation,5
gained,10
acclaim,3
struggling,5
sequential,2
message's,1
casting,1
shadow,3
robustly,1
suffer,1
perfection,2
organic,3
foresee,4
tricky,1
contention,5
postponing,1
cohesion,1
riveting,11
worthwhile,21
descriptions,4
person,4
sits,1
palpable,5
comic,2
wishing,11
undergo,3
depicting,1
laden,7
exuberance,6
attempting,3
quantify,1
attendees,10
safer,3
mission,9
socially,12
endorse,5
precipice,9
academics,5
yearning,1
accommodates,1
transforming,3
voiced,2
reminding,21
criteria,4
intertwined,7
negating,4
stimulated,3
fast,8
paced,6
dictated,2
thrives,2
teach,17
knock,1
recommending,2
spearhead,1
enforces,2
humanityâ€™s,8
nights,2
staff,3
arrangement,9
reacts,5
geared,4
situations,47
sensitive,2
warms,1
radar,2
sticks,5
methodical,1
derive,5
groupâ€™s,4
unknown,7
disservice,6
statistics,2
spot,19
images,3
personalize,2
rehearse,4
stills,2
practicing,1
engagingly,3
rehearsal,1
believer,3
mashup,1
pleases,1
landing,1
gentle,5
denotes,1
rooting,4
pursuits,11
simplicity,2
season,3
collaborator,2
lacks,16
hungry,1
pique,6
bid,1
permission,5
talks,4
nerves,1
whirlwind,4
priorities,21
classrooms,7
thread,4
either/or,3
mesh,4
swiftly,2
defy,6
stretch,11
overwhelmingly,11
depths,8
warrants,8
food,9
fancy,1
bravery,2
lightens,1
loudly,2
statement,2
past's,1
transformational,8
goers,1
buffs,1
stark,19
mightily,2
manageable,1
graduations,2
sweet,4
infusing,6
itâ€™d,1
satisfied,5
script,4
roundtable,6
deepening,2
stubborn,1
truthful,1
infuses,1
overarching,10
affirms,4
complimentary,1
negotiate,7
captivates,12
cleanser,2
immerse,7
taste,6
feast,3
weightage,1
execution,3
conventions,2
warrant,3
knowledgeable,2
treating,2
facilitator,8
chew,4
upper,2
formalize,1
sequence,4
afternoon,6
awesome,5
thatâ€™ll,3
accessing,2
awaits,5
beneath,5
advantage,11
ingredient,1
spend,4
burst,2
optimal,4
eat,1
sharp,2
lenses,10
expansive,2
probes,2
arranging,7
rounding,1
effect,7
illustrative,1
trumps,1
voiceâ€“â€“all,1
environments,6
jumping,2
abstract,7
embodying,5
weighted,2
outweigh,8
fluff,4
finishing,1
suppose,4
proactive,10
flyer,6
incentive,1
respondents,1
raffle,1
gift,6
card,1
announcing,1
mid,2
person's,4
negotiation,7
forgotten,1
unless,5
sways,4
contradictions,1
apprehensive,2
imbued,1
lovely,5
probe,1
bounce,3
aid,15
poster,2
reference,13
completed,1
outgoing,3
searches,1
utilizes,3
differs,3
moralities,1
halfway,14
identification,4
exact,2
stays,5
companionship,1
reel,1
venturing,5
aims,10
busy,6
event's,2
technological,76
disregarding,1
referencing,2
enormously,3
merges,5
accompanied,6
limitation,1
acknowledgement,1
triggered,1
landmark,1
architects,1
joviality,1
demonstrated,2
lifelong,3
accomplished,5
tribute,1
brightly,1
upliftment,11
youâ€™ll,4
older,7
cookie,5
decorating,1
eagerly,1
respected,3
accepting,5
simplifies,2
targeting,8
clouding,1
tenacity,4
investment,3
capacities,6
believed,1
fresher,1
auditorium,2
resist,1
contain,6
urgent,5
depictions,1
stitching,1
anchors,1
tried,3
convincing,5
massive,2
interlude,1
provoked,4
era,16
rapid,18
adaptations,1
infuse,23
lend,6
surpassing,1
fraught,7
necessities,1
admittedly,1
solemn,4
interwoven,1
vitality,2
intrigue,4
preparedness,9
spurs,1
expected,11
assigns,1
underestimating,24
task,2
wholly,4
thematically,6
strategies,14
counterproductive,1
obvious,2
nuclear,22
scientist's,1
exclusionary,1
partake,2
genres,3
teaming,2
features,14
oriented,4
imitating,1
conforming,3
afterthought,3
narrowing,2
caliber,3
targets,2
crises,5
lately,3
rollercoaster,1
revitalized,1
increase,3
infectious,5
funneled,1
alignment,3
intrinsic,6
attribute,1
counterpoint,6
favorable,2
visualization,1
troubling,1
conducive,8
huge,4
owe,24
polarized,1
irreplaceable,10
disagreement,4
pragmatically,1
encompassing,1
tender,1
textured,1
pure,2
reverberating,2
invigorate,3
remarkably,1
prove,10
disengaging,3
pros,5
cons,5
flair,3
explosive,1
civic,4
conclusions,4
assembly's,5
tweaking,3
movement,2
lowers,1
synthesizing,2
opposite,1
score,5
workforce,26
higher,15
channel,10
existing,4
came,7
diversifying,1
confined,5
destinies,4
kickstart,3
polarization,1
await,15
songs,3
learnings,4
preparations,5
equity,2
normalizes,1
neglect,2
numerous,8
frivolous,1
divergent,5
touchstones,2
rigors,3
multipart,1
adventurous,4
handedness,1
tragedy,1
expands,3
akin,6
cyclical,1
evolve,11
indulging,2
relieves,1
coherent,3
committing,11
absorbing,4
steady,5
paradigms,1
steers,1
incorporation,2
local,13
historians,2
labels,1
corner,1
deliberate,2
conflicts,12
explorative,3
embedded,21
guilt,4
conflict,9
fairness,1
sociocultural,1
majorityâ€™s,4
shot,6
fleeting,5
mode,2
heartened,1
converging,2
networks,1
invoking,5
realism,2
everybody,2
bypassing,2
respite,1
coping,2
heighten,3
advocated,3
skill,28
dynamically,3
entryway,1
contender,14
counterpart,1
student's,4
nuance,16
inquiries,14
system,4
compares,2
receives,2
measure,4
assets,2
attributing,1
pokes,1
deconstructs,1
overtones,1
dwell,2
maximizes,4
nudge,3
sum,2
radiates,2
infinite,1
costume,4
photo,7
booth,7
iron,4
principal,2
dress,3
grabbing,1
coffee,4
field,10
supporter,2
reserved,2
buoyed,2
appropriately,4
personas,1
promise,6
droves,1
highs,2
lows,2
grant,2
meld,5
immersing,4
scrambling,1
passive,5
pointing,2
rely,3
worldly,1
resolve,5
viewer,2
messy,1
mounting,2
pack,1
punch,3
theheavy,1
wayto,1
rockin,1
tempers,1
studying,2
chore,1
ride,4
atrocities,1
reflectively,2
surpasses,5
consumer,4
unconvinced,5
subtle,2
excerpts,4
abrupt,1
warmed,1
motivations,5
multilevel,1
critiquing,1
effortlessly,2
touchpoints,3
disengaged,2
defend,1
candidly,4
candidate,3
news,1
negate,7
early,7
ingenuity,9
production,3
audienceâ€™s,1
engulfed,1
utilized,4
propel,4
defines,2
packaging,1
deftly,1
bogging,1
extension,2
harm,1
precarious,1
overcoming,3
exposes,3
vantage,1
interconnect,1
juxtaposition,12
â€˜oppenheimerâ€™,2
â€˜barbie?â€™,1
intimate,10
internalize,1
classmates,6
shiny,1
lower,2
barrier,1
attached,4
lowering,2
defensive,1
walls,7
beat,1
fulfillment,5
waiting,3
delay,2
broadens,3
intricacies,53
affable,1
plant,2
awaken,2
downplaying,2
fears,4
actualization,1
improve,3
unlikely,6
converge,5
realm,10
packs,2
incite,5
size,1
alternating,3
segments,9
ranging,2
kindly,2
vastly,2
sheds,3
resonances,2
homogenize,1
folks,3
overbearing,1
escapade,2
dictate,2
childhood,5
joyfulness,5
toy,3
enliven,1
succumbing,1
spring,2
welcomed,1
hustle,2
exist,6
rife,7
translates,1
driving,6
methods,7
doorways,1
historyâ€™s,2
sequel,2
forces,21
votes,6
vividly,2
teacher,3
invigorates,2
equation,1
unease,1
demanding,4
spending,2
engrossed,1
forced,1
territory,1
contemplative,9
symbolize,2
topical,1
basic,1
rejuvenated,2
graciously,1
defending,1
fuels,4
championed,2
stances,2
yielding,1
stressors,1
edifying,1
centering,6
productively,2
harmonize,7
fields,35
deserving,6
steping,1
excessively,1
packing,2
revolve,2
fluctuate,1
refreshed,1
battling,1
intentional,2
depending,5
bakes,1
enjoys,2
nourishes,1
soul,1
silliness,1
surprised,4
movieâ€™s,5
recipe,3
flavor,1
possess,2
supplementing,3
pulled,1
turning,21
agenda,11
reasoned,1
simplifying,2
cohort,2
force,4
succeeds,2
exploratory,2
recommended,2
participated,1
specialize,2
areas,22
professionals,2
familiarity,3
normally,2
signals,1
coupling,6
groundbreaking,18
careful,5
divides,1
motifs,1
fare,9
garnering,1
studentâ€™s,1
switching,3
outlets,2
aftermath,1
loved,2
contribution,2
minimize,3
admiration,2
confusion,2
stifled,1
ripple,12
generally,1
opener,3
dignity,2
proposes,1
buzzing,2
glimpse,7
exudes,1
possesses,4
ignore,7
bottling,1
useful,8
favorably,1
indicate,3
communications,1
overshoot,1
class's,2
preserving,2
packaged,5
surroundings,3
voicing,2
problem,1
solving,1
candidates,1
systematic,1
contributes,6
research,6
researching,3
expertise,2
womenâ€™s,1
contacts,1
binary,1
trendy,1
experimentation,1
pressurized,1
return,4
excuse,1
headspace,1
explanation,5
bomb,151
played,4
creation,71
trajectory,5
j,98
robert,103
father,7
masterpieces,2
vectors,1
vast,6
budge,2
societies,7
inheriting,4
worldview,31
professionally,7
lending,1
worldâ€™s,18
pull,11
born,4
radically,1
transform,6
harmful,1
arising,10
volatile,1
attractive,4
garnered,5
recount,5
budding,4
capability,7
deliberately,2
warfare,11
extends,29
ambiguity,29
sensitivity,2
demand,19
distinctively,1
immerses,7
trajectories,3
armed,2
heritage,1
prevent,1
obligations,1
degree,3
staunch,1
disregard,7
unpredictable,8
innovate,5
cause,1
it'd,4
negative,5
narratively,1
imminent,12
submit,1
discoveries,10
breathtaking,9
developer,3
craftsmanship,14
talent,2
humanity,109
genius,4
(and,1
interests),1
extract,5
summer,1
grander,4
coexisting,1
clock,1
ticks,1
harsher,3
rise,4
plot,2
applicability,1
enduring,14
existence,13
timeless,12
sidestep,3
ignited,4
superb,4
endeavor,9
intersects,6
educationally,1
blowing,1
tallying,1
humans,1
ventures,1
facility,1
traveled,1
words,1
shining,1
afford,1
devoid,3
tally,2
standard,1
responsibility's,1
eloquence,2
advancing,8
destroy,1
sciences,2
commercial,1
slip,1
à¤¯à¤¾,1
furthers,1
daunted,2
dangers,1
historic,11
exit,3
downer,2
basis,5
humanity's,12
greatest,2
gravest,1
glossing,4
rests,4
enormous,3
makers,13
surround,6
honorable,1
notch,13
latter,9
worldviews,17
preferred,3
digs,6
arrangements,4
stopping,1
black,4
white,4
grey,1
conflicting,3
mindfully,1
colleagues,3
compass,6
gloss,10
missed,14
masterful,31
metaphor,2
destructive,3
arguably,2
turbulent,3
enormity,4
bad,4
momentary,4
traverse,1
thinkers,26
generic,1
substituting,1
faded,1
extending,2
eclipses,1
cares,4
believes,3
extraordinary,29
gratitude,2
sophistication,2
interrogating,1
trait,2
ingredients,3
sidelined,2
depiction,7
directed,5
christopher,66
nolan,19
replicate,4
continuously,5
technology's,3
environmental,4
longevity,2
window,2
undervalued,2
nolanâ€™s,11
determining,3
hate,4
unproductive,2
winding,2
failure,1
thrusts,1
spotlighting,1
salient,2
trigger,3
intrigues,1
replace,1
gratification,2
authority,2
filmmaking,52
applying,3
masterclass,8
acting,9
truth,6
murky,2
requiring,5
obviously,1
occurs,3
concurrently,2
whose,5
magnitude,2
elsewhere,5
shades,2
gray,6
persuaded,4
ignoring,2
detrimental,2
mitigate,1
programs,2
nolan's,39
impeccable,2
riddled,2
dualities,1
natural,4
policy,2
trailer,1
jovial,3
prime,2
retains,4
compel,2
indelible,2
citizenship,4
findings,5
heartening,5
landed,5
scientists,17
responsability,1
market,3
scientist,4
undertaken,3
indispensable,4
teamâ€™s,1
combinations,2
outlives,1
biographical,3
contextual,3
unfathomable,1
destruction,8
outlast,2
escapist,3
strides,3
edged,3
swords,1
echoed,2
conscientious,19
greatness,5
citizen,3
keenly,1
agrees,1
mainstream,3
cooperate,1
harrowing,1
test,3
accentuate,1
exercises,5
formally,2
coordinated,1
auditory,3
emotion,17
eventual,2
displaying,1
assertion,1
spellbinding,1
tall,2
merger,1
wishes,5
outstanding,13
devise,5
cognitive,6
consistent,4
deepens,5
prelude,1
instincts,2
provocatively,1
regret,6
district,1
selects,1
touchpoint,1
arrived,5
reevaluation,1
moderate,2
deserved,2
maturing,1
literal,1
tomorrowâ€™s,1
filmmakers,7
notably,1
techniques,6
instinct,1
interplays,1
howard,1
uncovers,1
spectacular,1
consciousness,8
unrealized,1
changemakers,3
solidified,1
peace,3
worse,6
luxury,1
morose,1
abandoning,1
problems,3
stifle,2
limiting,1
dreamers,1
finesse,1
witness,16
tragedies,2
nourishment,2
counterpoints,6
acclaimed,1
philosophy,14
untouched,2
cornerstone,2
inherit,7
suitably,1
consequentiality,1
name,3
didnâ€™t,5
horizons,3
ambiguous,1
neat,1
capabilities,4
world's,9
heroic,1
retaining,3
oversimplify,1
aptly,1
consequential,17
ice,5
breaker,2
loop,7
formalizing,2
summary,10
collaborated,1
breakthroughs,7
reconciled,1
cinematographic,2
interconnected,5
encountered,3
stray,1
facilities,3
magnificent,1
concrete,3
duties,3
guardians,3
namely,1
instigates,2
bevy,1
civics,1
unpacking,1
credit,3
temporary,4
hinges,2
shielding,1
expense,2
launchpad,6
spawned,1
sidestepping,4
carefree,1
ambiguities,6
eliciting,2
skim,1
failing,1
sponsoring,1
situated,1
fall,6
dimension,7
reexamining,1
handing,1
hammer,1
psyche,2
lasts,5
basing,1
joining,2
heroism,1
villainy,1
difficulties,1
subliminal,1
skirt,2
throws,2
sufficiently,19
saturated,1
apprehensions,1
emerged,3
weapons,15
relieving,1
tougher,4
caution,5
bias,1
precision,1
pertain,2
dulling,1
wielding,2
furnish,3
monument,1
attracts,1
total,2
age's,2
price,2
preferable,1
dominate,1
answers,4
counterargument,1
lacking,1
swaying,2
charms,5
underpin,1
avoiding,3
signal,1
water,1
negotiable,1
turmoil,1
dissecting,1
globally,4
dance,3
garners,1
unprecedented,7
devastating,2
raw,6
isolation,1
proposals,2
reward,3
rarity,1
reserving,2
actual,1
desperation,2
guideline,3
spurred,8
shortchanging,1
rethinking,1
known,3
forthcoming,2
demeanor,1
extraordinarily,2
relevancy,2
wake,2
elicits,1
pairs,2
exchanges,1
competency,1
protocol,1
consumers,1
micro,1
macro,1
unintended,3
zones,3
unmatched,13
living,4
waters,3
vigilance,1
crafts,4
specifics,5
relieve,1
multidisciplinary,1
ingenious,1
synergies,1
discomfort,6
factoring,1
delved,1
check,4
tenets,1
prominent,3
applies,2
sociopolitical,2
catastrophic,1
curated,1
fabric,8
humanities,1
posit,1
mine,7
morally,7
predict,4
revolving,2
mankind,1
revolves,5
increasing,3
setup,6
entirety,2
diluted,3
heartwarming,5
interweaving,3
matched,1
distraction,3
aspiring,2
writers,1
ii,3
pace,3
elevated,1
qualitative,2
assessing,1
maximum,6
entertainers,1
delicately,1
textbooks,2
vary,1
senior's,3
downright,1
independently,1
attraction,2
artfully,3
logistical,4
arts,9
invention,11
exceedingly,1
understandings,5
engagements,5
privileged,1
greats,1
interacts,2
securing,1
grappled,5
disregarded,1
listening,9
independent,5
reevaluate,2
innovation's,1
overlapping,1
undercurrents,1
remarks,6
cross,2
man's,1
compassionate,1
reshape,1
directing,4
expectation,1
hesitations,1
unforeseen,5
outweighing,1
outward,1
glosses,1
ripples,2
altering,7
failures,4
allegory,1
apparent,3
inducing,1
warmly,2
retelling,2
sandwiched,1
somewhere,6
glean,2
marked,2
thriller,1
misinformation,1
lightly,2
hesitation,4
pervasive,1
former,1
behavior,4
conceding,1
decorations,1
exercise,10
relying,1
reverberate,4
dramatic,6
tension,6
round,3
executed,2
stewardship,2
facade,1
shedding,1
excellence,4
backbone,1
rare,12
stretched,1
thin,1
throw,3
embed,1
countless,1
viewerâ€™s,1
oversimplifying,2
prior,5
contained,2
assuming,1
scrutinizing,1
â€˜joyâ€™,1
partnering,5
heroes,1
hallways,1
appear,2
politically,2
conundrums,2
university,2
motivator,1
assertions,1
primes,1
converged,1
underpinnings,2
excellently,1
described,2
contributors,3
prowess,1
foreshadowing,1
thrust,1
boasts,4
performance,3
cillian,3
murphy,2
advertised,1
prominently,2
conscience,2
theories,1
empathize,1
settling,4
disappear,1
deprive,1
illuminates,1
readings,1
websites,1
evoking,2
maturely,1
enticing,2
predicament,1
posing,3
tailor,7
(10,5
mins),7
assessment,2
(20,3
(30,2
7,7
flyers,1
committeeâ€™s,1
realized,2
simulating,1
undermining,4
delicate,9
skillful,1
proves,1
reassuring,3
feat,2
contextually,2
gleaned,3
changed,4
opppenheimer,1
journals,1
commitments,1
gathers,1
caring,3
complacency,1
hinder,2
personality,1
interrelate,1
cheerfulness,2
secret,3
infusion,1
indulgence,1
diverged,2
fade,2
augmenting,1
reconcilable,1
running,4
snippets,2
pivoting,2
formed,1
conclusive,1
plots,1
sooner,2
humane,1
practices,1
purposeful,1
breakneck,1
old,2
abound,1
seize,1
elaborate,3
noteworthy,5
vitally,4
dialogs,1
lingering,3
dispel,1
eases,1
clarifying,2
gear,3
proactively,1
discouraging,3
virtues,2
favoring,4
theatrical,1
succeeded,1
slide,1
succinctly,2
jotting,2
amplifying,3
(barbie,1
/,1
oppenheimer),1
response),1
third,1
juniors,1
fundamentals,1
brainstormed,3
isolating,1
contrasted,2
seamless,1
olutely,1
language,3
revise,2
assignment,2
arcs,1
talented,1
implored,1
deadlock,2
product,1
developments,4
nestle,1
legitimate,2
sell,3
provocative,7
mechanism,3
tech,3
savvy,1
targeted,2
sacrifices,1
previous,2
tend,4
employs,2
dry,4
multimedia,1
interviews,1
ethicists,1
comment,1
legendary,1
considerable,4
usual,1
pin,2
slight,2
inserting,1
properly,2
technologically,2
compasses,1
crisis,2
meticulous,1
drag,1
gaps,3
ensuing,2
technical,3
finest,2
store,2
lightest,1
pour,1
underscoring,2
smooth,3
delivery,5
specializes,1
resolutely,1
revisits,1
arming,1
shade,1
&,1
stressing,1
lineup,1
severity,3
steadfastly,2
crossroad,1
advances,2
limit,6
comprehension,1
enlightened,2
accessibly,2
seed,1
impetus,1
devotion,1
prep,3
feeding,1
international,1
relations,1
engineering,1
glorifies,1
governance,1
rebuttal,1
game,3
correspond,1
trends,1
designing,4
the_selection,1
curating,2
protagonist,2
juxtaposed,3
stuck,3
dead,5
divided,4
gut,1
troubled,1
forcing,3
relies,1
pressed,1
treasure,2
trove,1
begs,1
uninterrupted,1
negatively,1
evaluation,1
energies,1
dealt,3
nudges,3
handling,4
original,3
regards,2
individual's,2
worries,1
disjointed,1
drawbacks,2
perceptive,2
confrontational,1
synergetic,1
relative,1
commendably,1
leverages,2
springs,1
culminate,1
exhibition,1
wavelength,1
bomb's,2
premise,4
runner,2
ardent,1
stop,1
expansively,1
compellingly,2
manhattan,3
parameters,2
interactively,1
answer,2
surrounds,1
artists,1
consuming,1
comprehend,1
scrutinize,1
beats,1
links,1
articles,3
moviesâ€™,2
heavyweight,2
impress,1
combo,2
provocation,1
distinction,1
politics,10
vocation,1
increased,1
relationship,2
divert,2
reassessing,1
prioritized,2
contemporaries,2
solemnity,2
unfortunate,2
precede,1
fades,1
transcend,6
belong,1
reassure,1
queries,1
complications,2
unchecked,2
surrendering,1
rival,2
proactivity,1
personâ€™s,2
fixed,1
reticent,1
channeling,1
asset,1
acts,1
rotated,1
awaiting,3
upholds,1
reassert,1
filmmaker,1
envisage,1
twinning,1
transforms,2
rough,6
appropriateness,1
shop,2
cozy,3
afternoons,1
pm,8
counter,4
equate,1
distress,1
torn,3
director,1
dilemma,2
whereby,1
onscreen,1
regrets,2
changers,1
grab,4
vocalize,1
tight,1
probably,2
sword,1
wresting,1
rob,1
prudent,2
contributed,1
learners,1
oh,1
portrayals,1
stirs,3
guidepost,1
explicitly,1
mastery,2
injects,1
sprinkling,1
attempts,1
tensions,4
discourses,1
panelists,1
steeped,4
informing,1
revelatory,1
nearly,1
professionalism,1
spontaneity,2
tempering,1
ethicist,3
gritty,1
produce,4
continuous,2
consciously,1
praise,1
happyness,3
gravitating,2
poets,4
seats,2
adopted,1
dissection,1
innovationâ€™s,1
reconnecting,1
urgently,2
icebreakers,1
skims,1
supplemented,1
routes,1
realizing,4
fluffy,1
gains,2
contemplates,1
ambience,1
disorienting,1
eliminate,1
derived,5
stirring,3
attainable,1
segues,1
talents,1
sharply,1
correlate,3
doses,1
locate,1
horrors,1
conflicted,1
reconvening,1
artful,2
master,1
artificial,1
actionable,3
panel's,1
observe,2
previewing,1
request,1
compiled,2
justifying,1
plane,1
affecting,1
maternal,1
suffice,1
delaying,1
lessen,2
spills,1
fortify,2
attained,1
deliberating,1
intellects,1
wording,1
regularly,1
unlock,2
telling,1
privilege,1
interrogate,1
zone,4
founded,3
geopolitics,1
technologies,1
ai,3
passing,1
spectators,1
jointly,1
extinguish,1
scratch,1
staggering,1
density,2
sidetrack,1
sunshine,2
rainbows,1
potency,1
pitfalls,1
precursor,1
runtime,1
rolled,1
character's,2
lifepoints,1
barbieâ€â€™s,1
facts,4
disguise,1
abundance,1
poignantly,2
kaleidoscope,1
business,2
begins,3
strip,1
clarifies,1
biography,2
shares,3
intentioned,1
undercutting,1
favored,1
engenders,1
vessel,5
assemblyâ€™s,1
illuminated,2
representing,2
profundity,1
galvanizing,1
unwilling,2
family,2
histories,4
inquire,1
retro,1
laughter's,1
checklist,1
reluctance,1
depends,1
confirming,1
artwork,4
bouncing,1
textbook,1
danger,1
innovating,1
contradictory,1
broach,1
systems,3
prospects,3
detracts,1
craftily,1
sneaks,1
potentials,1
concession,2
functions,1
quirky,1
consumption,1
reviews,1
conquer,1
stated,1
solo,1
internal,4
teams,1
assigned,3
summaries,2
amount,3
allocations,2
recap,2
anticipated,1
called,1
transformations,1
observed,1
consumerism,3
strengthens,4
comparable,1
situational,1
warming,2
identified,1
allocating,1
guidelines,3
improves,1
improvement,1
1.5,1
rushed,1
intro,2
quote,11
ralph,2
waldo,2
emerson,1
emerson's,1
d,1
advanced,1
creativeness,1
maximizing,6
exchanging,3
horizon,2
embarks,1
humour,1
that'll,2
characterize,1
remembrance,1
chunk,2
asked,1
observations,1
quintessential,1
overpower,1
darkness,2
couched,1
paradoxes,1
transparently,1
three,3
lined,1
objections,3
civil,2
dramatically,2
fleshing,1
translate,1
trauma,5
funnel,1
enthralling,1
nations,1
nourish,1
needfully,1
analysts,1
affected,1
outdated,2
geopolitical,1
costs,1
justifies,1
subjective,1
undermines,1
modality,1
formidable,1
youthfulness,1
reevaluating,2
shallow,1
versions,2
surprisingly,3
dovetails,2
marvel,2
35,1
peer,2
infrastructure,1
persists,1
adversity,1
unrelated,1
adaptability,1
funnily,1
scrutiny,1
absorbed,1
destiny,1
circular,1
narrates,1
creator,1
wave,1
disarm,1
outweighs,3
chime,1
underneath,2
instances,2
cooker,1
arms,1
walks,3
timeframe,2
update,1
influencers,1
lesser,2
developmental,5
permeate,1
reminisce,3
reducing,1
unpacked,1
revolved,1
enlightens,1
wade,1
eclipsed,1
proving,1
attachments,1
revolution,1
falling,1
disseminate,1
catches,1
vehemently,1
surrounded,2
crucially,1
vexed,1
sideline,1
lightweight,1
sponsored,1
incites,1
inclinations,1
cultivated,1
pink,1
visionary,1
honesty,3
revising,1
enthusiasts,1
historian,3
implemented,1
loyal,1
cohesively,1
allocation,2
identifying,2
volunteer,1
90,2
sticky,2
volunteers,4
friday,3
polished,1
latest,1
experiment,1
posted,1
astounding,1
elation,1
solidarity,3
deviating,1
suspect,1
drenched,1
surfaces,1
paying,1
homage,1
facet,3
connective,1
duty,2
partiesâ€™,1
intersecting,1
originality,1
(as,1
film),1
fallout,1
interlink,1
assigning,2
executing,1
unclear,1
segway,1
feeds,1
arose,1
preliminary,2
(5,6
minutes),11
hour),2
soak,1
(15,1
infographic,3
printed,2
refer,1
timetables,1
delegate,2
midweek,2
cushion,1
contact,3
appreciative,1
quinn.avery@email.com,1
updates,1
taylor.brooks@email.com,1
handouts,3
ambition's,1
persuading,1
wwii,2
breed,1
ensue,1
emerges,1
default,1
mentor,1
interconnectedness,2
rightly,2
safety,1
resort,1
redefined,1
defies,1
simplistic,1
hesitancy,1
opened,1
meticulously,1
intend,1
mend,1
fuse,1
disagreed,1
causing,1
disinterest,1
judgmental,1
symbolizes,1
exclude,1
teachable,1
instigating,1
apt,1
catharsis,1
dismantles,1
prom,1
display,2
designate,2
upperclassmen,3
gorgeous,1
vicariously,1
progressively,1
buoyant,1
molded,1
intermingle,2
wall,1
paragraph,2
planned,4
emboldens,1
distract,1
immersion,1
sidetracking,1
perseverance,1
prods,1
masked,1
recounted,1
attractively,1
disarming,1
simplified,1
demystify,1
prevailing,1
drowning,1
glossed,1
search,1
allows),2
8,1
session's,1
adjustment,1
gotten,1
dressed,2
devoted,1
amplifies,2
attitude,1
boundless,1
admired,1
boldness,1
buoyantly,1
thrill,1
problematic,1
enact,1
bask,1
graduatesâ€™,1
mindfulness,2
commemorative,1
unprepared,3
dialoguing,1
exhilarating,1
ambiance,1
recall,1
pushed,1
span,1
describe,1
interdisciplinary,1
tests,1
tradition,1
affirm,4
affirmed,1
affairs,1
flip,1
dull,1
anotherâ€™s,1
convergence,1
breather,2
contrary,2
immeasurably,1
iterative,1
recalling,1
envelops,2
educated,1
unintentionally,2
associating,1
gears,1
manual,1
institutions,2
detriment,1
popcorn,1
courageously,1
excerpt,1
switch,1
connectedness,1
watches,1
treated,1
coordination,1
recommendations,1
quantitative,1
closes,1
meeting's,2
realistic,1
steppingstone,1
brightest,1
cooperative,1
extensively,1
skillfully,2
reveling,1
commemorating,1
ethos,1
reachable,1
dire,1
mandatory,2
engrain,1
candid,4
pic,1
solicit,1
attend,2
trinity,1
devastation,2
famous,1
phrase,1
death,1
destroyer,1
simplify,1
cup,1
tea,1
psychology,1
journal,2
liked,1
mediums,1
personalized,1
heights,1
athleticism,1
ring,1
lifestyle,1
treats,1
satisfaction,2
experimenting,1
flavors,1
buds,1
props,2
virtue,1
launches,1
secure,3
elicited,1
genuineness,1
reaffirm,2
oftentimes,1
hesitance,1
outlooks,1
loving,1
sentimental,1
audiencesâ€™,1
unfolding,1
evidence,1
controlled,1
justified,1
branching,1
spanning,1
marketing,1
ðŸª,1
employing,1
interpersonal,2
outfit,1
pictures,1
video,2
ambassadors,3
tentatively,1
suspense,1
ponders,1
murphy's,1
briefing,1
gracefully,1
necessitates,1
technically,1
offset,1
gardening,1
analogy,1
ep,1
exists,1
coincide,1
initiates,3
solace,1
directives,1
thirst,1
responding,1
technique,2
steered,1
contests,1
removing,1
reconciling,1
strenuous,1
watered,1
competence,1
disillusioned,1
fondness,1
mimics,1
prevails,1
exhilaration,1
contingent,1
dismantling,2
eloquently,1
fueled,1
avoided,1
moved,1
preclude,1
opted,1
forges,1
wartime,2
astonishing,1
reading,1
traction,1
counts,1
delight,2
pastime,1
deliberations,1
months,2
officials,1
heady,1
pools,1
disciplined,1
clash,1
melding,1
kindling,1
graduated,1
progression,1
anytime,2
purposefully,1
readying,1
questionnaire,1
homeroom,1
incentivize,1
etc.),1
(oppenheimer,1
barbie),1
underway,2
realigning,1
seated,1
departure,1
discernment,2
correlation,1
criticality,1
synthesis,2
helmed,1
voyage,1
candor,1
cope,1
buffer,1
seldom,1
promptly,1
participatory,1
deft,1
patterns,1
filmography,1
designating,1
confirmation,1
convening,1
diplomatic,1
guarantee,1
tangentially,1
chooses,1
conceptualize,3
exhibit,1
survive,1
pioneering,1
superbly,1
membership,1
collapse,1
scientifically,1
globalization,1
filmsâ€“showing,1
mindsets,1
undertaking,1
retrospect,1
mesmerizing,1
ushers,1
science's,1
juxtaposes,1
broadening,1
sketch,1
gateways,1
cementing,1
mentors,4
quieter,1
granting,1
elaborated,1
previously,1
removes,1
straight,2
savor,1
oversimplification,1
boon,1
quandary,1
videos,1
adolescent,1
ill,1
transcendent,1
blueprint,1
directorial,1
captivated,1
module,1
judgments,1
subsequently,1
youth's,1
yields,1
cohorts,1
compromised,1
vessels,1
creatives,1
persistent,1
fervently,1
forged,1
half,3
closure,1
supplies,3
drawings,1
letters,1
entries,1
surveys,2
paper,2
anonymously,1
boards,5
colored,1
markers,1
supply,1
businesses,1
donations,1
sheets,2
space/layout,1
seating,1
equipment,1
projectors,1
items,1
flashy,1
artist,1
entrepreneur,1
juggling,1
summarizes,1
taglines,1
pivots,1
reclamation,1
inhibit,4
regarded,1
zeroing,1
probing,1
inhibiting,1
intimidate,2
impede,1
arranged,1
normative,2
changer,1
numbers,1
drop,1
chances,1
similarities,1
peripheral,1
negotiating,1
brighten,1
dayâ€™s,1
informational,1
funny,1
association,1
atom,1
dragging,1
inquisitive,1
overlaps,1
fingers,1
barbies,1
howâ€™s,1
goodbye,1
vibrantly,1
facetiously,1
loves,1
trials,1
insecurity,1
demonstrating,1
completing,1
playground,1
cautiously,1
alluring,1
plague,1
finalist,1
walked,1
liberty,1
bachelor's,1
generative,1
competes,1
redeeming,1
overshadows,5
sprung,1
eclipse,1
dispute,1
indicative,1
fitted,1
severe,1
lengthy,1
dares,1
synergistically,1
lure,1
execute,1
chimes,1
sketching,1
broadened,1
kicking,1
debrief,1
relegating,2
dont_think_we_can_compromise,1
=,1
(),1
=>,1
traditions,1
constrained,1
brave,1
estrangement,1
rising,1
timelessness,1
ticket,1
misalignment,1
flaws,1
physicality,1
contacting,1
depict,1
dawn,1
contradicts,1
throes,1
impassion,1
devices,1
requirements,1
disputing,1
kneads,1
restricting,1
grads,1
shutting,2
helped,1
tunes,1
reframing,1
assures,1
novel,1
angst,1
journeying,1
livelier,1
strongest,1
quicker,1
despair,1
twofold,1
favors,1
democratically,1
adams,1
rules,1
friend,1
discovery),3
edits,1
instrument,1
parentsâ€™,1
leader,1
innovator,1
metaphorical,1
intertwinement,1
dismissive,1
dearly,1
examinations,1
served,1
therein,1
refreshments,1
five,1
obstacles,1
tuned,1
organizations,1
valiant,1
readers,1
idealism,1
stifling,1
engender,1
theoretical,1
doubts,1
cloud,1
conditions,1
parks,1
reins,1
asserting,1
grounds,1
lightened,1
illustration,1
(options,1
important),1
loaded,1
removed,1
thereafter,1
winner,1
cry,1
miniseries,1
endured,1
