hi,633
yes,730
stakes,31
high,2833
decision,2063
strong,572
opinion,119
movie,2131
chosen,137
believe,6410
go,410
now,1110
anyone,16
waves,1
fun,1464
film,5835
let,225
tell,33
there’s,409
far,265
depth,1752
meets,38
eye,78
vibrant,914
storytelling,411
tackles,190
important,3293
themes,7701
identity,3358
feminism,38
societal,1844
expectations,962
messages,1076
resonate,2287
deeply,1051
school,3016
seniors,8656
brink,302
adulthood,2734
self,4042
discovery,1279
certainly,1582
heavy,954
historical,2774
merit,454
carry,330
level,587
relatability,600
engagement,1298
encourages,1506
creativity,2013
expression,337
spark,868
many,644
conversations,2452
world,4021
navigating,440
think,6234
see,3578
coming,546
truly,2632
value,2507
educational,886
elements,765
highlighted,61
presents,908
unique,1161
opportunity,2022
discussion,3675
morality,342
responsibility,2674
context,1156
scientific,675
argue,286
relatable,1109
persona,1
offers,2251
equally,544
powerful,437
avenue,62
exploration,1105
film's,347
ability,249
dismantle,1
stereotypes,142
encourage,1020
acceptance,1438
underestimated,14
entertainment,932
it’s,2588
empowering,439
youth,533
embrace,741
individuality,1264
challenge,681
norms,434
moreover,635
years,366
various,161
aspects,650
life,1707
personally,140
professionally,5
i’ve,49
come,903
opening,79
dialogue,1580
joy,3190
impactful,701
serious,1384
subject,159
matter,386
often,610
lean,387
heavily,95
grave,15
realities,548
golden,5
engage,2466
meaningful,2342
genuinely,1427
experience,5197
will,4121
prepare,2086
futures,1235
open,2082
discussing,697
possibility,245
bit,249
appreciate,5624
argument,215
perspective,2071
former,7
army,3
colonel,3
adds,34
lot,143
gravitas,63
conversation,1738
understand,2878
importance,2138
providing,732
critical,3408
lessons,1759
drawn,60
history,1379
implications,1127
actions,925
wonder,190
can’t,142
find,2019
harmonious,2
balance,1164
two,368
perhaps,2786
consider,2620
students,11441
contextually,2
relate,245
finding,456
enjoyment,286
process,244
vital,1222
learn,122
engaging,3000
art,81
lead,1004
holistic,83
understanding,2043
dream,53
perceptions,24
achieve,163
message,519
coexist,95
seriousness,167
maybe,362
films,2510
even,991
discussed,60
watch,53
relevancy,4
today's,437
later,312
session,147
exploring,534
fusion,3
remarkable,71
terms,199
insights,1471
shared,283
emphasis,222
thinking,1702
weight,1512
presented,691
clear,695
care,343
impact,1675
feel,3960
strongly,1234
provide,1649
lens,344
much,576
needed,136
stage,709
lives,2915
must,724
grapple,420
issues,1185
age,229
learning,353
instill,151
confidence,331
humor,682
actually,68
inspire,1391
tackle,135
material,145
way,4766
feels,516
accessible,539
help,1063
unlock,3
thoughts,2284
purpose,168
making,1279
equipped,97
handle,32
future,1953
decisions,998
observed,8
inspiration,375
comes,352
packaged,4
unexpected,14
forms,27
catalyst,169
really,576
balances,133
serve,947
better,564
consensus,340
present,1243
time,1430
screenings,47
introduce,128
admire,318
steadfastness,31
commitment,975
growth,1171
inspiring,236
recognize,718
confronting,152
complexities,2297
offer,735
profound,1555
resonates,1195
personal,1605
preparing,452
forge,84
identities,1020
place,384
found,332
incredibly,564
igniting,25
passions,29
fostering,1105
may,2374
ultimately,878
deeper,1695
introspections,2
happiness,38
seeds,20
grow,52
thought,1316
showing,575
foster,1216
atmosphere,1075
inspired,544
express,385
opinions,311
difficult,227
afterwards,100
springboard,80
enriching,697
ethics,1208
that’s,262
grounded,34
something,1207
familiar,14
contemplate,79
choosing,391
one,840
rather,639
weave,73
students’,240
pta,422
opts,1
address,226
narratives,684
tandem,13
create,2124
richer,194
sincerely,126
articulation,2
positions,28
regarding,607
dedication,493
ensuring,813
face,1580
admirable,147
grateful,91
constructive,179
exchange,93
said,955
remain,505
convinced,248
holds,205
potential,1190
particular,374
group,607
sense,1143
freedom,38
empowerment,3053
confront,411
upcoming,84
choices,1984
real,696
seems,301
still,4415
giving,187
chance,570
view,190
emotionally,125
creatively,69
empower,358
openly,46
discussions,5693
end,194
meeting,359
agree,983
compromise,1174
gets,20
spotlight,39
considered,97
subsequent,59
viewing,445
series,108
yet,681
paving,24
path,212
sound,189
meet,135
middle,331
conviction,207
you’ve,157
put,201
benefits,238
among,973
shake,137
belief,666
celebrating,561
community,774
manner,447
current,503
allows,770
explore,1582
joyful,662
committed,105
advocating,251
reached,258
impasse,160
conducive,14
best,1256
conclude,62
given,317
hold,477
firm,315
beliefs,36
choice,2460
hope,956
revisit,71
topic,131
sometime,2
considering,521
creative,306
tools,170
young,1415
minds,282
thank,1689
look,671
forward,2101
bridge,334
perspectives,1056
step,1320
back,213
allow,456
set,314
final,349
want,1458
pleasure,176
thoughtful,1441
integrate,151
keep,591
lines,44
communication,47
opportunities,211
next,830
take,895
hello,366
say,332
know,314
merits,705
especially,1545
complexity,371
gender,416
filled,422
besides,6
aesthetics,17
lighten,27
mood,94
senior,175
year,209
remember,141
challenges,1503
growing,57
provides,1303
experiences,1321
angle,212
make,1817
compelling,634
pertain,4
global,117
affairs,2
let’s,1785
forget,122
mental,49
health,29
aspect,216
pressure,114
today,894
serves,439
colorful,390
commentary,96
people,384
continuing,51
navigate,865
within,326
around,1593
worth,339
entertaining,408
dismissing,56
panel,232
significant,1508
raised,106
assembly,1979
engaged,118
uplifted,221
honestly,34
might,3521
right,942
addressing,382
passion,830
promoting,179
essential,1817
transition,1246
stimulate,101
well,1693
touches,133
innovative,25
increasingly,161
relevant,926
delve,212
gives,112
fresh,100
importantly,19
refreshing,283
story,276
empowers,126
lighthearted,362
stressful,54
palatable,10
entry,63
point,803
roles,886
i’m,1814
rigorous,17
wonderful,493
agency,77
focusing,271
strictly,8
common,721
ground,1040
idea,1399
movies,331
valuable,1148
different,787
lenses,14
willingness,1072
follow,799
event,984
sounds,279
multiple,77
levels,91
concern,215
remains,213
first,343
heavier,428
mindset,64
dampen,12
choose,1065
ensure,853
leave,906
lighter,723
hearts,51
ready,255
ahead,651
positive,1041
tone,303
brainstorm,93
ways,654
facilitate,295
social,251
arise,160
reflect,1302
belonging,71
approachable,182
format,146
firmly,967
selected,65
celebrates,247
diversity,154
qualities,206
hopeful,168
toward,513
original,7
respect,1324
vote,448
reasonable,34
approach,2407
involves,26
collective,154
voice,159
majority's,8
preference,107
prevails,3
stand,516
reiterate,49
blend,358
positively,157
canvas,23
venture,86
chapter,365
parents,529
hearing,409
everyone's,70
hopefully,46
finalize,407
reflects,351
spirit,760
absolutely,710
outlining,32
excellent,248
picture,38
everyone,607
involved,131
highlight,407
uplift,274
creating,998
inclusivity,85
hand,199
focus,840
rich,559
moral,2008
dilemmas,1183
surrounding,391
discoveries,14
individuals,289
shaping,289
society,769
ethical,1951
working,147
together,1355
concise,3
ensures,53
fairly,4
looking,653
collaborating,166
plan,599
findings,4
proceed,147
plans,70
outline,160
seeing,459
outcome,116
whatever,159
great,503
fantastic,237
options,174
–,80
significance,749
towards,624
hear,1204
break,86
free,99
struggles,97
embark,382
journeys,508
plus,427
narrative,1092
heart,314
undoubtedly,504
brilliant,53
portrayal,50
crucial,1651
moment,1345
speak,51
quite,501
perfect,163
maintain,297
entering,152
rife,12
pressures,476
journey,611
encapsulates,185
beautifully,225
ignites,24
breaking,116
vitally,7
means,191
reflection,1740
times,67
true,237
selves,42
commercialized,2
furthermore,209
femininity,19
masculinity,4
play,95
starters,11
today’s,184
culture,67
points,1332
fit,93
specific,214
detract,23
helpful,15
particularly,425
embedded,44
robust,76
consequence,123
nevertheless,28
encapsulate,35
direct,23
content,306
addresses,292
complex,1308
concerning,24
contemporary,180
without,753
restrictions,2
carving,9
paths,447
overlooked,90
traditional,100
generation,274
overwhelmed,82
seeking,69
spaces,8
unpack,25
feelings,165
permission,2
articulate,74
enjoying,96
crafted,71
propose,367
currently,25
weigh,145
collaboratively,31
option,185
afterward,868
you’re,351
discourse,171
key,243
developmental,14
advocate,610
due,62
timely,49
awareness,267
learnings,2
us,1225
leading,119
host,76
workshop,87
examines,14
embracing,309
post,361
regardless,185
interested,131
merging,61
concepts,135
camaraderie,126
enriches,48
compromising,47
seek,63
appreciated,25
diluting,16
singular,26
illustrate,15
envision,198
defying,6
graduates,98
1,63
imposes,21
limits,5
2,65
platform,192
question,74
redefine,20
allowing,884
ideals,17
shape,538
3,59
advocates,4
autonomy,9
pursue,50
careers,74
relationships,32
interests,301
graduation,503
4,47
sensitively,3
upon,102
insecurities,4
supporting,84
another,201
transitional,306
periods,3
5,30
cultural,195
evolution,18
representation,104
popular,6
media,33
aligns,371
short,44
connect,748
share,802
illustrates,34
love,692
fair,87
presenting,513
arguments,367
comprehensive,81
acknowledgment,7
shows,87
relevance,273
emphasizing,196
sharing,164
thoughtfully,120
articulated,113
respects,114
diverse,252
fellow,73
democratic,16
agreement,126
suggest,178
frame,374
presentations,16
broader,470
including,135
consequences,1452
give,247
solid,113
foundation,180
case,219
informative,15
connects,89
room,229
work,464
whichever,56
sparks,177
glad,465
we’re,357
page,46
invigorating,16
discuss,584
pivotal,953
emphasize,394
questions,746
anticipate,11
larger,176
optimistic,130
bringing,157
long,333
perceive,18
influence,100
change,106
encouragement,68
every,169
effort,81
please,181
ideas,679
mind,139
willing,877
collaborate,320
excitement,191
heartening,34
collaborative,351
need,1312
brainstorming,31
refining,6
gear,5
prepared,118
communicate,40
core,70
values,264
facilitating,98
respectful,94
combined,159
efforts,70
what’s,106
throughout,181
nothing,22
reconvene,35
eager,481
speaks,330
younger,68
carries,190
piece,85
defining,23
indeed,1047
engages,134
encouraging,725
molds,25
inspires,158
uniqueness,122
changing,106
sparking,163
pursuit,51
dreams,188
deliver,68
uplifting,1550
versus,51
analysis,31
made,376
critically,897
confronted,19
striking,65
education,242
entertain,189
peers,115
requires,71
one's,372
invites,447
reflections,632
pairing,106
structured,159
favor,129
beginning,41
desire,545
incorporate,472
possible,133
solution,163
involve,43
passionate,319
draw,162
parallels,96
acknowledges,58
primary,272
include,194
led,23
teachers,32
guidance,8
counselors,2
brings,629
enjoy,290
vibrancy,86
dialogues,234
feasible,12
openness,356
members,207
proposal,440
clearly,92
we’ll,111
followed,170
dives,227
one’s,114
glean,10
enrich,349
move,616
excited,471
combination,122
thrilled,109
vision,177
rest,275
selecting,106
explain,78
foremost,33
stepping,304
embraces,76
celebration,1598
artistry,44
introspection,266
wholeheartedly,144
acknowledge,334
delivered,9
capture,101
imagination,196
fully,312
addition,34
clever,15
writing,20
memorable,708
celebrations,29
fear,359
somber,80
accomplishments,159
narrow,3
concerns,193
situation,18
dear,13
leaning,226
memories,123
sacrificing,48
fact,61
prompt,131
albeit,111
additionally,243
laughter,464
connection,883
communal,28
reinforce,25
bonds,12
last,95
lifetime,19
contribute,123
aim,149
combine,75
worlds,105
incorporating,310
delicate,13
touch,211
imparting,57
wisdom,52
beauty,76
segment,50
alongside,345
lovely,22
overall,157
enhancing,30
light,1000
hearted,586
aspirations,548
challenging,415
deserve,145
celebrate,717
becoming,39
adults,892
emotions,78
lasting,621
provoke,375
facilitates,19
vast,3
awaiting,9
takes,33
playful,172
cherish,79
focused,121
environment,759
graduating,80
represented,36
ask,87
impression,171
dual,288
deep,730
tests,2
exams,11
remind,32
seed,2
motivation,30
emotional,729
resilience,245
outlook,41
beyond,712
evoke,53
uplifts,55
rethink,5
reach,426
captures,221
convey,123
standing,44
framework,187
solemnity,5
positivity,453
okay,54
embody,21
parts,11
combining,160
reality,170
imagining,1
reminds,12
joys,33
scenarios,20
development,285
memory,24
sentiment,67
prioritizes,32
soon,383
strike,132
searching,10
position,119
appears,36
hit,13
stalemate,22
suitable,69
resolution,77
honors,291
intentions,26
moving,288
explores,118
resonant,26
visuals,183
lively,196
tones,13
nurture,34
amidst,73
facing,253
viewpoint,241
cinematic,195
achievement,62
urge,88
typically,9
phase,303
burgeoning,5
opens,181
become,141
moments,401
intellectual,342
prioritize,221
defense,31
correct,5
examining,35
kinds,30
greatly,142
starter,86
directly,176
embodies,273
triumphs,21
cultivates,28
space,428
classroom,56
complements,37
inclusive,118
exactly,48
i’d,369
compromises,38
alternative,54
fascinating,45
multi,17
dimensional,5
sets,40
energize,13
rekindling,1
optimism,88
uncertainty,50
benefit,546
childhood,5
completely,322
champion,76
ideal,55
support,438
taking,78
suggestion,200
convictions,42
enthusiasm,673
evident,99
represents,96
brilliantly,22
prioritizing,155
anything,79
disagree,46
ah,24
76,19
seen,180
romp,15
essence,230
brushstrokes,1
topics,808
wrong,15
undeniably,145
nuclear,34
courage,56
woven,32
forefront,56
several,43
worry,856
heaviness,173
immensely,90
enjoyable,314
recognition,22
celebrated,102
whimsical,124
nature,420
complement,104
academic,109
instead,209
weighty,381
raise,153
valid,385
definitely,200
puts,6
table,198
reprieve,8
busy,7
cooker,1
responsibilities,930
reminder,132
life’s,33
screen,105
supplemental,30
activities,497
inviting,191
reservations,22
wanting,151
they’re,201
commendable,455
wish,177
goal,173
achievements,418
enough,63
breathe,4
revel,14
organized,13
drawing,61
lovingly,1
direction,220
happy,72
crafting,63
here’s,98
structure,114
(10,8
minutes),13
briefly,15
relation,23
initial,26
(15,2
small,58
translate,2
obstacles,2
encounter,362
theme,117
intersects,4
innovation,568
field,8
wrap,98
bring,543
apply,49
learned,79
considerations,257
la,1
adjustments,10
pleased,43
we’ve,235
instilling,72
i’ll,134
sure,225
gather,217
materials,65
developed,4
beneficial,226
planned,9
blends,29
recent,12
provoking,708
military,1
background,6
events,443
pertinent,107
entertains,94
prompts,189
assume,5
intellectually,153
stimulating,82
closely,98
appeal,328
teaching,37
equip,238
realm,11
combines,74
lies,189
myriad,18
available,13
though,135
past,358
figuring,38
authentic,36
highlights,166
evidenced,1
connected,83
changes,52
transparency,2
seem,108
gauge,114
settings,13
trust,45
rounded,322
consideration,127
curious,129
others,209
voting,54
able,126
informed,219
strengths,186
start,140
summaries,5
dive,168
modern,158
remaining,17
building,58
championing,31
keen,63
spotlighted,2
craft,71
summary,9
emphasizes,135
maturity,62
floor,57
comments,7
clarify,18
lingering,4
doubts,1
fuller,8
generate,38
thankful,4
confident,175
decide,117
presentation,181
certain,41
audiences,56
encompass,36
breadth,4
alone,33
provokes,35
similar,109
pressing,66
fast,26
paced,18
strikes,53
chord,23
inclined,137
characters,185
majority,106
listen,85
enhance,213
genuine,93
interest,129
exposing,150
immediately,24
traversing,1
attention,100
day,226
conveying,12
risk,109
losing,67
subsequently,7
finite,1
response,42
impart,97
feeling,587
illuminates,6
pave,37
rapid,21
evolving,62
profoundly,214
digestible,21
gap,95
merge,57
build,51
example,33
faced,224
shaped,128
individual,166
markers,1
invitation,31
honoring,54
makes,122
complementary,51
committee,196
show,396
tapestry,48
pushes,43
boundaries,33
visually,122
stunning,89
audience,296
promotes,204
footing,3
rapidly,98
offering,269
film’s,185
wonderfully,40
teens,30
although,47
abstract,15
crave,17
possibly,104
recognizing,122
priorities,18
impacts,123
proactive,7
extend,101
showcases,127
immediate,216
require,103
additional,152
rivalry,1
gauging,7
student,179
we’d,16
input,162
honor,191
voices,211
preferences,199
paramount,92
trailers,3
connections,256
foresight,9
drafting,60
effectively,246
communicated,7
showcasing,206
contributions,67
distill,2
bullet,1
clarity,53
strategy,15
good,191
likewise,9
collaboration,293
someone,97
strides,6
evening,53
tonight,6
color,17
lightness,115
cusp,131
spending,3
planet,1
stories,78
promote,137
week,47
tie,79
state,42
release,3
laugh,61
bond,35
mention,58
catchy,18
music,17
nostalgia,36
image,66
includes,72
thematic,93
wouldn’t,69
pure,7
mean,46
forego,3
layered,46
empowered,208
sometimes,327
weaving,56
shines,49
overshadow,262
warmth,28
isn’t,178
gateway,40
structures,4
occasion,332
seeks,6
taken,88
deserves,89
mixing,14
yield,63
insightful,138
carve,50
boils,4
cultivate,152
deadline,22
doesn’t,117
advantageous,3
selection,191
cinema,71
showcased,24
suggested,32
captivating,50
watching,142
loud,26
behind,212
reasons,146
firstly,82
range,65
tumultuous,8
women’s,1
areas,31
top,15
part,248
expressive,2
stricter,1
potentially,175
limit,6
struck,14
enlightenment,15
achieves,14
substantial,135
nonetheless,52
educate,39
undermining,6
workshops,68
screening,685
nuanced,151
dissect,10
compare,11
blended,53
intriguing,140
variety,36
constraints,31
logistical,7
seamless,6
breath,16
air,17
solely,157
overarching,7
quick,26
keeping,126
land,20
dismiss,64
reasoning,76
toys,12
barbie’s,10
contrast,89
figure,52
likely,139
counterbalance,20
formal,12
tool,48
boosts,1
joyous,326
energy,211
formation,10
components,35
kind,399
spent,35
usual,3
reflective,206
safe,64
calls,33
supportive,149
steps,146
curate,6
pre,31
await,31
achieving,9
connecting,119
blending,160
positioning,9
dynamic,102
covers,22
spectrum,46
heartfelt,60
shine,56
comfortable,102
agreeing,10
meaningfully,81
proposing,61
balanced,224
minimizes,1
maximizing,2
aims,19
unfolds,130
biographical,6
delightful,149
little,56
you’d,52
formative,150
poignant,68
levity,73
appealing,107
don’t,161
accountability,186
nuances,87
organize,52
instance,63
stem,68
simultaneously,76
touching,54
thoughtfulness,110
encapsulated,8
large,24
either,143
got,33
fostered,7
tremendously,20
leadership,62
alive,54
honesty,7
believing,24
authenticity,98
warmly,4
designed,18
continue,363
matters,101
betterment,6
wishing,21
productive,200
humorous,17
body,42
historically,25
burdens,34
delves,331
disconnected,11
classes,17
routine,1
dealing,27
big,76
nurturing,103
vibe,17
backdrop,51
authentically,16
bonding,19
oppenheimer's,79
friendship,65
teamwork,14
compassion,2
skills,167
life's,76
stemming,138
transformative,199
polling,31
guide,209
inform,45
highlighting,138
dictating,2
win,50
scenario,14
board,118
conclusion,96
survey,198
deciding,11
aiming,66
coordinate,12
poll,82
framing,184
details,107
conventional,16
grappling,456
delivers,97
conversational,7
ties,35
related,94
advancements,192
war,45
celebratory,883
landscape,106
actively,30
consume,6
toy,9
retelling,4
ongoing,28
whereas,17
lecture,11
react,8
overwhelming,158
uncertainties,58
tipping,1
forth,102
adaptability,5
underestimate,77
power,298
needing,9
severe,2
college,45
engenders,3
fosters,335
juncture,224
responses,42
vastly,4
capacity,93
remarkably,10
affirming,24
effects,50
weightier,39
considerable,17
reconsider,126
tackling,105
invaluable,398
psychological,21
internalize,5
bogged,12
suggestions,96
following,213
introduced,20
perfectly,61
confidently,36
accompany,83
respond,86
successful,41
leaves,61
adventures,30
done,14
wrapped,99
package,45
lightheartedness,167
sticking,12
wealth,32
ponder,81
draws,36
eagerness,5
gain,61
logical,4
integrating,140
use,93
acknowledging,147
persuasive,10
convince,45
unforgettable,40
chapters,38
adult,247
balancing,145
enrichment,14
single,38
burdened,30
skimp,1
staunch,3
determination,17
align,172
illustrated,15
turn,28
insight,169
admit,27
ambition,257
legacies,10
steadfast,246
intertwining,23
contrasts,7
heartedness,138
amenable,17
leaving,113
poised,24
conduct,15
guiding,85
delving,43
legacy,79
prompting,95
add,71
along,90
force,8
track,19
everything,95
going,238
oneself,145
course,59
glance,15
whether,184
stance,164
urgency,38
necessary,236
crossroads,57
initiate,35
they’ll,169
entertained,48
motivated,34
intertwine,22
assemblies,14
afraid,15
concede,135
sole,14
uniquely,75
return,11
across,44
barrier,1
prompted,43
helps,70
accepting,7
differences,31
realize,40
precipice,24
heads,4
door,126
contain,10
based,89
walk,89
away,309
knowing,36
thorough,13
debate,36
needs,235
reconnect,8
outcomes,26
tale,43
beautiful,34
mix,66
push,58
ramifications,150
honest,30
yielding,3
offered,65
packs,3
ages,4
catering,26
limited,12
depicted,53
easily,25
endeavors,97
perceived,6
distant,15
lesson,208
save,4
date,18
enduring,24
taps,33
continues,22
stall,1
arrive,94
sentiments,75
stuck,4
stands,132
cast,11
votes,24
worthwhile,40
deals,51
enter,339
stresses,14
countless,10
using,139
intrigue,5
caught,3
tend,5
overlook,163
dose,18
outside,99
box,37
onto,27
dearly,1
relief,17
subjects,177
becomes,20
tradition,1
modernity,2
evolve,7
transitioning,90
showcase,126
strength,48
evoking,2
conveys,54
imparts,22
contend,52
grapples,25
hinder,5
darkness,6
thrive,26
resonating,21
gaps,7
bolster,16
live,88
binary,7
angles,62
enriched,29
youthful,30
insistence,17
medium,20
drive,18
home,20
embarking,27
full,75
overshadowing,72
partnership,31
studies,22
melding,6
type,34
hybrid,92
posing,4
seemingly,9
selections,12
exciting,62
solutions,18
experienced,8
decades,30
refreshingly,2
subversive,1
unite,15
envelops,1
divisive,3
weighed,51
quandaries,46
coalesce,3
noble,6
gently,12
days,27
creates,137
gathering,148
precedence,28
result,17
fondly,27
reminiscing,1
integral,24
harnessed,1
uniting,4
cohesive,24
diving,51
delight,7
frankly,3
greater,114
incredible,41
enlightened,10
smile,9
always,219
getting,34
closer,31
influences,18
interactions,14
ends,11
risks,25
they’ve,40
curriculum,23
casting,6
viewpoints,257
passionately,98
films’,34
programming,41
spring,6
smiles,17
naturally,22
unfold,23
determine,21
majority’s,2
leans,90
wins,10
join,39
hands,31
write,10
preferred,12
paper,3
everyone’s,55
heard,69
results,45
implementing,10
decided,8
plays,38
commend,107
group's,12
leads,79
bright,42
underway,5
layers,78
meaning,35
positives,9
select,103
guided,68
tragedy,5
main,164
feature,225
holding,29
symposium,1
identify,12
tying,16
expose,27
planning,127
spectacle,12
already,65
sources,3
academics,13
familial,1
outlet,11
subtle,7
critiques,8
escapism,24
define,40
enlightening,132
difference,13
captivate,38
infusing,16
fears,5
ease,16
head,156
amid,21
initiating,10
handedness,1
starting,157
understood,28
figures,47
comparisons,4
palpable,15
thrives,15
tough,102
faces,16
immense,117
constructs,12
utilizing,18
segue,14
associated,32
satisfies,23
sides,71
differing,110
views,202
approaches,53
definitive,12
easy,17
fruitful,102
officially,19
predetermined,2
notion,146
inherent,31
mirror,52
simply,108
individualism,13
transitions,61
despite,204
desires,27
apprehension,3
overlooking,22
evolved,6
perception,23
student's,5
weightiness,66
deter,7
attuned,3
expressions,8
pride,13
separate,67
occasions,7
wrestle,32
joint,13
class,76
unity,43
bombarded,9
conform,30
champions,32
stick,39
recommendation,12
objections,5
portrays,22
helping,105
setting,231
framed,80
guilt,9
trauma,10
generated,14
buzz,12
lose,23
factor,42
route,33
character's,4
relates,24
night,33
tapping,7
hesitate,33
flowing,31
pick,33
appeals,34
wide,29
fantastical,10
duality,35
concerned,167
alternate,10
featuring,51
slot,2
manages,16
flair,7
healthful,1
faith,3
broadly,7
brilliance,19
chore,2
undermine,10
imaginative,119
era,31
search,5
compared,51
suggests,1
intrinsic,9
takeaway,42
fitting,132
educated,3
graduate,76
standalone,5
effortlessly,2
cinematics,1
delivering,52
generations,52
intensity,63
fulfilling,35
effectiveness,3
intellects,4
relax,18
hitter,1
warm,16
arcs,5
punch,4
equality,28
focuses,38
past's,6
powerfully,43
success,55
spike,1
nurtures,30
animations,1
motivational,11
accomplishes,21
diminish,21
harness,25
interactive,103
hosting,93
facilitated,11
prioritized,10
demonstrate,13
bridging,49
double,29
scheduling,30
consecutive,2
treat,2
themed,50
sessions,38
knowledge,219
projects,39
enabling,26
guest,39
speakers,39
professionals,3
educators,36
specialize,2
appreciation,50
elevate,52
rewarding,38
schedule,33
dates,4
holidays,1
faculty,38
processing,10
refine,20
reaching,107
availability,4
publicity,1
posters,6
announcements,4
6,11
feedback,144
mechanism,6
resonated,6
improve,3
wait,35
seniors’,48
special,117
stay,46
implement,33
updates,3
barriers,21
teenagers,32
toll,2
job,22
merely,109
centered,62
accessibility,95
acts,3
varied,32
thus,45
ears,22
line,54
liberation,2
transformational,5
laden,16
invigorate,7
missing,44
freely,38
shadows,9
clearer,32
distinct,39
talk,33
adolescence,18
early,9
hoping,56
somewhere,11
rigor,13
reflecting,128
relieve,8
stress,73
incorporates,75
satisfy,46
went,5
revolve,10
things,84
onboard,4
merges,5
shifting,8
pulling,5
supports,30
progress,139
finalizing,52
panels,19
coupling,11
adventure,38
concept,41
leverage,28
hashtag,2
photos,1
map,3
flow,18
tentative,2
agenda,14
section,15
dedicated,29
wall,4
drawings,2
keepsake,1
tangible,7
intersection,13
deepen,46
proposed,38
alike,13
charming,11
revolutionary,1
typical,8
experiencing,70
storyline,25
introspective,25
ambitions,31
cultivating,31
elevates,12
goals,93
facets,27
consolidate,2
wider,94
groups,28
gardening,7
relating,15
plants,5
garden,11
visualize,4
finishing,4
lived,44
shifts,14
phenomenon,36
talking,35
riveting,5
understated,32
pair,38
mentioned,98
cover,39
bases,6
guns,1
experimenting,2
involving,48
aspire,16
turbulent,10
general,10
relying,6
expect,15
knows,22
call,71
that’ll,1
less,79
innovations,21
predominantly,4
food,18
timing,12
managing,5
expected,3
approaching,50
pointed,2
wrapping,11
runs,16
affair,1
meant,32
new,218
canvass,1
send,35
met,3
simple,38
brief,93
introduction,53
explaining,5
(empowerment,1
etc.),2
distribute,5
via,6
email,9
school’s,3
receive,40
sent,2
ample,9
review,10
adjourn,1
visual,49
coupled,26
comparison,15
philosophical,48
thing,19
palpably,1
adolescents,8
labels,6
places,27
four,2
bittersweet,2
invoke,19
defined,7
external,13
standards,19
demographics,6
operates,2
leap,10
dilute,55
unified,22
palette,2
cause,3
confusion,4
contemplation,71
gravity,266
lays,15
bare,3
unwavering,91
gentle,9
nod,6
conscious,6
role,185
maintaining,63
inadvertently,15
possibilities,85
interludes,1
celebrative,1
bigger,18
looming,16
horizon,2
daunting,81
affording,1
center,53
horizons,8
encompasses,54
rejoice,1
friendships,9
stifle,7
underscores,10
paired,39
segments,9
volumes,19
vehicle,39
decides,16
strive,31
substance,59
amongst,37
conformity,11
suited,28
revolves,5
devastation,2
lend,10
stages,26
mirrors,20
fervent,3
saying,28
circle,7
drowned,1
miss,102
language,5
whimsy,28
act,34
threatening,2
dig,17
warrants,9
multifaceted,120
beacon,1
accommodate,6
explorations,25
collectively,49
pursuing,23
cleverly,13
motivate,46
accomplish,15
bogging,2
aligned,41
educating,17
fulfillment,6
rise,7
adversity,1
teach,33
generation's,4
contemplative,9
prepares,174
motivating,22
securing,3
builds,5
climate,57
happen,61
tries,26
joyfully,18
denying,24
lay,51
groundwork,46
milestone,92
source,35
differ,20
accept,23
fresher,3
communicates,7
dense,32
pop,13
necessity,54
shouldering,1
deal,10
teaches,41
observing,18
dynamics,26
attest,10
steeped,16
rightly,4
sight,21
ignite,189
contexts,87
uncertain,30
unapologetically,6
gravitate,14
grasp,46
pivot,16
slightly,10
principles,10
project,36
says,1
challenged,24
acknowledged,6
fortifying,3
characteristics,2
valued,26
harder,11
pit,2
invite,182
grounding,36
prefer,55
thinkers,38
esteem,23
internal,3
precedent,9
driving,3
indispensable,13
destinies,4
positioned,12
predefined,5
recognizes,15
fantasy,4
validation,7
reinforces,21
instigate,29
elevating,7
world's,12
starts,2
examine,37
serving,27
affirms,3
settle,49
highly,39
frameworks,9
history's,27
responsibly,27
catalyze,18
drifts,1
motion,13
emerging,32
sparked,117
affect,61
fuel,16
emblem,1
bearing,6
looks,15
demeanor,1
placing,19
somewhat,19
sake,15
year’s,2
note,18
dolls,21
business,26
quality,21
barbie's,35
surely,40
mark,31
verge,36
superficial,18
mold,14
therapeutic,1
escape,86
immerse,8
productivity,1
spirits,129
diplomatically,1
finale,3
honored,11
rallying,4
started,26
responds,26
concluding,11
looms,1
escapade,6
undeniable,26
discusses,15
buzzes,1
side,43
alienating,14
rooted,71
witty,4
intertwined,22
relish,6
ideally,11
catalyzing,3
seriously,34
inclination,71
leaders,141
sway,92
potency,4
instant,3
factors,22
splitting,9
caters,24
excite,4
draft,111
major,11
secure,14
trends,7
sit,12
drama,58
schoolers,23
near,23
representations,13
assurance,4
attributes,10
invigorated,5
opposed,22
severity,1
exposure,31
empathy,40
effect,12
taught,10
stronger,63
reasoned,3
doubt,57
cope,1
begins,6
shown,54
capabilities,3
uncomfortable,39
truths,87
comfort,23
develop,67
resilient,12
foundations,1
mature,29
hard,86
weighing,45
uncharted,1
territories,3
fundamental,45
initially,19
overly,38
equipping,128
road,19
investment,5
anchoring,5
inevitably,116
supplementary,63
nearing,14
existence,31
method,13
outlined,22
active,33
participants,10
shapes,67
finally,29
interconnection,1
asking,15
team,9
divide,11
momentum,39
iconic,5
character,89
sort,23
juxtaposes,3
ignore,13
spontaneous,2
expects,7
trying,649
backgrounds,17
included,39
kids,30
vibrance,6
summarizing,7
prepped,1
formally,5
specifics,13
complicated,37
wit,4
disconnect,4
men,2
women,8
involvement,16
overview,18
ownership,15
synopsis,5
outlines,8
tied,31
synopses,3
form,66
accurately,1
product,1
illustrating,8
viewers,137
phases,12
placed,20
laid,39
drafts,7
shortly,8
questioning,25
adding,30
contrasting,22
dare,5
entire,25
movement,3
inclusion,14
transcends,68
intrigued,16
sheer,29
element,58
raises,90
educates,21
close,45
happens,10
recreational,1
stimulation,12
accompanying,13
imagine,80
watched,7
launching,23
logistics,37
breakout,18
hammer,1
gone,4
enthusiastic,30
independent,2
atomic,249
bomb,218
scientists,17
disillusioned,2
inconsequential,1
differently,25
readiness,28
regard,22
discovering,24
intersect,27
discount,10
intricacies,66
expressing,26
biased,1
somehow,11
defend,3
inquiry,29
running,5
unproductive,2
spirited,90
provided,54
gatherings,4
science,338
splendor,1
auditorium,8
tremendous,25
maintains,15
pretty,3
intense,108
accuracy,2
engagements,8
resonance,70
anxiety,15
wonders,7
morale,9
occur,6
affirmative,2
touchstone,13
compelled,39
flick,5
colors,29
tunes,1
everyday,29
infused,7
technology,188
richness,70
unprecedented,5
juxtaposing,11
waters,4
daily,38
mainstream,3
responsible,101
citizenship,8
living,20
suppose,6
conveyed,20
contemplating,37
rotating,6
solidifying,9
surface,85
physics,1
solemn,10
imaginations,17
limitations,8
propels,1
comparing,9
bravely,2
masterpiece,48
cater,106
utilize,24
shy,93
contrary,6
witness,15
prevailing,5
portrayed,36
notions,18
measured,1
infuse,20
takeaways,52
pondering,12
matched,5
digest,24
reminding,30
pushing,51
mirrored,2
accessing,1
human,469
compassionate,3
leaned,4
emerge,55
monumental,63
mindedness,53
problems,4
comprehend,3
consciousness,13
judgment,11
encouraged,68
preparatory,3
advantage,8
valuing,24
earlier,7
lacks,13
expanding,3
surprise,7
derive,9
rightfully,3
presses,1
laying,20
structuring,23
interplay,13
echo,22
meanwhile,7
strengthens,2
doors,34
familiarity,4
introducing,123
letting,38
split,7
excel,3
fields,27
timeline,30
arrange,27
darker,44
evokes,17
continued,61
impending,36
applications,15
healing,2
spades,8
rationale,18
juxtaposition,7
mapping,2
humanity,126
flawed,1
genius,6
gray,11
fine,12
tune,5
reinforcing,19
run,63
smooth,7
delivery,3
counterpoints,12
strengthen,26
aids,4
quotes,12
testimonials,5
festival,6
standpoint,14
clips,28
images,2
reviews,1
credibility,2
committee’s,2
putting,41
foot,1
luck,9
channel,12
term,94
burden,67
fictional,2
enormous,6
fuels,5
invokes,8
blast,2
energized,21
mutual,34
standout,7
scene,8
numerous,12
quirks,2
marks,20
depths,14
least,28
concludes,2
garner,12
rally,15
overwhelmingly,16
man,12
thoroughly,42
vibes,9
couple,21
secondly,13
comic,2
enticing,12
shouldn’t,30
constantly,25
shadow,9
disheartened,2
affinity,1
goes,67
lie,61
allure,42
imminent,9
validity,4
unlike,8
encompassed,2
override,2
whole,49
varying,13
action,51
lengthy,2
purely,14
theater,8
imperative,30
it’ll,12
traversed,3
playfulness,11
interesting,81
entirely,52
diminishing,17
delighted,37
formalizing,4
front,26
marvelous,2
coffee,3
answer,2
inclusiveness,6
infuses,5
covering,10
sweet,3
spot,11
harmonizes,2
formulated,1
teaming,1
coherence,1
united,6
pull,20
second,13
effective,28
polished,2
base,28
headed,7
cute,1
doll,38
catching,5
advocacy,57
discover,21
universe,4
shying,27
underlying,25
accompanies,12
reaction,3
tapped,1
took,8
anonymous,2
beforehand,12
persuaded,11
considers,10
echoing,7
packed,16
spur,33
fond,13
planting,10
propel,3
harmony,3
budge,4
imagines,1
bounds,2
documentary,2
lifting,10
shift,39
informal,26
hadn’t,1
anticipated,2
organizing,70
morning,1
pulse,3
prestige,1
invested,37
organic,6
likelihood,1
skepticism,1
disengagement,12
necessarily,13
curiosity,64
channels,8
overshadowed,23
jumping,4
incorporated,6
decorate,1
venue,1
approached,52
promising,30
display,2
interpretations,10
trivia,5
game,1
facts,8
interaction,16
earth,1
bold,14
inner,3
arts,7
link,9
burdening,11
bear,17
prior,6
receptive,23
fundamentally,27
fashion,12
affirm,4
added,16
roll,61
eyes,18
burdensome,21
stone,8
announcement,9
properly,6
clubs,1
ball,3
rolling,9
prominent,4
adequately,89
hate,12
hitting,7
successfully,14
struggling,5
regret,10
platforms,6
essays,3
smaller,10
avenues,60
lift,20
designate,6
semester,3
resolving,1
lands,9
folks,18
aren’t,10
marking,5
grim,4
undertones,18
altogether,6
kick,19
festivities,9
roundtable,2
separately,12
flexibility,56
comprehensively,5
intricate,46
enterprising,1
obliging,1
temper,1
mine,8
optional,10
states,3
firsthand,11
messaging,45
wrestling,16
oppenheimer’s,24
settled,7
activity,85
multitude,11
tailored,15
acceptable,17
diverge,8
significantly,79
tells,38
intimately,4
pathways,26
counterpoint,12
explored,101
rights,4
teachings,3
liberating,7
suggesting,36
garnered,2
vividly,3
pressured,8
female,3
citizens,94
encountering,16
edge,12
argued,4
quest,14
uses,10
injustices,1
exist,7
revamps,1
icon,3
whoever,9
listening,14
thereby,9
historic,10
sincere,9
visions,47
introduces,31
pertains,3
youth's,3
workforce,19
independently,1
boost,10
pitch,18
pinpointing,2
types,15
begin,68
list,12
q&a,21
adjust,14
reimagines,1
classic,3
mixed,14
illuminating,6
program,48
undercurrents,1
linking,13
closing,19
negate,10
thinks,33
children,7
contributes,13
mere,77
children's,7
negotiate,5
essentials,2
credits,55
root,2
intact,3
ignored,5
match,17
recognized,4
superior,74
recently,7
existential,33
elicit,17
focal,12
demonstrates,18
pursued,2
sticks,3
brought,53
preserve,5
arrangements,18
impressive,16
deserving,4
correctly,10
adamant,2
charm,90
issue,15
reconsidering,15
momentous,33
dreaming,13
festive,19
shortlist,2
excites,13
gladly,24
coordinating,5
endeavor,18
magnificent,5
gripping,33
detached,1
proposition,26
leveraging,6
poses,48
insert,1
fills,3
unable,36
instills,21
inspirational,22
launchpad,21
situations,36
easier,40
neglecting,5
broach,2
heartened,3
characters’,5
depending,8
proceeding,6
aside,20
check,6
touchpoint,6
lately,4
lastly,10
worthy,27
owner,12
inhabit,21
calendar,2
noticing,1
style,24
happier,2
healthier,4
flavor,3
ones,34
disregarding,4
devil’s,1
soundtrack,8
didactic,2
handed,13
participating,3
enable,12
marry,13
design,21
extracted,1
commit,35
literature,4
affirmation,15
premise,4
honing,2
deny,12
curated,4
contextualize,12
observers,1
ultimate,17
integrated,17
works,18
scenes,17
upbeat,34
nice,24
exuberantly,2
feast,5
tunnel,1
overcome,4
closure,7
linger,26
longer,17
person’s,2
farewell,19
supposed,1
formats,10
advanced,2
programs,11
absorb,11
affectively,1
months,9
epic,6
trigger,3
struggle,24
flooded,1
technological,89
cases,14
battling,1
contenders,2
hook,2
colorfully,2
broad,20
invigorates,4
soften,3
venturing,7
precisely,18
hopefulness,2
explorative,3
teenager,1
mentorship,3
parallel,20
dwelling,2
academically,15
socially,16
expressed,16
utilizes,4
unifying,6
isolated,1
facet,3
exterior,7
mirroring,8
degrees,1
unless,5
assembly's,4
overlapping,1
guideline,1
witnessed,19
reminiscent,4
constructively,6
benefiting,8
detail,7
convincingly,2
detailed,9
worked,10
eyebrow,2
invoking,3
minded,10
companion,9
cares,3
plenty,13
derived,15
intrinsically,2
mindful,13
pose,16
earnest,6
longing,1
forum,33
gratitude,1
divergence,4
universal,14
anchor,4
apart,6
appropriate,32
substantive,13
forging,13
intersections,4
immersive,8
coincide,3
extraordinary,40
approachability,7
applicable,17
preconceived,1
intelligence,31
conforming,7
scope,5
intention,46
nurtured,4
embolden,2
communities,17
contributors,8
alternatively,3
faceted,12
holistically,8
gathered,11
marvel,6
dread,7
impose,15
reactions,20
sweeping,1
respectfully,53
centers,9
channeling,1
endorse,4
explicitly,1
wise,17
solicit,3
community's,14
confines,8
complemented,6
aesthetic,17
craving,9
grand,11
scheme,3
world’s,17
darkest,1
distract,4
complementing,14
forums,8
debates,26
beginnings,16
enforcing,1
attendance,10
rushing,1
information,14
arrived,11
solidify,27
truth,6
engagingly,4
specifically,16
beloved,10
establishing,13
assembling,2
charge,5
establish,32
committee's,4
sooner,4
pleasant,3
bypassing,2
equal,5
measure,7
frothy,1
nourish,4
welfare,1
18,1
olds,1
consequential,18
counterweight,1
entangled,1
2023,1
antiquated,1
deriving,1
local,10
navigated,27
viable,27
strategies,11
alumni,1
triumph,8
protagonists,1
audiovisual,1
equipment,1
seating,3
welcoming,29
panelists,1
mechanisms,3
evaluate,20
flesh,8
heading,30
family,5
friendly,6
represent,17
chart,5
boxes,6
try,6
examination,35
vulnerability,8
redefining,9
melds,3
halfway,11
definition,10
reference,10
addressed,22
analyze,32
theories,1
comfortably,4
impressions,17
uphold,15
examples,13
statistics,3
modify,7
sections,9
descriptions,3
enhancements,1
flows,7
intended,6
elaborations,1
order,7
explanations,1
parental,4
phrasing,2
j,170
robert,176
surroundings,9
deliberate,7
sequencing,2
enhances,28
intent,36
establishes,2
outset,5
brightly,6
colored,1
safety,3
document,6
peer,6
maximize,18
families,6
participate,29
print,1
tweak,6
proud,25
accomplished,8
clock,3
ticking,4
abundance,10
plain,2
noting,10
demographic,9
weighs,10
demanding,4
entails,4
disappointment,1
reluctantly,2
meanings,7
rigid,17
subtly,14
status,12
quo,12
advancement,205
throes,1
teenage,5
shirking,1
participation,32
model,7
choice’s,1
arriving,4
expand,15
stifling,1
environments,9
masterful,35
divided,7
viewed,7
deepening,9
synergy,9
pitting,5
digs,6
vs,2
dots,8
data,5
anecdotes,8
viewings,6
impacted,7
lined,3
circumstances,13
looked,5
assignments,5
reflected,22
journaling,5
landed,10
jump,11
teetering,1
energetic,15
empathize,4
respite,15
flexible,7
logistically,2
digging,4
agreeable,26
brighter,6
period,75
unites,4
talent,5
articulating,6
preparations,3
brainstormed,4
supplement,11
sunlight,1
rain,1
flourish,11
correlation,2
undertone,3
terrible,1
civic,2
embedding,10
meld,3
depiction,10
similarities,2
haven’t,12
inflexible,1
resources,37
overwhelm,21
daunted,1
magic,7
considerate,7
adapt,13
camp,8
injects,3
desperately,8
recharge,4
demands,55
assuredness,1
exemplifies,7
funny,1
marrying,8
steering,9
earnestness,6
initiatives,19
exceptional,46
assert,11
overcomplicate,1
unwind,21
influenced,14
unapproachable,2
transformations,2
enables,13
crucially,1
interweaving,2
adopt,3
brushes,2
solving,4
invest,1
unfolded,2
cooperation,7
evolves,12
conducting,15
statement,15
finish,4
collecting,3
succinctly,2
sentence,1
description,3
revised,2
[insert,2
date],1
you’ll,14
ride,4
method],1
efficiently,3
handing,1
physical,1
copies,1
announce,3
conversely,13
favorable,3
infectious,15
stirs,5
motivates,6
inhibit,2
passive,4
follows,11
it'll,17
tempted,1
talks,5
enhanced,2
grace,3
array,10
steer,17
turns,18
magical,2
resonances,2
relaxed,22
access,3
centerpiece,24
deliberations,4
understands,9
ripple,25
assess,20
achieved,14
compile,3
assist,6
artistic,54
counterarguments,7
underestimating,17
strict,5
prevalent,5
readily,13
underscore,5
aiding,3
validating,4
smart,2
nuance,15
underscoring,4
respective,38
dialog,8
assistance,8
distraction,7
walls,15
essentially,8
welcome,30
historians,1
ethicists,1
screens,1
intend,5
garnished,1
mission,9
built,11
whenever,3
permeate,2
symbolism,1
threads,3
exclusive,4
function,1
departments,2
gained,12
outdoor,1
initiative,32
snacks,6
drinks,1
suits,6
held,5
owe,28
adventurous,3
posed,35
manageable,2
beneath,6
broaden,17
reassure,2
midst,3
central,19
discourage,2
seamlessly,14
integrates,7
guides,6
developing,33
pause,8
upliftment,9
preserving,6
devoted,5
softer,3
imposing,2
largely,5
tap,13
zeitgeist,5
movie’s,4
inherit,20
dismantles,1
dismantling,1
reaches,4
lights,2
directions,4
breaks,8
instigates,3
objectives,19
extremely,13
intensely,4
links,3
affection,3
aligning,24
enthusiasts,1
influential,11
alternatives,14
span,2
sitting,3
embraced,7
driven,15
capturing,26
seize,6
hesitation,3
lacking,4
career,15
aware,45
excels,17
chase,7
constrained,2
strokes,1
component,22
nicely,6
injecting,2
rightful,1
exuberant,6
prove,25
probe,3
threshold,30
figure's,1
solace,1
iron,8
beckoning,1
palate,2
cleanser,2
cross,7
generational,10
rooting,6
alternating,7
transform,3
akin,9
official,6
winning,6
flyers,2
blossoming,1
springtime,1
promotional,12
extra,6
promotion,5
online,3
attract,7
submit,3
businesses,2
studios,1
they’d,12
sponsor,1
jotting,1
treasure,2
goodbye,6
featured,31
capacities,3
sensibilities,2
disjointed,1
straight,1
tonal,1
interfere,1
reason,19
pathway,35
disguise,1
casts,2
net,2
lack,38
strategic,2
managed,2
smoothly,9
outreach,4
word,4
dress,2
layer,35
who'd,1
wednesday,3
afternoon,6
independence,19
culmination,7
rejuvenated,2
reconcile,12
promise,10
gift,13
halls,2
ending,6
jubilant,5
alienated,3
eclipse,3
aspiration,17
pursuits,23
production,3
tight,3
casual,18
inherently,15
priority,18
accomplishment,7
conditions,2
imperfection,1
transformation,10
co,8
chime,4
turmoil,5
duty,7
latter,16
alienate,9
intimidating,18
organically,16
turning,22
allowed,4
forcing,9
misses,1
reinforced,3
primarily,25
entail,4
joyfulness,6
that'll,1
chat,5
partial,2
exceptionally,13
affirmations,2
attendees,15
meantime,7
decisively,1
pandemic,3
ingenious,1
energetically,2
endured,1
fluidity,3
supplementing,9
inside,2
stems,22
embodied,13
crowd,5
exercise,16
boldness,3
setup,6
similarly,11
capable,27
charting,3
imprint,7
remote,1
anxieties,6
realization,7
creators,5
advantages,7
exposed,15
summarize,11
sell,3
grain,1
lost,22
dramas,6
championed,2
instigating,2
referencing,7
unparalleled,55
adjusting,2
encapsulating,5
listing,3
mutually,12
comedy,8
receptiveness,3
used,6
other's,15
rejuvenating,1
sending,11
reserving,5
received,13
prospect,12
aid,17
filmmaking,40
vehicles,4
achievable,1
fleshing,5
notes,12
representing,2
usually,4
agreed,6
amazing,1
statements,3
equity,1
scrutiny,4
warms,2
retain,8
documenting,1
additions,7
conquer,1
incite,15
features,16
dimensions,41
limitless,4
catalysts,5
careful,17
disregard,15
steadfastly,6
symbolizes,5
assure,16
harnesses,3
version,2
ken,1
service,4
invited,3
speaker,18
defies,2
dedicate,6
implements,1
sights,1
lends,6
outright,8
supported,15
pronounced,2
showings,2
illuminate,33
query,2
aimed,13
fronts,8
energizing,8
cohort,6
committing,13
apparent,4
swings,1
fits,14
plethora,3
stressors,4
finals,3
timeless,23
forming,21
movie's,22
portraying,8
unify,4
permits,1
universally,9
cerebral,3
navigates,8
admirably,1
breeds,1
study,10
lowers,1
defenses,1
wondering,5
commemorate,3
reality's,1
attitudes,1
matches,8
ingredients,2
vivid,11
unknown,8
quintessential,2
other’s,4
company,2
overshadows,2
successes,7
suit,3
induce,4
temporary,1
cherished,11
heartwarming,11
bask,6
admiration,3
understandably,1
completed,1
togetherness,11
detracts,1
preparation,26
happily,7
daresay,1
account,25
pacing,1
regarded,1
pad,11
staying,14
ponderings,2
negativity,2
breakdown,4
exuberance,12
came,8
dramatic,12
junction,9
energizes,5
vary,4
reluctant,1
teacher,3
specializes,1
knowledgeable,4
relatively,2
confusing,4
milestones,5
fleeting,5
bravery,2
grown,4
announcing,1
buoyant,3
references,8
efficient,1
librarian,1
communicating,6
endure,3
poignantly,2
oriented,4
rejecting,1
felt,8
problem,2
renewed,6
envisioned,3
oh,20
binaries,1
plant,6
avoiding,5
expectation,8
affords,3
practical,16
decidedly,2
respecting,22
t_think_we_can_compromise,1
=,1
(),1
=>,1
{,1
fervently,3
},1
fulfill,9
objective,6
concentrated,2
disappointed,3
couldn’t,17
integration,5
interpretation,3
despair,2
marries,3
residents,1
reflectiveness,1
formed,1
fabulous,1
contributing,4
toned,1
complete,8
awaken,2
campaign,1
marketing,2
broadens,1
headfirst,2
formalize,2
envisioning,8
lineup,3
remained,1
generally,2
dissecting,3
integrity,37
switch,1
gears,4
phrased,1
irrespective,3
downtrodden,1
ambiguity,13
served,5
person's,9
cheered,1
meetings,12
displaying,2
artwork,1
gleaned,3
ringing,1
coordination,1
tasks,3
according,1
critique,6
handout,2
bios,1
bounce,1
virtual,1
secures,1
thursday,5
café,1
chatting,1
jot,4
reinforcement,8
fairness,2
conducted,1
disinterested,1
inundated,5
fluidly,1
energies,4
healthy,20
attitude,2
eyebrows,3
loves,1
cool,1
afterthought,4
stimulated,2
drained,1
enlightens,4
yesterday's,1
kindly,6
alright,7
animated,4
totally,6
obvious,1
strategize,6
enjoyed,34
delights,1
twist,3
won’t,14
enlist,1
moderate,2
fashionable,1
bursting,2
arising,24
existentialism,1
senior's,2
enthusiastically,5
inquiries,19
deserved,2
bilingual,1
bet,1
educationally,2
reception,3
stated,1
extracurricular,2
sensible,7
loop,1
collect,3
intersectionality,1
academia,8
ice,4
unforgiving,1
sidestep,13
hugely,2
persistence,5
interpret,1
roadmap,1
intimidated,2
arguably,3
virtues,3
multidimensionality,1
fearlessness,2
nudging,5
switching,1
target,1
polish,3
accordingly,3
proven,4
ignited,12
accepted,3
responding,1
esteemed,2
hosted,3
club,5
tentang,1
fluid,3
principal,1
mistakes,16
vocational,1
favoring,9
unbound,1
reevaluate,5
emerges,6
wraps,11
opposing,7
appreciates,4
demonstrating,8
fulfilled,3
rare,12
spells,1
garners,6
validated,9
affectionate,1
created,16
attach,1
heightened,3
either/or,5
hopes,12
vitality,12
affirmed,6
frivolous,4
receptivity,1
founded,3
captured,14
clouding,3
performances,60
intimate,3
shoulders,9
staunchly,2
resistance,2
hoped,2
aftermath,4
embodiment,1
dominates,1
guarantee,2
prolonging,1
contains,8
reevaluating,4
tackled,3
ignoring,5
emphasized,10
exclude,4
augment,2
culminate,2
unfortunately,13
rigorously,3
corner,2
skillfully,3
consumerism,3
owning,2
wants,13
settling,5
styles,9
practice,7
speaking,5
phrases,1
rehearsing,1
continuously,4
rhythm,1
offerings,7
tweaks,3
smoother,1
round,6
inflection,1
adulthood…,1
(pause,1
gesture,1
attention.),1
barbie'…,2
(transition,1
smoothly),1
coherent,2
liked,1
contact,2
gestures,1
confirm,5
sensation,1
friends,4
paying,2
homage,3
initiated,5
affects,3
parent’s,1
brave,1
volunteer,2
plunge,1
who’s,6
favorite,7
community’s,6
patience,6
parent,10
contribution,3
welcomed,2
now's,1
eagerly,1
anticipating,1
thriving,6
calling,2
witnessing,22
reassuring,7
standstill,8
credit,4
entrenched,3
revisiting,11
thanks,14
imagery,9
excessively,1
applies,3
helped,2
comedic,10
crises,7
torrent,1
intertwines,10
pursues,1
interconnectedness,7
appreciating,17
society’s,3
chasing,2
reveal,7
versatility,2
dictates,2
manage,3
retrospective,2
sidelined,3
captivates,13
hesitant,12
painted,3
treats,2
debriefing,1
sees,7
contests,2
debate/discussion,1
interact,6
covered,13
recommend,8
contest,3
school's,3
generating,1
screened,5
revolving,6
regular,2
laughs,8
confirming,2
socio,4
tends,6
impress,3
persuasion,3
consistently,4
capability,9
student’s,4
resolute,12
glitter,1
removed,3
recall,1
provocative,5
‘fun’,1
laughing,4
retention,1
pressed,4
cognizant,1
surveying,14
lifts,9
jr,1
fall,7
deaf,1
therein,2
bridges,9
displayed,3
cement,1
arc,3
sheds,4
never,5
bad,5
coexisting,1
harmoniously,3
terrific,1
charged,1
load,6
quizzes,1
amplify,4
harsh,13
broadening,2
re,9
condition,55
telling,3
spin,3
adaptable,1
gentler,1
opened,9
undue,2
surge,1
popularity,6
probably,2
conventions,3
probes,2
breather,2
marked,7
anticipation,6
rests,2
spreading,2
arrangement,10
dominating,2
room’s,1
streamline,2
attempt,2
dry,2
consumer,2
perfection,3
expert,1
poetry,1
performance,6
approval,9
unconventional,4
stretch,4
plates,1
sorts,4
inching,1
stimulates,17
recap,3
flip,4
political,7
trivial,4
brighten,2
flaws,2
license,1
direly,1
leader,3
educator,2
deliberately,1
attracts,1
songs,3
partake,5
shed,14
deliberating,4
warrant,12
alleviate,4
continually,5
ripe,2
emotion,15
societies,8
auxiliary,1
centering,3
relieved,2
denied,2
splash,3
prefers,2
mini,3
finds,2
networking,1
abundantly,1
dissection,2
criteria,1
imparted,4
retains,6
believer,4
handles,3
relationship,4
sharpen,3
inject,6
histories,5
executed,3
youths,3
retired,10
intricacy,1
extraordinarily,2
attainable,1
enjoys,3
weighted,3
icebreakers,2
candidness,3
dovetail,1
conjunction,19
mentioning,3
surpass,1
kindness,2
sprinkle,7
tier,1
personalities,2
nostalgic,5
reacts,3
traits,12
moved,2
thrilling,2
wellness,2
extension,3
lessening,1
cheerful,16
superb,1
acting,5
counter,10
backyard,1
party,3
fondness,5
cheer,4
elation,1
lets,5
transforming,1
containing,2
regrouping,1
identifying,4
formulating,4
buttressing,1
mainly,1
spectacular,4
keeps,9
stir,12
journal,3
updated,3
prep,2
bind,1
noteworthy,8
unanimous,1
block,1
aspirational,3
seminar,3
finalized,3
eloquent,2
conceal,1
culturally,10
remove,1
sends,5
applaud,5
complications,5
reclaiming,1
won,1
entwined,3
homework,1
endorsement,2
idealized,1
convincing,14
deadlock,2
tad,2
contained,5
words,7
underline,2
ambiguities,6
insist,11
boldly,14
wrestles,3
stark,31
wholesome,4
interdisciplinary,3
greatest,11
landing,1
alignment,7
talked,3
left,15
sacrifice,18
determining,5
shuffle,1
proposals,1
ended,10
contending,2
unlikely,4
defended,1
advocated,2
person,5
grew,2
playing,4
barbies,1
reminded,3
spurs,3
outweighs,22
overlooks,3
exquisite,2
grueling,1
grind,1
competing,2
older,7
consult,2
delightfully,2
geared,2
eloquently,3
expresses,2
heavyweight,2
contender,8
birthdays,1
preserves,2
compete,5
minor,1
adjustment,1
participatory,1
receives,4
unpacking,3
franchise,2
subdued,1
traverse,3
manifest,3
assigning,1
banter,2
matures,1
engender,3
sobering,10
liberated,3
adults’,1
acclaim,5
striving,11
pay,1
detracting,7
professional,17
hearken,1
proudly,2
excluded,1
overstated,16
blossom,2
implore,4
potent,22
apprehensive,4
worldview,29
loose,1
confined,2
duties,3
excuse,3
fruition,19
studying,3
ups,3
provokingly,1
selects,1
ooze,1
fight,3
attend,2
wrestled,2
meticulously,1
circling,4
outlets,2
justice,8
skew,2
stays,8
area,2
disengaged,4
salient,1
repercussions,58
graduations,2
heightens,1
overtly,2
intellect,26
satisfied,11
lure,1
lightheartedly,2
markedly,1
foundational,42
vantage,1
tailor,4
elicits,5
dispute,1
secondary,19
condensed,1
spinning,1
wheels,1
workable,6
reworking,1
fullness,2
educationalfilmviewings,1
solidified,1
externally,1
identifies,1
exhibit,2
lowered,1
welcomeness,1
theoretical,3
satisfying,9
straightforward,14
tally,3
constricting,1
coin,2
clip,4
lightweight,1
worries,2
rite,6
passage,6
emanates,1
dazzling,2
conduit,8
half,3
gearing,1
extract,7
audience's,3
persuade,15
grab,2
activate,1
definitions,4
progressive,3
purposes,14
urgently,1
sparkles,3
walks,3
downer,2
suitability,3
fearlessly,4
multidimensional,6
phenomena,2
higher,15
gravitating,4
desired,3
impacting,8
drain,1
wiser,2
outweigh,21
joyously,2
departure,4
recreation,1
brand,4
conflict,8
amplifies,4
trivialization,1
crafts,2
distinctive,3
snippets,3
capitalize,2
analyzing,3
junior,1
harm,3
conceptualize,1
previewing,1
earnestly,3
prudent,7
adhere,1
number,5
dictate,4
seasoned,1
resounds,1
shares,4
destruction,28
individualistic,1
carefully,11
isolating,2
recount,15
reinvent,1
processes,13
mixture,4
cinematography,52
adhering,1
restrictive,2
investing,3
embarks,1
overcoming,2
realizing,7
skill,35
linked,2
upsides,1
connectedness,2
stoke,1
task,3
compartmentalize,1
distinctly,9
super,1
disarm,1
tension,7
playfully,3
models,1
edges,1
territory,4
immerses,4
guess,2
protagonist,4
stripe,1
emerged,1
wrought,1
feeds,1
retaining,4
usher,3
sidelining,6
befitting,1
radiates,1
muting,1
bound,10
flat,1
juxtapose,7
specified,1
candid,8
swift,1
proposes,2
facilitators,12
illuminated,8
tried,6
sparkling,2
disengaging,2
limelight,1
reexamining,1
compellingly,12
polls,2
inventive,3
contention,2
dash,1
connective,1
overhead,1
slice,2
reading,1
whereby,4
explicit,1
hidden,2
weaves,7
unintentionally,2
marginalize,1
storylines,2
generation’s,2
ingeniously,1
scholarly,3
dismissed,7
scaffold,1
resist,5
relaxation,1
landscapes,16
glimpse,15
previous,10
thereafter,4
charmingly,1
humorously,3
unfolding,4
wartime,4
diversification,1
multilayered,2
unfortunate,5
flurry,1
constant,2
brightness,2
exists,5
predict,2
potentials,3
subjected,1
exclusively,5
embodying,4
architecture,1
succession,2
reserved,1
density,1
schools,5
mixes,2
branch,2
saving,4
reserve,3
forced,1
signify,1
event’s,1
extends,23
spotlighting,1
candidates,1
confirmed,1
representative,2
judgmental,1
basis,2
harmonously,1
useful,5
it'd,2
dulling,1
meal,1
salad,1
saturated,2
nourishing,1
clarification,2
noted,7
restorative,2
opt,15
inward,3
fulfills,4
phrase,1
girls,1
boys,1
anthem,2
materialism,1
poking,1
surrounded,3
freedoms,2
phenomenal,4
methods,3
diversify,1
elegantly,2
urgent,17
grants,2
metaphor,4
informs,15
foresee,5
inquire,1
pass,4
sprout,2
boosting,2
campus,1
missed,11
appear,5
reframed,2
realizations,8
heighten,2
reckon,5
depression,1
devoid,6
pros,4
cons,4
echoes,6
caliber,2
paves,3
swiftly,1
elevation,2
testament,13
confronts,24
outward,1
spawned,1
reticent,1
contradictory,1
satisfactory,8
confess,2
confrontational,1
wrapper,1
shedding,4
swell,1
reveals,5
stellar,6
altering,4
simpler,1
hallways,1
divert,4
drowning,1
catharsis,1
attracting,1
exchanging,6
confining,2
lots,2
genres,2
underlines,2
critiquing,2
natural,4
7,3
icebreaker,8
occasionally,1
veering,6
possess,4
breathes,1
veers,1
negotiating,3
mulling,2
plastic,2
attractive,4
paradigm,1
bubble,2
voicing,2
impactfully,1
unconvinced,6
branded,1
intimacy,1
persist,5
wildly,1
hinting,1
pleasantly,1
fueling,2
vibrantly,1
underlining,2
overstate,2
immediacy,5
unearthing,1
silence,1
urges,11
courageous,3
brightens,1
understandings,6
commitments,3
touched,4
advance,6
lightens,5
bloom,2
innovate,7
instincts,1
(identity,1
motivations,5
marginalized,1
facilities,2
intelligent,2
splendid,7
attachment,3
feat,1
reassurance,2
widely,3
viewer,4
morals,5
straightforwardly,1
simplicity,1
welcomes,4
opting,29
reform,1
seated,5
dreams–things,1
assertion,3
desirable,2
equate,1
equips,29
intentional,3
outlooks,3
devise,5
unlocking,2
total,1
garnering,1
spend,2
indirectly,2
flight,2
fancy,1
spurred,9
title,4
decisive,4
moment’s,1
dares,4
instantly,2
preconceptions,1
dialoguing,1
identification,3
ranging,4
guard,1
accommodating,1
interacting,2
answers,3
walking,6
picking,3
instrumental,10
shifted,3
defy,3
par,1
skeptical,2
realized,2
ceremonial,1
balm,3
urging,12
magnificently,3
manifestation,1
actual,4
respected,2
massive,2
knocking,1
duly,1
indulge,4
people’s,1
nights,1
fuse,3
heftier,1
mass,1
disguised,1
permitting,1
judgments,1
pivoting,3
belong,1
reassess,1
rigors,3
didn’t,1
kickstart,1
distanced,1
pastiche,1
contrasted,1
bearable,1
demand,23
distress,2
carves,1
paralleling,3
reactionary,1
gateways,1
system,7
asks,12
exercises,3
pen,3
mural,1
collage,1
synthesize,4
artistically,7
video,3
excerpts,2
solidarity,3
categories,2
wholly,2
newfound,6
progressing,3
people's,7
modernizes,1
body's,1
wave,2
aspiring,2
consent,1
lifelong,9
tribute,1
crowning,1
intentionally,5
wherein,3
brimming,1
forces,18
grasping,2
exhausted,3
combo,2
kickoff,1
packing,1
texture,1
swayed,9
lists,2
expansion,1
drives,5
evaluation,1
berth,1
extensive,4
attaching,1
airtime,1
biopic,22
mode,1
disengage,2
irreplaceable,23
worried,6
indelible,6
alleviates,1
scripted,1
fabric,15
headspace,1
notice,1
juggling,1
signifies,10
biggest,2
locked,1
lectured,1
gardens,2
permit,2
describe,3
converse,4
assign,3
youthfulness,2
targeting,2
idealism,1
charisma,1
dovetails,2
handouts,1
outfit,1
décor,1
photo,2
booth,2
props,1
tentatively,2
delegate,1
depicts,1
exam,1
philosophy,16
exudes,2
quietly,1
traditionally,4
joke,1
briefing,1
hungry,1
chose,7
produce,5
outstanding,15
yearn,2
collaborations,7
controls,1
perseverance,3
immersed,1
seasons,1
harvesting,2
turned,1
pulls,2
millennials,1
gen,1
z,1
buffs,1
bits,1
triggering,1
unusual,1
couched,1
gardener,1
group’s,2
polarized,1
winner,3
destiny,1
suffused,1
handful,1
regroup,4
umbrella,1
completeness,1
maturing,1
sensitive,5
lamenting,1
reassures,1
complicating,1
vivacious,1
costume,1
envelop,2
conflicted,1
depart,1
possesses,12
counts,5
hair,1
strongest,5
upliftingly,1
burst,1
ebb,1
juggle,2
illustration,1
synthesis,3
depicting,1
movies’,4
assessment,3
whilst,1
sincerity,7
consistent,5
breathing,1
reframe,4
unrealistic,3
favors,4
rate,2
stab,1
masterclass,8
discomfort,12
branching,1
reputable,1
nudges,4
classmates,3
arises,5
adolescent,3
immeasurable,1
disparate,1
resolve,3
competition,1
commonality,2
partner,5
animation,3
individualities,1
complicate,1
aftertaste,1
strives,2
fill,3
raising,5
motivator,3
pitfalls,1
nudge,1
youngsters,1
exit,3
exchanges,4
negotiation,1
products,1
reconvening,3
hits,1
searches,1
division,1
metaphors,1
women's,1
chaotically,1
yearning,1
disheartening,3
wisely,3
sourcing,1
acclaimed,2
whirlwind,3
lifted,1
launch,6
progression,3
anytime,2
arranged,2
promised,1
unpredictable,7
games,5
tenacity,5
elsewhere,4
nutshell,2
worrying,2
saved,1
reemphasize,1
reminders,3
behavior,6
reinvigorate,2
incentives,1
cookie,1
explains,2
basic,1
genre,3
elaborate,8
‘oppenheimer’,1
‘barbie.’,1
(please,3
more),1
sci,1
fi,1
specify),2
distributing,1
reuniting,1
abstractions,1
sidetracked,1
catch,7
bomb’s,1
inaccessible,1
harmonizing,1
realms,6
avoid,4
reduces,1
intimidation,3
unmatched,11
unknowns,1
symbolic,1
faux,1
constricted,1
normalize,1
discouraging,2
moderated,5
(like,1
entertainment),1
interpersonal,3
chuckles,1
cost,10
democratically,1
outdated,1
packaging,1
star,2
changed,12
obligatory,1
joyousness,2
sorely,4
generates,5
promptly,1
quickly,5
timeframe,1
monday,2
facade,2
mightn't,1
learners,2
provision,1
youth’s,2
cognitive,2
toss,1
upperclassmen,1
accountable,3
deadlines,1
weeks,5
spread,2
ins,1
vouch,2
activties,1
implementation,3
adjusted,2
prevents,1
versions,1
warmed,2
masterfully,6
divides,2
warfare,6
aesthetically,1
pleasing,1
surround,7
parties,4
applying,2
merger,2
compels,20
surrounds,2
prominence,1
enthralls,1
downplay,6
ethically,11
shining,4
odds,2
assuring,3
counterpart,2
convene,2
existing,1
flies,1
broaching,2
throwing,1
observation,2
fixed,3
communicative,1
humbly,2
stake,3
succeed,2
factual,1
enlighten,5
hint,1
grouping,1
savor,1
superbly,1
oasis,1
sciences,3
mostly,1
breaker,1
sketching,1
rough,3
category,1
failure,2
allocate,3
10,3
15,4
minutes,4
internalizing,1
ambassadors,1
mentors,4
quieter,1
mentor,1
event's,3
digital,1
invitations,1
ethos,3
fluff,2
reduce,1
thriller,1
documentaries,1
hours,1
spans,3
amount,3
tomorrow,17
wanted,1
lectures,1
gifts,4
lighting,1
exemplified,6
reward,1
but/or,1
crossover,1
shot,2
happening,6
artfully,2
adapting,2
comforting,4
promises,6
simplistic,4
throw,7
module,1
bulk,1
enthralling,1
contributed,3
gem,1
circumstance,1
postponing,1
indication,2
distribution,4
teachable,5
trait,1
portion,1
onward,3
ideologies,2
generative,1
tougher,5
soft,2
entryway,1
empathetic,2
tides,1
creation,86
politics,16
sector,1
executing,1
advancing,5
pace,8
gloss,26
gracefully,3
experiential,2
innovators,20
stirring,6
armed,5
nerve,1
wracking,1
eventually,14
hardest,2
occurs,2
hone,2
weightiest,1
arming,6
propelling,2
necessitate,2
morally,19
conscientious,27
dreamers,1
dared,1
pledging,1
finalization,1
attractions,1
peace,3
applied,2
grip,2
captivated,2
fare,11
assisting,1
intuitively,1
weapons,17
interconnected,8
technology’s,1
roots,5
technology's,3
demystifies,1
handling,5
wellbeing,7
misunderstanding,1
depriving,1
unravel,1
wield,4
astonishing,1
birth,2
employing,1
ensuing,2
kicking,2
latter’s,1
sophisticated,6
citizen,4
inventions,4
tragic,2
awry,1
tighter,1
warning,1
syllabus,1
modeled,1
trajectory,2
environmental,5
scale,31
resolutely,2
surpasses,3
bifurcation,1
father,22
ii,5
accolades,1
surprisingly,2
fraught,15
debrief,1
frivolity,3
immeasurably,1
arm,8
festively,2
failures,5
undertake,6
routes,3
trusting,4
richly,2
trials,2
transcend,21
politically,1
environmentally,1
technologically,1
persistent,6
simplified,3
longevity,1
intersecting,1
expands,5
joining,4
falls,1
pack,3
lying,1
benevolence,1
cultivated,3
pervasive,1
reconsideration,2
repeated,1
slip,1
staff,2
appreciative,2
disservice,7
nestled,1
comforts,2
individually,2
relies,2
behalf,3
rapport,1
unintended,4
christopher,49
nolan,17
nourished,1
soil,1
weights,2
recommending,2
emphases,1
commonplace,1
furthers,4
discourses,2
touchstones,1
redirecting,1
digesting,1
hinges,2
molding,2
cordial,1
pink,4
hues,1
glossing,10
humanity's,17
robustly,3
dimension,4
lasts,8
negating,1
compass,11
dichotomy,2
instilled,1
elicited,3
rely,2
reassert,1
contemplations,6
sideline,1
fertile,6
obscure,3
reaffirm,5
deprive,2
afforded,1
facilitation,1
restate,1
deliberation,2
excellence,2
classrooms,5
measures,1
inheriting,9
starkly,1
established,4
amusement,5
innovation's,3
uncover,6
children’s,1
clash,2
played,4
endeavours,2
interrogate,2
costs,3
fortitude,1
required,7
pioneers,1
rarely,7
navigation,5
vacuum,2
it’d,2
impressionable,4
graduated,2
privilege,1
history’s,4
justify,3
undivided,1
risking,1
precious,2
sufficient,1
encountered,1
resulting,2
scientist,2
extensively,2
misinformation,1
adequate,2
respectable,1
thread,3
experience's,3
revelations,3
guardians,2
groundbreaking,14
strife,2
curveballs,1
culminating,1
gratifying,1
finest,1
invention,18
reunite,1
entertainment's,1
preparedness,5
inevitable,2
dampening,2
hurdles,2
fruitfully,1
dawn,5
necessitates,4
test,3
conflicting,1
cooperative,3
attending,4
skits,1
moves,2
teenager's,1
ardent,2
reshaped,5
evil,1
consciously,1
spirit's,3
preclude,2
cillian,3
murphy,3
awe,2
provocation,1
token,1
reside,1
graciously,1
vessels,1
carried,4
caution,1
pertaining,1
rewards,1
relational,5
nolan's,30
philosophically,1
engineering,1
worldviews,12
breathtaking,4
arranging,5
evidence,4
sways,7
reassessing,3
apt,1
else's,1
harmonize,1
national,1
globally,4
encompassing,5
faded,1
manhattan,7
astute,4
underpins,1
expense,4
initiates,3
downplaying,2
reconceptualize,1
painting,2
gaining,7
conscience,4
unfaltering,1
arenas,2
cautionary,23
tales,3
jubilance,1
conflicts,6
weaponry,2
scrutinizing,1
convenience,2
breakthroughs,7
faster,1
realism,3
relenting,1
directed,7
proves,1
nolan’s,7
outshine,1
craftsmanship,15
extent,7
tread,1
frames,8
concurrently,2
stances,1
underpinnings,1
governance,1
prowess,2
demonstrated,3
observe,3
granted,2
exceedingly,1
chronicles,2
meditation,2
loaded,3
fragmented,1
lessen,5
rival,3
sorrow,1
continuation,1
uneasy,2
awaits,8
fold,3
analytical,8
smarter,1
existed,1
humanity’s,9
problematic,1
rendering,1
unprepared,6
influencing,6
pedagogical,1
preventing,1
recklessness,1
born,4
pitching,3
listened,2
sacrifices,3
experimental,1
individual's,5
prodding,1
unchecked,1
controlled,3
policy,1
activism,1
requiring,2
contextual,2
resounding,1
socialize,2
flourishes,1
impressed,5
colleagues,4
dressed,3
versed,1
debating,3
civil,5
fallout,1
replace,1
sophistication,3
intriguingly,1
optimal,4
enjoyments,1
discernment,3
ill,3
veil,2
cake,2
eat,2
sunny,1
modified,2
edged,2
trumps,1
compel,7
items,1
advances,12
beckon,1
dizzying,1
modernize,1
tether,1
incomparable,1
situationally,1
develops,2
versatile,1
humanities,2
obligation,3
historian,2
lightest,1
deepened,1
anchored,8
man's,3
mindsets,2
destructiveness,1
raw,4
others’,2
landmark,3
reverberate,4
attempting,4
society's,4
difficulties,3
chest,1
planted,1
disarmament,1
arguing,1
signal,1
orchestrating,1
name,3
fire,2
epitomizes,1
(and,1
darker),1
sugar,2
coating,2
utmost,5
bomb's,7
paradox,1
disastrous,1
depict,2
promoted,1
repeat,2
generosity,1
voiced,1
previously,4
overload,1
bioethics,1
stretches,3
sizes,2
paint,4
strengthened,1
teamed,1
beckons,2
budding,4
negatively,1
provoked,2
supplies,2
hardship,1
adopting,3
usage,1
hinge,1
curricula,1
stack,1
peril,1
forthcoming,2
irreversible,1
application,2
charms,3
brightest,1
rising,1
fearless,2
memorizing,1
disagreement,3
oppressive,1
conceding,3
directing,3
prevail,2
reshape,4
accustomed,2
simplifying,1
foregrounding,1
makers,8
targeted,2
ingenuity,8
director,3
reckoning,1
ruminations,1
inability,1
grander,1
intricately,3
architects,1
ripples,1
complicates,1
circles,3
hones,2
accompanied,9
exemplary,1
delaying,1
minimize,2
favored,2
warmheartedness,1
elusive,2
antidote,1
sharpens,2
fantastically,1
techniques,4
substitute,2
warranted,1
absorbing,2
inch,1
tricky,2
tossed,1
ensue,2
intentioned,1
tuning,1
justifications,1
exact,2
polar,1
opposites,1
wayside,1
allegory,1
tasked,5
pioneering,3
inspirations,3
eduacate,1
unforeseen,5
resolved,3
flickering,1
legitimately,1
modeling,1
sufficiently,75
afford,5
maintained,6
told,4
stewards,1
echoed,3
prime,3
bypass,1
pains,1
foregoing,1
count,2
bookends,1
edified,1
wielding,2
stretching,1
crisis,4
chaotic,2
magnitude,3
absolute,2
wake,4
cheers,1
introductory,4
cinematographic,2
proponent,2
hesitance,3
dealt,2
whose,9
contextualizes,1
backstage,1
frequently,1
decorations,6
perceptive,1
haunting,2
scientifically,1
incites,2
guidelines,1
steers,2
greatness,4
unsure,1
obviously,1
prestigious,1
unaware,1
tilts,2
favorably,1
waiting,4
doorstep,1
cathartic,2
wishes,8
administration,3
leverages,1
realistic,2
dire,3
execute,2
rolls,1
filmmaker,1
known,3
regrets,1
describing,1
labyrinth,1
filmmakers,2
intergenerational,1
listens,1
attentively,1
parents’,1
divergent,4
oversimplify,3
silver,1
lining,1
philosophies,2
diverging,2
composed,1
unflinching,2
caregivers,1
cornerstone,4
neglect,5
complimenting,1
standard,1
strip,1
scaffolding,1
patriotism,2
finer,1
triggers,1
reflectively,3
agents,1
merry,1
degree,1
almost,3
narrowing,3
danger,1
neither,5
proposal’s,1
authority,2
unravels,1
dreary,1
completion,1
humble,1
crossroad,1
instinctively,1
narrative's,1
easiest,1
referred,1
personable,1
theatrical,1
equitably,1
forged,2
preliminary,4
narrowly,1
era's,1
pivots,1
speeches,2
ballot,1
anonymously,1
chances,2
knack,1
drafted,4
creator,2
decompress,2
intentionality,1
beat,1
sugarcoated,1
comparatively,1
hallmarks,1
backbone,1
dedicating,3
attraction,1
opener,5
mitigate,1
attached,2
prelude,4
backseat,3
lightning,1
speed,3
attempts,3
elaborating,1
cohesively,1
frustrating,1
reset,1
handled,2
heroes,1
enormously,2
creations,2
governments,2
proper,2
arrives,1
entice,2
web,1
trend,1
footprints,1
humour,1
warming,1
discovered,2
rates,1
fragility,1
extended,2
victory,1
soliciting,1
old,4
treated,1
lightly,2
unimaginable,3
depend,2
attributing,1
obligations,1
redefined,1
international,2
relations,2
lovable,1
skim,3
zones,3
abilities,2
opposite,2
blocks,1
victories,1
dominated,2
unquestionably,1
cheerfulness,2
actionable,2
contagious,9
redefinition,1
precede,2
relieving,1
thrill,1
employed,2
lightening,2
clarifying,1
expertise,2
someday,2
vigor,1
borrow,1
immersing,4
protests,1
price,3
exhilarating,3
unrivaled,2
explanation,1
forever,3
surprising,1
keys,1
anyway,1
pinpoint,1
interconnect,2
written,4
interconnections,1
showed,2
hardships,1
confer,1
underselling,2
ambiguous,3
torn,2
trump,1
deviate,1
concrete,7
stride,1
market,1
multimedia,1
developments,2
reliant,1
devotion,2
negative,2
sorted,2
skirt,1
audience’s,1
inclinations,1
expertly,1
fodder,1
uniform,1
namely,2
affected,1
oversimplifying,8
bubbling,1
sidestepping,2
undercut,1
psyche,2
bears,1
portrayals,3
overlap,3
shorter,2
tailoring,2
fewer,1
sad,1
barking,1
trees,1
rippling,1
poppy,1
softened,1
correspond,1
scarcely,1
imagined,1
bore,1
passively,2
refined,2
factoring,1
simplifies,2
personalized,1
organization,1
pieces,3
patterns,1
affecting,1
dark,5
highs,1
lows,1
posit,3
pragmatic,1
distributed,2
irrevocably,1
altered,1
scheduled,4
circulate,1
winding,1
seat,1
roughly,1
taste,1
nail,1
scrutinizes,1
university,2
diverges,2
accentuates,1
hash,1
generous,2
devastating,2
admittedly,2
intermission,1
ironically,1
improving,1
centralizes,1
superiority,1
preserved,1
formulate,4
mastery,1
trade,1
offs,1
pin,1
ai,1
shun,1
evaluating,4
returning,1
grandeur,1
toe,2
actions–not,1
fortify,1
tip,3
scales,4
subtleties,1
absence,1
weekend,1
sits,1
fruits,1
elder,2
representatives,2
none,2
candidly,2
textures,1
graduates’,1
invariably,1
limiting,4
terrain,1
tomorrow's,2
exploratory,1
failing,1
payoffs,1
conclusions,1
enact,1
backing,1
cinephiles,1
bookend,1
ambiance,1
skimming,3
legitimate,1
interwoven,1
gradually,1
particulars,1
tangibly,1
equivalents,1
third,1
propelled,1
gut,1
carved,2
bid,1
nourishment,2
escapades,1
construct,2
plane,1
notch,1
request,1
mapped,1
assemble,2
sketch,1
evoked,2
skirts,1
resolutions,1
caring,4
narrative’s,1
sharply,1
surprised,1
unearth,1
unpredictability,1
bar,2
standpoints,1
joseph,1
theming,1
unveil,1
transparently,1
government,1
virtue,1
translating,1
facilitator,2
triggered,1
mitigates,1
swaying,1
comparable,2
examinations,1
prevalence,1
artificial,1
agrees,1
moonlight,1
nation,1
sum,1
hollywood,1
heaviest,1
fashioned,1
curriculums,1
astounding,2
treating,1
resource,5
tolerance,1
transpired,1
software,1
ceremony,1
reel,1
determined,1
glaringly,1
shiny,1
endings,1
purposeful,3
optimizing,1
opportune,1
replicate,1
fortunate,1
wielded,1
dilution,1
riddled,2
association,1
mistake,1
repeats,1
characterized,1
awakening,1
sneak,2
peek,1
dangerous,1
confrontation,1
breezing,1
associate,2
flicker,1
compiling,1
winds,1
honorable,1
brushed,1
persuading,1
investigation,2
heritage,1
candidate,2
window,2
mounting,1
surveys,2
ephemeral,1
melded,1
parlaying,1
submitting,1
scaring,1
participated,1
differentiate,1
script,1
strategically,1
bridged,1
cherry,1
letters,1
revisited,1
supply,1
donations,1
volunteers,1
space/layout,1
tech,2
av,1
assigned,2
accentuate,1
attempted,1
vein,4
indicate,2
transient,1
ranges,1
forgotten,2
jumpstart,1
contextualizing,1
(2,2
hours),3
(20,3
30,3
(1.5,1
refresh,1
cushioning,1
fueled,1
yields,1
behold,1
sheltered,1
flyer,2
pique,2
humankind,1
amalgamation,1
unchanged,2
giggles,1
eloquence,2
constructing,1
–can,1
black,2
white,2
senses,1
amicably,1
warts,1
undercurrent,1
interrelate,1
optimally,1
interacts,1
boards,2
improvements,1
informational,2
pm,2
undersell,1
obligated,1
loom,2
waver,2
non,3
paternalistic,1
edginess,1
catholic,1
guarantees,1
removing,1
‘barbie’,1
traction,1
supporters,1
ushers,1
solidly,1
redemption,1
recovery,1
upholding,2
ambitious,1
consuming,1
untapped,1
layering,2
connectivity,1
diluted,2
unyielding,1
indepth,1
hatchery,1
concordance,1
pilot,1
cautious,1
trendy,1
unfiltered,1
flank,1
judgement,1
described,1
occupy,1
ensured,14
designing,1
originating,2
producing,1
unwilling,2
enchantment,1
execution,1
interrogating,1
filtered,1
messy,1
agonizing,1
reaping,1
replicable,1
elegant,2
recounts,1
translated,1
regrettably,1
grey,1
reverberating,1
earning,1
concentrate,2
hesitated,1
requisite,1
cavernous,1
validate,1
dignity,1
pushed,1
underprepared,1
displays,2
discerning,1
priceless,1
wondrous,1
ingenuity's,1
watering,1
breakneck,2
arduous,1
thematically,2
sober,1
examined,2
grant,1
stressing,1
ventures,1
pillars,1
kindling,1
instruments,1
branches,1
spearheading,1
tall,2
undergoing,1
shied,1
reminisce,1
removes,1
alter,4
savvy,1
worldwide,1
lesser,1
precursor,1
graduation's,1
thereof,1
nestle,1
spawn,1
bearer,1
laced,1
dwindle,1
unpacked,1
rushes,1
assured,1
converge,1
parting,1
bed,1
roses,1
productively,1
room's,1
glossed,1
digitally,1
incentivize,1
incentive,1
card,1
swag,1
modifications,2
slight,1
piques,1
google,1
collaborated,1
shoot,1
passing,1
advisors,1
everywhere,1
discounting,2
upheaval,2
stewardship,2
credentials,1
honed,1
collide,2
recounting,2
oppositional,1
relevances,1
peeks,1
adore,1
competitions,1
outfits,1
terrifying,1
prices,1
niche,1
uphill,1
battle,1
adeptly,1
protective,1
exchanged,1
tastes,1
stirred,1
capitalized,1
comprehension,2
synthesizing,1
edging,1
stray,1
mustn’t,1
activated,1
diametric,1
indicates,1
(options,7
equally),2
both),2
preference),2
(open,5
ended),5
(yes/no),2
important),1
homeroom,1
maximum,1
multiplicity,1
pep,1
entirety,2
cherishing,1
grief,1
miniseries,1
friday,1
arena,1
subjective,1
stronghold,1
sun,1
negotiable,2
coincides,1
lingers,1
appearing,1
technologies,2
veer,1
rollercoaster,1
sensitivity,1
weed,1
thorns,1
blossoms,1
compounded,1
individuals’,1
water,1
cut,1
formidable,2
fruit,1
gratification,3
heartedly,1
splendidly,1
prepping,1
firestarter,1
bloomed,1
coalition,1
happened,1
maturely,1
costumes,1
inquisitiveness,1
furnish,2
disparity,1
hype,1
wisest,1
accelerate,1
instinct,2
definite,1
acquiesce,1
dichotomies,1
pulled,1
instigated,1
member,2
cents,1
sunshine,1
rainbows,1
arose,2
plot,1
exhilarated,1
richest,1
jointly,1
distills,1
content's,1
equation,1
chaos,1
stimulus,1
closed,1
shadowed,1
lofty,1
empowerments,1
fluffy,1
carefree,3
requirement,2
lunch,1
defaulting,1
administer,1
readies,1
mediums,1
emergently,1
implication,1
quirky,2
advisory,1
titles,1
overviews,7
snack,1
decor,1
classy,1
exposes,1
macro,1
endless,1
juggernaut,1
paints,1
separating,1
waned,1
synthesizes,1
reconciles,1
reinvigorates,1
granting,1
worse,3
joviality,1
respectfulness,1
incorporation,1
antithetical,1
pool,2
hurrah,1
march,1
downs,1
dragging,2
(select,1
apply),1
sign,1
approving,1
disconnection,2
late,1
radiance,1
vessel,1
parcel,1
eventual,1
schedules,1
enthused,1
employs,2
repeating,1
behave,1
motives,1
heights,1
activists,1
detrimental,1
believes,2
peeling,1
gave,1
economic,1
treatment,1
receiving,1
ideological,1
situated,1
enforce,1
entrusting,1
stature,1
corresponding,1
pensive,1
geopolitical,1
profession,1
shut,1
reassessment,1
gritty,1
infinite,1
dilemma,2
wary,1
catalyzes,1
hour,1
burnout,1
truthfulness,1
shade,1
armor,1
eliminate,1
reimagine,1
renewal,1
fade,1
privileges,1
concentrating,1
networks,1
pouring,1
oversight,2
gains,1
shelter,1
operating,1
priming,1
characterize,1
hilarity,1
stones,1
classical,1
propositions,1
correlates,1
lifesaving,1
paved,1
operate,1
steepens,1
breathtakingly,1
plunges,1
artworks,1
beings,1
companionship,1
complacency,1
’s,1
fragile,1
reject,1
prescriptive,1
supplemented,2
meeting's,1
headway,1
translates,1
record,1
diversion,1
notable,1
imaginatively,1
sprinkled,1
revitalizes,1
imposed,1
parameters,1
pointing,1
relay,1
rock,1
legitimacy,1
sequence,1
season,1
assuming,1
regards,1
book,1
situational,1
revelation,1
(as,1
(illustrated,1
frank,1
boosters,1
magnify,1
tended,1
avoids,1
spurring,1
wished,1
drawbacks,1
bustling,1
informing,1
scholars,2
redirect,1
forgoing,1
bill,1
teeming,1
conundrums,1
elevated,2
snapshot,1
mired,1
tearing,2
introspecting,1
concordant,1
synergize,1
pigeonhole,1
womanhood,1
overlaps,1
oncoming,1
freshest,1
artfulness,1
moment's,1
polemics,1
hastily,1
musical,1
amicable,1
strategizing,1
elevances,1
pivoted,1
frolics,1
beg,1
peel,1
control,1
fellowship,1
membership,1
counted,1
contemporaries,1
capstone,1
behaviors,1
narrates,1
iterate,1
spontaneity,1
comparative,2
methodologies,1
instructive,1
year's,1
probing,1
commercial,1
portray,1
squared,1
fighting,1
isolation,1
refreshment,1
shoulder,1
destination,1
monitor,1
suspect,1
reflexivity,1
cloud,1
resiliency,1
deem,1
individualized,1
downplayed,1
tilt,1
exhilaration,1
generationally,1
imbued,1
score,1
congruent,1
unpredictabilities,1
stop,1
prospects,1
biography,1
developer,1
haunt,1
unexamined,1
labeling,1
custodians,1
jumps,1
technique,1
riffing,1
compromised,1
collegial,1
anecdote,1
refer,1
clarifications,1
tuned,1
sentences,3
wording,1
absorbed,1
maturation,1
expecting,1
asset,1
wind,1
tensions,1
interspersing,1
quartered,1
dramatically,1
vivacity,1
faculties,1
‘light,1
hearted’,1
iighlighting,1
blooms,1
increasing,1
stifled,1
troubled,1
tending,1
sturdy,1
unshaken,1
booklet,1
assists,1
saturdays,1
offline,1
stakeholders,1
observations,1
counting,1
inputs,1
public's,1
validates,1
drab,1
dilutes,1
aimlessly,1
prolong,1
glorifies,1
